"N","lambda_bar","D","cv","cap","compliance","decay","phi","trigger_link","trigger_mode","model","beta1","beta_l2","beta_cross","grid","power","mcse_power","power_all","type_s","type_m","bias","rel_bias","emp_se","rmse","coverage","ci_width","conv_rate","R_converged","R_total","mean_n","sd_n","below_k","master_seed","R_requested"
20,1,3,0,Inf,0.75,0,0.3,0,"fixed",1,0.2,0.6,0.1,"fixed_1",0.0708215297450425,0.0136535274597895,0.025,0.137931034482759,2.22223366516644,-0.303323717151702,-0.505539528586169,0.566176762624512,0.641602145346071,0.895184135977337,2.21228232877144,0.353,353,1000,2.24775,0.740859996334419,1,20260709,1000
40,1,3,0,Inf,0.75,0,0.3,0,"fixed",1,0.2,0.6,0.1,"fixed_1",0.115044247787611,0.0212245755076633,0.026,0,1.43790854627863,-0.326569054551199,-0.544281757585332,0.360473148607157,0.485811978612221,0.84070796460177,1.45883253060273,0.226,226,1000,2.245075,0.752797953238016,1,20260709,1000
60,1,3,0,Inf,0.75,0,0.3,0,"fixed",1,0.2,0.6,0.1,"fixed_1",0.125,0.0249288761005458,0.022,0,1.19326195440792,-0.37096807081678,-0.618280118027967,0.299647994321591,0.476336084865977,0.721590909090909,1.13450949208938,0.176,176,1000,2.24531666666667,0.749888612170842,1,20260709,1000
90,1,3,0,Inf,0.75,0,0.3,0,"fixed",1,0.2,0.6,0.1,"fixed_1",0.209677419354839,0.0365567167791866,0.026,0,0.916654487302336,-0.325810971852042,-0.54301828642007,0.210595316466933,0.387486144633749,0.725806451612903,0.909787551062588,0.124,124,1000,2.25403333333333,0.750651592529167,1,20260709,1000
120,1,3,0,Inf,0.75,0,0.3,0,"fixed",1,0.2,0.6,0.1,"fixed_1",0.295774647887324,0.0541635506505695,0.021,0,0.834262098398242,-0.329412059353418,-0.549020098922364,0.18528300497536,0.377304358024028,0.647887323943662,0.792133541687079,0.071,71,1000,2.25089166666667,0.748428852553039,1,20260709,1000
150,1,3,0,Inf,0.75,0,0.3,0,"fixed",1,0.2,0.6,0.1,"fixed_1",0.387755102040816,0.0696054599785033,0.019,0,0.744023645879253,-0.326690425457937,-0.544484042429895,0.172094313225738,0.368427291781724,0.489795918367347,0.701239611306317,0.049,49,1000,2.24804,0.749787765812298,1,20260709,1000
20,2,3,0,Inf,0.75,0,0.3,0,"fixed",1,0.2,0.6,0.1,"fixed_1",0.180327868852459,0.0220141332074952,0.055,0,2.16603599415331,-0.0531247204093028,-0.0885412006821714,0.537610339312066,0.539350989900337,0.911475409836066,1.89051358514657,0.305,305,1000,4.5026,1.04055865780974,1,20260709,1000
40,2,3,0,Inf,0.75,0,0.3,0,"fixed",1,0.2,0.6,0.1,"fixed_1",0.352272727272727,0.0509206884295838,0.031,0,1.41809541963067,-0.130412263996955,-0.217353773328259,0.384657862264726,0.404088662273339,0.795454545454545,1.14024465327155,0.088,88,1000,4.4988,1.05498707738303,1,20260709,1000
60,2,3,0,Inf,0.75,0,0.3,0,"fixed",1,0.2,0.6,0.1,"fixed_1",0.487179487179487,0.0800377530231858,0.019,0,1.23479705772741,-0.110287090409144,-0.183811817348573,0.357851203934021,0.370050268521923,0.743589743589744,0.899074113917548,0.039,39,1000,4.5021,1.05592171564926,1,20260709,1000
90,2,3,0,Inf,0.75,0,0.3,0,"fixed",1,0.2,0.6,0.1,"fixed_1",0.714285714285714,0.170746944190628,0.005,0,0.776248836970907,-0.185810658234301,-0.309684430390502,0.188502184229501,0.254916693885335,0.714285714285714,0.65786759835339,0.007,7,1000,4.50842222222222,1.06037953542781,1,20260709,1000
120,2,3,0,Inf,0.75,0,0.3,0,"fixed",1,0.2,0.6,0.1,"fixed_1",NA,NA,0,NA,NA,NA,NA,NA,NA,NA,NA,0,0,1000,4.50220833333333,1.0556114917593,1,20260709,1000
150,2,3,0,Inf,0.75,0,0.3,0,"fixed",1,0.2,0.6,0.1,"fixed_1",NA,NA,0,NA,NA,NA,NA,NA,NA,NA,NA,0,0,1000,4.49861333333333,1.062143726215,1,20260709,1000
20,3,3,0,Inf,0.75,0,0.3,0,"fixed",1,0.2,0.6,0.1,"fixed_1",0.245786516853933,0.0161356392906653,0.175,0,2.04754845329298,0.0219199475885543,0.0365332459809239,0.516875138233183,0.516976951164396,0.929775280898876,1.92210241249426,0.712,712,1000,6.73755,1.29025021981619,1,20260709,1000
40,3,3,0,Inf,0.75,0,0.3,0,"fixed",1,0.2,0.6,0.1,"fixed_1",0.435804701627486,0.0210861902850121,0.241,0.00413223140495868,1.47785871413256,-0.0305300476655489,-0.0508834127759148,0.373886735709189,0.374794060524999,0.909584086799277,1.30012916233424,0.553,553,1000,6.748375,1.29651945630645,1,20260709,1000
60,3,3,0,Inf,0.75,0,0.3,0,"fixed",1,0.2,0.6,0.1,"fixed_1",0.601351351351351,0.0232363446084811,0.267,0,1.25238962175202,-0.0125691173119254,-0.0209485288532091,0.268508025834349,0.268499838003604,0.941441441441441,1.05570011384205,0.444,444,1000,6.74521666666667,1.29621256884641,1,20260709,1000
90,3,3,0,Inf,0.75,0,0.3,0,"fixed",1,0.2,0.6,0.1,"fixed_1",0.704545454545455,0.0243180369965565,0.248,0,1.10113754785624,-0.0457886895185341,-0.0763144825308902,0.230972952978214,0.235145807622502,0.9375,0.850535415480655,0.352,352,1000,6.75282222222222,1.29627362044858,1,20260709,1000
120,3,3,0,Inf,0.75,0,0.3,0,"fixed",1,0.2,0.6,0.1,"fixed_1",0.817567567567568,0.0224474491439826,0.242,0,1.00830297066416,-0.0579425282936952,-0.096570880489492,0.205907483077827,0.213569642159843,0.908783783783784,0.732241647905532,0.296,296,1000,6.74449166666667,1.29673659558951,1,20260709,1000
150,3,3,0,Inf,0.75,0,0.3,0,"fixed",1,0.2,0.6,0.1,"fixed_1",0.917293233082707,0.0168882169208177,0.244,0,0.983327243130464,-0.0378706849291304,-0.0631178082152173,0.177135895508558,0.180813039176613,0.928571428571429,0.654404744915564,0.266,266,1000,6.74843333333333,1.29294588237968,1,20260709,1000
20,5,3,0,Inf,0.75,0,0.3,0,"fixed",1,0.2,0.6,0.1,"fixed_1",0.25250501002004,0.0137522535932335,0.252,0.00395256916996047,1.88923914033709,0.0100132924632077,0.0166888207720128,0.470455318228886,0.470326164194431,0.94188376753507,1.85810164570312,0.998,998,1000,11.24795,1.64933381372765,0.1496,20260709,1000
40,5,3,0,Inf,0.75,0,0.3,0,"fixed",1,0.2,0.6,0.1,"fixed_1",0.426,0.0156372631876553,0.426,0,1.49568126048077,-0.000776303263704148,-0.00129383877284025,0.332305453082031,0.332140166015288,0.949,1.2950179213401,1,1000,1000,11.2472,1.6701732368561,0.148975,20260709,1000
60,5,3,0,Inf,0.75,0,0.3,0,"fixed",1,0.2,0.6,0.1,"fixed_1",0.584,0.0155866609637857,0.584,0,1.25952818958313,-0.0178015782487068,-0.0296692970811779,0.271355577610586,0.271803443390659,0.943,1.04796248365601,1,1000,1000,11.2557833333333,1.66800003327887,0.147733333333333,20260709,1000
90,5,3,0,Inf,0.75,0,0.3,0,"fixed",1,0.2,0.6,0.1,"fixed_1",0.776,0.0131842330076497,0.776,0,1.1207070126096,-0.0113955706650416,-0.0189926177750693,0.218537494980622,0.218725254843777,0.953,0.847567829909865,1,1000,1000,11.2460555555556,1.67886174014968,0.149544444444444,20260709,1000
120,5,3,0,Inf,0.75,0,0.3,0,"fixed",1,0.2,0.6,0.1,"fixed_1",0.889,0.00993373041711924,0.889,0,1.03463798358637,-0.0174071432143498,-0.0290119053572496,0.181152957694837,0.181897186131042,0.949,0.732986831397618,1,1000,1000,11.25445,1.67660853446661,0.148991666666667,20260709,1000
150,5,3,0,Inf,0.75,0,0.3,0,"fixed",1,0.2,0.6,0.1,"fixed_1",0.945,0.00720936890441875,0.945,0,1.00010801298664,-0.0181873358966829,-0.0303122264944714,0.164304674387144,0.16522653898953,0.961,0.656156581353502,1,1000,1000,11.2536933333333,1.67805753023179,0.14868,20260709,1000
20,8,3,0,Inf,0.75,0,0.3,0,"fixed",1,0.2,0.6,0.1,"fixed_1",0.307,0.014585986425333,0.307,0,1.88214491040252,0.0321653415147513,0.0536089025245854,0.470612508291545,0.471475626116832,0.931,1.80714555166628,1,1000,1000,18.00165,2.07840825430657,4.99999999999993e-05,20260709,1000
40,8,3,0,Inf,0.75,0,0.3,0,"fixed",1,0.2,0.6,0.1,"fixed_1",0.457,0.0157528092732693,0.457,0,1.44454033961158,-0.00369534484931944,-0.00615890808219906,0.320538457359816,0.320399458984436,0.948,1.28035314165972,1,1000,1000,17.98965,2.10999048594182,0.00015,20260709,1000
60,8,3,0,Inf,0.75,0,0.3,0,"fixed",1,0.2,0.6,0.1,"fixed_1",0.627,0.0152928414625929,0.627,0,1.25499038036498,0.00107083235080718,0.00178472058467864,0.258894356559972,0.258767092677309,0.955,1.04006061538195,1,1000,1000,18.0026166666667,2.11977712771186,8.33333333333328e-05,20260709,1000
90,8,3,0,Inf,0.75,0,0.3,0,"fixed",1,0.2,0.6,0.1,"fixed_1",0.808,0.0124553602918583,0.808,0,1.12729540538752,0.00256682938156894,0.00427804896928156,0.216848186314213,0.216754933934455,0.942,0.84664810986672,1,1000,1000,18.0095333333333,2.11569076415045,1e-04,20260709,1000
120,8,3,0,Inf,0.75,0,0.3,0,"fixed",1,0.2,0.6,0.1,"fixed_1",0.905,0.00927227048785787,0.905,0,1.05596193572065,0.000800667845104797,0.00133444640850799,0.179078510243793,0.178990739389789,0.961,0.733206940378868,1,1000,1000,17.9911083333333,2.11663827236824,0.000116666666666667,20260709,1000
150,8,3,0,Inf,0.75,0,0.3,0,"fixed",1,0.2,0.6,0.1,"fixed_1",0.951,0.00682634602111555,0.951,0,1.02298163626572,-0.00374709921791838,-0.0062451653631973,0.169489679294305,0.16944634958726,0.945,0.654536511874962,1,1000,1000,18.00332,2.1199277248943,0.000146666666666667,20260709,1000
20,1,7,0,Inf,0.75,0,0.3,0,"fixed",1,0.2,0.6,0.1,"fixed_1",0.202970297029703,0.0200107245721988,0.082,0,2.18580223159554,0.00188892496754478,0.0031482082792413,0.522162084685306,0.521518864909383,0.920792079207921,1.94343721335568,0.404,404,1000,5.2516,1.1362482861814,1,20260709,1000
40,1,7,0,Inf,0.75,0,0.3,0,"fixed",1,0.2,0.6,0.1,"fixed_1",0.372222222222222,0.0360302989399333,0.067,0,1.46153152165051,-0.0851597667659642,-0.14193294460994,0.375889084703839,0.384395409655234,0.883333333333333,1.2939980252275,0.18,180,1000,5.25675,1.13554353573428,1,20260709,1000
60,1,7,0,Inf,0.75,0,0.3,0,"fixed",1,0.2,0.6,0.1,"fixed_1",0.597560975609756,0.054154460217418,0.049,0,1.22826024851232,-0.0425839312269946,-0.0709732187116576,0.308667929963104,0.309721457243193,0.902439024390244,1.04250744276151,0.082,82,1000,5.24631666666667,1.13909076268491,1,20260709,1000
90,1,7,0,Inf,0.75,0,0.3,0,"fixed",1,0.2,0.6,0.1,"fixed_1",0.615384615384615,0.0954113342993911,0.016,0,1.24277465462355,-0.0477583327961789,-0.0795972213269649,0.318242030507048,0.315695329432901,0.769230769230769,0.885072910796745,0.026,26,1000,5.24988888888889,1.13973512562436,1,20260709,1000
120,1,7,0,Inf,0.75,0,0.3,0,"fixed",1,0.2,0.6,0.1,"fixed_1",0.857142857142857,0.132260014253222,0.006,0,0.91860130384921,-0.0815724508176179,-0.13595408469603,0.206548587554077,0.207898452976535,0.857142857142857,0.704478546175695,0.007,7,1000,5.25521666666667,1.14167100323793,1,20260709,1000
150,1,7,0,Inf,0.75,0,0.3,0,"fixed",1,0.2,0.6,0.1,"fixed_1",0,0,0,NA,NA,-0.327889851328229,-0.546483085547048,NA,0.327889851328229,0,0.566764532714862,0.001,1,1000,5.24926,1.14327688238569,1,20260709,1000
20,2,7,0,Inf,0.75,0,0.3,0,"fixed",1,0.2,0.6,0.1,"fixed_1",0.226907630522088,0.013271211623842,0.226,0.00440528634361234,1.95569573261286,-0.0214047587883091,-0.0356745979805151,0.478060871871108,0.478300011369001,0.932730923694779,1.85589325842104,0.996,996,1000,10.51235,1.59737793987299,0.25475,20260709,1000
40,2,7,0,Inf,0.75,0,0.3,0,"fixed",1,0.2,0.6,0.1,"fixed_1",0.44188376753507,0.0157199471054479,0.441,0,1.46468198603075,-0.01480637520882,-0.0246772920147,0.345762326867534,0.345906091676133,0.94188376753507,1.29453327001767,0.998,998,1000,10.51485,1.60756801510348,0.256675,20260709,1000
60,2,7,0,Inf,0.75,0,0.3,0,"fixed",1,0.2,0.6,0.1,"fixed_1",0.557557557557558,0.015714135726461,0.557,0,1.26772653433915,-0.029610572070925,-0.0493509534515417,0.269646552964666,0.271133302009404,0.93993993993994,1.04649393770202,0.999,999,1000,10.5064666666667,1.61985525850837,0.259,20260709,1000
90,2,7,0,Inf,0.75,0,0.3,0,"fixed",1,0.2,0.6,0.1,"fixed_1",0.749,0.0137112727345057,0.749,0,1.10418003933602,-0.02497957923502,-0.0416326320583667,0.214392206421509,0.215736027438319,0.949,0.84443004041466,1,1000,1000,10.5001,1.61868159001976,0.259933333333333,20260709,1000
120,2,7,0,Inf,0.75,0,0.3,0,"fixed",1,0.2,0.6,0.1,"fixed_1",0.874,0.010493998284734,0.874,0,1.04410606833347,-0.0186288497246171,-0.0310480828743618,0.191800433972171,0.192607510516863,0.953,0.730556321003002,1,1000,1000,10.5029666666667,1.61473698473111,0.256625,20260709,1000
150,2,7,0,Inf,0.75,0,0.3,0,"fixed",1,0.2,0.6,0.1,"fixed_1",0.922,0.00848033018225116,0.922,0,0.9821560842963,-0.0371249027933089,-0.0618748379888482,0.165195169098418,0.169234786190588,0.942,0.650161783334788,1,1000,1000,10.49732,1.61496237277289,0.258193333333333,20260709,1000
20,3,7,0,Inf,0.75,0,0.3,0,"fixed",1,0.2,0.6,0.1,"fixed_1",0.271,0.014055568291606,0.271,0.00367647058823529,1.92283481778692,-0.00648159539366167,-0.0108026589894361,0.478795164038235,0.478599598177998,0.933,1.83937661732455,1,1000,1000,15.7611,1.95730362606294,0.00185,20260709,1000
40,3,7,0,Inf,0.75,0,0.3,0,"fixed",1,0.2,0.6,0.1,"fixed_1",0.439,0.0156932788161047,0.439,0,1.45404302957656,-0.0110007219274946,-0.0183345365458243,0.326357554982383,0.326379779280689,0.945,1.28326667017468,1,1000,1000,15.74955,1.97775242346738,0.001725,20260709,1000
60,3,7,0,Inf,0.75,0,0.3,0,"fixed",1,0.2,0.6,0.1,"fixed_1",0.592,0.0155414285057713,0.592,0,1.28560041721986,-0.00645806023011275,-0.0107634337168546,0.277786419931648,0.277722588827916,0.933,1.04315251740751,1,1000,1000,15.7588333333333,1.9810143582814,0.00206666666666667,20260709,1000
90,3,7,0,Inf,0.75,0,0.3,0,"fixed",1,0.2,0.6,0.1,"fixed_1",0.77,0.0133078923951165,0.77,0,1.12032671477726,-0.0122316718069119,-0.0203861196781865,0.219715173868968,0.219945667531404,0.949,0.84646586790731,1,1000,1000,15.7477111111111,1.9876224506835,0.00196666666666667,20260709,1000
120,3,7,0,Inf,0.75,0,0.3,0,"fixed",1,0.2,0.6,0.1,"fixed_1",0.876,0.0104222838188182,0.876,0,1.05044433226217,-0.0126336274104721,-0.0210560456841202,0.190707715347278,0.191030552011536,0.934,0.734408599669434,1,1000,1000,15.7503416666667,1.97978712624338,0.00163333333333333,20260709,1000
150,3,7,0,Inf,0.75,0,0.3,0,"fixed",1,0.2,0.6,0.1,"fixed_1",0.947,0.00708456067798138,0.947,0,1.01785831098267,-0.0082541430217089,-0.0137569050361815,0.167383704788327,0.167503487131044,0.941,0.656302255354789,1,1000,1000,15.7523866666667,1.97599123186149,0.00172666666666667,20260709,1000
20,5,7,0,Inf,0.75,0,0.3,0,"fixed",1,0.2,0.6,0.1,"fixed_1",0.278,0.0141674274305535,0.278,0.003584229390681,1.89148001066726,0.0151414404757969,0.0252357341263282,0.457425143932978,0.457447032736562,0.928,1.76620799702073,1,1000,1000,26.2732,2.52517586940612,0,20260709,1000
40,5,7,0,Inf,0.75,0,0.3,0,"fixed",1,0.2,0.6,0.1,"fixed_1",0.456,0.0157500476189756,0.456,0,1.43436337105852,-0.00507804661328881,-0.00846341102214802,0.315245314009797,0.315128568927886,0.938,1.26324196352068,1,1000,1000,26.256,2.54649902501916,0,20260709,1000
60,5,7,0,Inf,0.75,0,0.3,0,"fixed",1,0.2,0.6,0.1,"fixed_1",0.598,0.0155047089621186,0.598,0,1.27047744283065,-0.00868615264600947,-0.0144769210766825,0.265558920986371,0.26556819881665,0.95,1.03412966295787,1,1000,1000,26.2511166666667,2.55424557765655,0,20260709,1000
90,5,7,0,Inf,0.75,0,0.3,0,"fixed",1,0.2,0.6,0.1,"fixed_1",0.809,0.0124305671632472,0.809,0,1.13535563827397,0.00773677112949722,0.012894618549162,0.21899010262822,0.219017273317835,0.93,0.841180830123087,1,1000,1000,26.2591444444444,2.55171817147981,0,20260709,1000
120,5,7,0,Inf,0.75,0,0.3,0,"fixed",1,0.2,0.6,0.1,"fixed_1",0.897,0.00961202372032029,0.897,0,1.04646366474103,-0.00942317618578092,-0.0157052936429682,0.185738614762179,0.185884723498698,0.949,0.72835548411688,1,1000,1000,26.2645083333333,2.55318859234003,0,20260709,1000
150,5,7,0,Inf,0.75,0,0.3,0,"fixed",1,0.2,0.6,0.1,"fixed_1",0.944,0.00727076337120113,0.944,0,1.0306094303116,-0.00142615133586321,-0.00237691889310535,0.165905949723643,0.165829108654612,0.948,0.650791862197018,1,1000,1000,26.2438266666667,2.55988888235737,0,20260709,1000
20,8,7,0,Inf,0.75,0,0.3,0,"fixed",1,0.2,0.6,0.1,"fixed_1",0.302,0.0145188153786733,0.302,0.00983606557377049,1.84989972075329,-0.00500693495214521,-0.00834489158690869,0.469110477817857,0.468902596661305,0.934,1.75695653515042,1,1000,1000,42.0082,3.20934719683405,0,20260709,1000
40,8,7,0,Inf,0.75,0,0.3,0,"fixed",1,0.2,0.6,0.1,"fixed_1",0.472,0.0157865765763195,0.472,0,1.45609950337113,0.00617418120415847,0.0102903020069308,0.323692008995352,0.323589030537658,0.941,1.25587880892597,1,1000,1000,41.984225,3.22190006429743,0,20260709,1000
60,8,7,0,Inf,0.75,0,0.3,0,"fixed",1,0.2,0.6,0.1,"fixed_1",0.63,0.0152676127799994,0.63,0,1.24150137430735,-0.0072101751444722,-0.0120169585741203,0.259031629593088,0.259002460162322,0.947,1.01953405145036,1,1000,1000,41.9970833333333,3.23725092382164,0,20260709,1000
90,8,7,0,Inf,0.75,0,0.3,0,"fixed",1,0.2,0.6,0.1,"fixed_1",0.805,0.0125289664378192,0.805,0,1.11636741940941,-0.00114590627841149,-0.00190984379735248,0.208844536593933,0.208743233485228,0.945,0.834464737294114,1,1000,1000,41.9957333333333,3.23038106057541,0,20260709,1000
120,8,7,0,Inf,0.75,0,0.3,0,"fixed",1,0.2,0.6,0.1,"fixed_1",0.923,0.00843036179532053,0.923,0,1.06209004513143,0.0112092959518255,0.0186821599197092,0.179630602325994,0.179890340080959,0.952,0.724192338772498,1,1000,1000,41.9938416666667,3.23500676423006,0,20260709,1000
150,8,7,0,Inf,0.75,0,0.3,0,"fixed",1,0.2,0.6,0.1,"fixed_1",0.952,0.00675988165576884,0.952,0,1.02109703444314,-0.00443531185737656,-0.00739218642896093,0.163604810916744,0.163583127529157,0.955,0.647907505009976,1,1000,1000,41.98872,3.23476030455195,0,20260709,1000
20,1,14,0,Inf,0.75,0,0.3,0,"fixed",1,0.2,0.6,0.1,"fixed_1",0.269809428284855,0.0140572086859938,0.269,0,1.92247292730275,0.0239962608294906,0.039993768049151,0.468057806025529,0.468438035382997,0.950852557673019,1.84248018773823,0.997,997,1000,10.4968,1.59866668703673,0.25905,20260709,1000
40,1,14,0,Inf,0.75,0,0.3,0,"fixed",1,0.2,0.6,0.1,"fixed_1",0.435435435435435,0.0156868573811674,0.435,0,1.4634716270646,-0.0139548267482927,-0.0232580445804879,0.330093990690918,0.330223725322738,0.948948948948949,1.27981724583137,0.999,999,1000,10.5009,1.61038237576279,0.2573,20260709,1000
60,1,14,0,Inf,0.75,0,0.3,0,"fixed",1,0.2,0.6,0.1,"fixed_1",0.591,0.0155473148807117,0.591,0,1.25196125003247,-0.0166184668719038,-0.0276974447865064,0.261266814150776,0.261664405813042,0.957,1.0437079209721,1,1000,1000,10.5133666666667,1.61803620265354,0.256616666666667,20260709,1000
90,1,14,0,Inf,0.75,0,0.3,0,"fixed",1,0.2,0.6,0.1,"fixed_1",0.757,0.0135628536820243,0.757,0,1.11789228565521,-0.0175336488946989,-0.0292227481578315,0.221125468033429,0.221709280328886,0.947,0.847416207668698,1,1000,1000,10.5007,1.61484830576064,0.259622222222222,20260709,1000
120,1,14,0,Inf,0.75,0,0.3,0,"fixed",1,0.2,0.6,0.1,"fixed_1",0.858,0.0110379345894058,0.858,0,1.03019492816437,-0.0300930459472093,-0.0501550765786822,0.190203838278579,0.192475749148273,0.938,0.733136751268268,1,1000,1000,10.5028083333333,1.61111757616648,0.256125,20260709,1000
150,1,14,0,Inf,0.75,0,0.3,0,"fixed",1,0.2,0.6,0.1,"fixed_1",0.931,0.00801492358042171,0.931,0,1.02402837476591,-0.0105268698521566,-0.0175447830869276,0.172145742595427,0.172381372328687,0.939,0.656273050827608,1,1000,1000,10.4975733333333,1.61917826936965,0.259246666666667,20260709,1000
20,2,14,0,Inf,0.75,0,0.3,0,"fixed",1,0.2,0.6,0.1,"fixed_1",0.274,0.0141040419738457,0.274,0,1.9252404679754,0.0233289132294849,0.0388815220491416,0.46538942929262,0.465741314217326,0.939,1.81412748541315,1,1000,1000,20.9852,2.25885591005056,0,20260709,1000
40,2,14,0,Inf,0.75,0,0.3,0,"fixed",1,0.2,0.6,0.1,"fixed_1",0.471,0.0157847711418316,0.471,0,1.45333583388067,0.00685621250195823,0.011427020836597,0.324114805626781,0.324025252826275,0.942,1.26939023799712,1,1000,1000,20.99975,2.28815254693593,0,20260709,1000
60,2,14,0,Inf,0.75,0,0.3,0,"fixed",1,0.2,0.6,0.1,"fixed_1",0.608,0.015438134602341,0.608,0,1.27166770556467,-0.00303070566138619,-0.00505117610231032,0.270924486245955,0.270805949615575,0.934,1.03386626144552,1,1000,1000,21.0080166666667,2.2823929263749,0,20260709,1000
90,2,14,0,Inf,0.75,0,0.3,0,"fixed",1,0.2,0.6,0.1,"fixed_1",0.782,0.0130566458173606,0.782,0,1.12093684253753,-0.00698510144858833,-0.0116418357476472,0.219300006878773,0.219301600920422,0.943,0.842170144745992,1,1000,1000,21.0036333333333,2.28688596952613,0,20260709,1000
120,2,14,0,Inf,0.75,0,0.3,0,"fixed",1,0.2,0.6,0.1,"fixed_1",0.896,0.00965318600255895,0.896,0,1.05342583654297,-0.00336149076639769,-0.00560248461066282,0.184479665038258,0.184418040565417,0.947,0.732094752170021,1,1000,1000,21.0099833333333,2.28291683622077,0,20260709,1000
150,2,14,0,Inf,0.75,0,0.3,0,"fixed",1,0.2,0.6,0.1,"fixed_1",0.942,0.00739161687318817,0.942,0,1.01967690215079,-0.00841132953371859,-0.0140188825561977,0.162467147351,0.162603594237421,0.949,0.654456719486262,1,1000,1000,21.00008,2.28451036292082,0,20260709,1000
20,3,14,0,Inf,0.75,0,0.3,0,"fixed",1,0.2,0.6,0.1,"fixed_1",0.268,0.0140062843038402,0.268,0.0147058823529412,1.9023669612621,-0.00580595008760387,-0.00967658347933979,0.478209024321846,0.478005121445711,0.925,1.77357822628553,1,1000,1000,31.4986,2.75576220530318,0,20260709,1000
40,3,14,0,Inf,0.75,0,0.3,0,"fixed",1,0.2,0.6,0.1,"fixed_1",0.454,0.015744332313566,0.454,0,1.43664105814926,-0.00701364282588512,-0.0116894047098085,0.31565577535073,0.315575856379171,0.949,1.25078263369564,1,1000,1000,31.4851,2.78249187205137,0,20260709,1000
60,3,14,0,Inf,0.75,0,0.3,0,"fixed",1,0.2,0.6,0.1,"fixed_1",0.613,0.015402305022301,0.613,0,1.25117519737625,-0.0113305698657746,-0.0188842831096244,0.262039166310022,0.262153088803573,0.95,1.02757319626922,1,1000,1000,31.49045,2.80535918973464,0,20260709,1000
90,3,14,0,Inf,0.75,0,0.3,0,"fixed",1,0.2,0.6,0.1,"fixed_1",0.798,0.0126962986732354,0.798,0,1.11864826417166,-0.00159092428000862,-0.00265154046668103,0.208993572474198,0.208895107798763,0.954,0.839253248587852,1,1000,1000,31.5127888888889,2.79185073234841,0,20260709,1000
120,3,14,0,Inf,0.75,0,0.3,0,"fixed",1,0.2,0.6,0.1,"fixed_1",0.908,0.00913980306133562,0.908,0,1.06357635531484,0.00443699818229837,0.00739499697049728,0.18706856838271,0.187027649240292,0.938,0.727613060050905,1,1000,1000,31.513375,2.79774031399641,0,20260709,1000
150,3,14,0,Inf,0.75,0,0.3,0,"fixed",1,0.2,0.6,0.1,"fixed_1",0.952,0.00675988165576884,0.952,0,1.02724808516627,-0.000940648886249007,-0.00156774814374835,0.163030589396727,0.162951768711764,0.952,0.650722405425333,1,1000,1000,31.48656,2.8047418791392,0,20260709,1000
20,5,14,0,Inf,0.75,0,0.3,0,"fixed",1,0.2,0.6,0.1,"fixed_1",0.256,0.0138008695378226,0.256,0.00775193798449612,1.87590663250628,-0.0289282962549592,-0.0482138270915986,0.455414411471827,0.456104955261691,0.925,1.76089269665854,1,1000,1000,52.48765,3.59858519482485,0,20260709,1000
40,5,14,0,Inf,0.75,0,0.3,0,"fixed",1,0.2,0.6,0.1,"fixed_1",0.454,0.015744332313566,0.454,0,1.45353922381082,-0.00337656900914862,-0.0056276150152477,0.325332393755939,0.325187217582143,0.936,1.24797957231661,1,1000,1000,52.49015,3.58891702577212,0,20260709,1000
60,5,14,0,Inf,0.75,0,0.3,0,"fixed",1,0.2,0.6,0.1,"fixed_1",0.636,0.0152152555022911,0.636,0,1.25804394040191,0.00457237799495536,0.00762062999159226,0.259144652628852,0.259055402714691,0.944,1.02480857447562,1,1000,1000,52.5028,3.62033117976653,0,20260709,1000
90,5,14,0,Inf,0.75,0,0.3,0,"fixed",1,0.2,0.6,0.1,"fixed_1",0.81,0.0124056438768812,0.81,0,1.13717943284507,0.0102671930122311,0.0171119883537185,0.218661293614104,0.218792970216181,0.941,0.832963137079152,1,1000,1000,52.4947111111111,3.61577007041898,0,20260709,1000
120,5,14,0,Inf,0.75,0,0.3,0,"fixed",1,0.2,0.6,0.1,"fixed_1",0.913,0.00891240708226459,0.913,0,1.05679513597096,0.00196867205648199,0.00328112009413665,0.187025920909814,0.186942750773433,0.95,0.722445999090794,1,1000,1000,52.5024583333333,3.61318523117183,0,20260709,1000
150,5,14,0,Inf,0.75,0,0.3,0,"fixed",1,0.2,0.6,0.1,"fixed_1",0.953,0.00669260786241059,0.953,0,1.02881052336379,0.00031968561863227,0.000532809364387118,0.16236931803827,0.162288427941328,0.952,0.644570639542138,1,1000,1000,52.5105066666667,3.61474684740149,0,20260709,1000
20,8,14,0,Inf,0.75,0,0.3,0,"fixed",1,0.2,0.6,0.1,"fixed_1",0.254,0.0137653187394989,0.254,0.00392156862745098,1.86844615690918,-0.0243885858159386,-0.0406476430265644,0.458883636786841,0.45930210214706,0.927,1.75267533643322,1,1000,1000,84.0063,4.52707055320206,0,20260709,1000
40,8,14,0,Inf,0.75,0,0.3,0,"fixed",1,0.2,0.6,0.1,"fixed_1",0.47,0.0157829021412413,0.47,0,1.41425889810505,-0.00706414885515172,-0.0117735814252529,0.312720917543395,0.312644334821473,0.943,1.23799938939551,1,1000,1000,83.9762,4.54146667783325,0,20260709,1000
60,8,14,0,Inf,0.75,0,0.3,0,"fixed",1,0.2,0.6,0.1,"fixed_1",0.634,0.0152329905140127,0.634,0,1.25060537130234,0.00217632756405461,0.00362721260675769,0.258164454215896,0.258044517354733,0.944,1.02090393983986,1,1000,1000,83.9907833333333,4.57714806258994,0,20260709,1000
90,8,14,0,Inf,0.75,0,0.3,0,"fixed",1,0.2,0.6,0.1,"fixed_1",0.811,0.012380589646701,0.811,0,1.11670424622065,0.0010115249161663,0.00168587486027716,0.206118732812574,0.20601813091789,0.953,0.831646051033687,1,1000,1000,84.0295444444444,4.5812917261528,0,20260709,1000
120,8,14,0,Inf,0.75,0,0.3,0,"fixed",1,0.2,0.6,0.1,"fixed_1",0.902,0.00940191469861325,0.902,0,1.06708199757166,0.00491592359913473,0.00819320599855788,0.185417006892142,0.185389463786992,0.953,0.72152708673263,1,1000,1000,84.0144583333333,4.5794839768167,0,20260709,1000
150,8,14,0,Inf,0.75,0,0.3,0,"fixed",1,0.2,0.6,0.1,"fixed_1",0.945,0.00720936890441875,0.945,0,1.02493273981679,-0.00502228367428614,-0.00837047279047691,0.164755711008363,0.164749880724893,0.947,0.643516012165973,1,1000,1000,84.0034866666667,4.58179387591276,0,20260709,1000
20,1,28,0,Inf,0.75,0,0.3,0,"fixed",1,0.2,0.6,0.1,"fixed_1",0.258,0.0138360398958662,0.258,0,1.93786261516946,-0.00626265133287018,-0.0104377522214503,0.472036557494498,0.471842043380369,0.935,1.81909779683338,1,1000,1000,21.0196,2.24878698018162,0,20260709,1000
40,1,28,0,Inf,0.75,0,0.3,0,"fixed",1,0.2,0.6,0.1,"fixed_1",0.482,0.0158011391994375,0.482,0,1.44276883701117,0.0123754551578376,0.0206257585963959,0.315052089214141,0.315137609608312,0.948,1.27076265184528,1,1000,1000,20.9969,2.28147452603383,0,20260709,1000
60,1,28,0,Inf,0.75,0,0.3,0,"fixed",1,0.2,0.6,0.1,"fixed_1",0.596,0.0155172162451904,0.596,0,1.25693176906796,-0.0131797413482102,-0.0219662355803503,0.261398252625369,0.261599738170982,0.955,1.03491995762153,1,1000,1000,21.0009833333333,2.2708263614821,0,20260709,1000
90,1,28,0,Inf,0.75,0,0.3,0,"fixed",1,0.2,0.6,0.1,"fixed_1",0.793,0.0128121426779442,0.793,0,1.1154888813718,-0.00458229192060255,-0.00763715320100426,0.211756258775665,0.211699952330608,0.964,0.846453624137804,1,1000,1000,20.9887555555556,2.2837886269465,0,20260709,1000
120,1,28,0,Inf,0.75,0,0.3,0,"fixed",1,0.2,0.6,0.1,"fixed_1",0.867,0.0107382959542006,0.867,0,1.07650955558311,-0.00226440668515115,-0.00377401114191859,0.193215822161219,0.193132465207531,0.944,0.73585076903342,1,1000,1000,21.0081833333333,2.28492999120115,8.33333333333338e-06,20260709,1000
150,1,28,0,Inf,0.75,0,0.3,0,"fixed",1,0.2,0.6,0.1,"fixed_1",0.95,0.00689202437604511,0.95,0,1.0420419814327,0.00665729543455429,0.0110954923909238,0.171428266871699,0.171471812886127,0.943,0.655963615684825,1,1000,1000,20.9903466666667,2.29092022579189,0,20260709,1000
20,2,28,0,Inf,0.75,0,0.3,0,"fixed",1,0.2,0.6,0.1,"fixed_1",0.293,0.0143927412260486,0.293,0,1.86927159326194,0.0293411955069373,0.0489019925115621,0.439033761252997,0.439794041149047,0.948,1.77238222690139,1,1000,1000,41.96155,3.21183951258307,0,20260709,1000
40,2,28,0,Inf,0.75,0,0.3,0,"fixed",1,0.2,0.6,0.1,"fixed_1",0.479,0.015797436500901,0.479,0.00208333333333333,1.43303431161435,0.00356647675117661,0.00594412791862768,0.316226559274707,0.316088527647471,0.954,1.25241859706262,1,1000,1000,41.98,3.22029691741344,0,20260709,1000
60,2,28,0,Inf,0.75,0,0.3,0,"fixed",1,0.2,0.6,0.1,"fixed_1",0.641,0.0151696736945789,0.641,0,1.25183771828369,0.00395216772265883,0.00658694620443138,0.25552537645203,0.255428159024506,0.954,1.02742793848274,1,1000,1000,41.9991166666667,3.2400783561993,0,20260709,1000
90,2,28,0,Inf,0.75,0,0.3,0,"fixed",1,0.2,0.6,0.1,"fixed_1",0.805,0.0125289664378192,0.805,0,1.10883086398406,-0.0052413859449022,-0.00873564324150367,0.21203684859648,0.211995607653054,0.947,0.836729019090881,1,1000,1000,41.9903777777778,3.23468360826243,0,20260709,1000
120,2,28,0,Inf,0.75,0,0.3,0,"fixed",1,0.2,0.6,0.1,"fixed_1",0.909,0.00909499862561837,0.909,0,1.06870183985141,0.00837411053553294,0.0139568508925549,0.184423406953471,0.184521290821831,0.948,0.723728430567696,1,1000,1000,42.0147666666667,3.23433908003116,0,20260709,1000
150,2,28,0,Inf,0.75,0,0.3,0,"fixed",1,0.2,0.6,0.1,"fixed_1",0.96,0.00619677335393187,0.96,0,1.01989194764808,-0.00228936541831126,-0.00381560903051877,0.162513128766552,0.162447984593503,0.951,0.647109174750972,1,1000,1000,41.9927933333333,3.23589279887403,0,20260709,1000
20,3,28,0,Inf,0.75,0,0.3,0,"fixed",1,0.2,0.6,0.1,"fixed_1",0.298,0.0144636095080032,0.298,0.00334448160535117,1.88074117034981,0.00828050948612613,0.0138008491435436,0.471575683770572,0.471412567434842,0.929,1.74179292648661,1,1000,1000,63.0089,3.96169951848188,0,20260709,1000
40,3,28,0,Inf,0.75,0,0.3,0,"fixed",1,0.2,0.6,0.1,"fixed_1",0.458,0.0157555069737537,0.458,0,1.45915793550702,-0.00674018942324939,-0.011233649038749,0.33378526535996,0.333686411053116,0.928,1.24421811446811,1,1000,1000,63.0101,3.91585222569379,0,20260709,1000
60,3,28,0,Inf,0.75,0,0.3,0,"fixed",1,0.2,0.6,0.1,"fixed_1",0.661,0.0149692685192029,0.661,0,1.24478198334089,0.00981881109660498,0.0163646851610083,0.252873117056171,0.252937299676669,0.953,1.02195188531964,1,1000,1000,62.9737166666667,3.95556141623094,0,20260709,1000
90,3,28,0,Inf,0.75,0,0.3,0,"fixed",1,0.2,0.6,0.1,"fixed_1",0.799,0.0126727660753286,0.799,0,1.12582714234083,0.00354128875607096,0.00590214792678493,0.212246412904331,0.21216981872316,0.954,0.832668249074558,1,1000,1000,62.9950666666667,3.957212112738,0,20260709,1000
120,3,28,0,Inf,0.75,0,0.3,0,"fixed",1,0.2,0.6,0.1,"fixed_1",0.903,0.00935900635751467,0.903,0,1.05746335005273,-9.96136293810457e-05,-0.000166022715635076,0.183586116046899,0.183494327067775,0.956,0.719769123163939,1,1000,1000,62.9995666666667,3.95442979232819,0,20260709,1000
150,3,28,0,Inf,0.75,0,0.3,0,"fixed",1,0.2,0.6,0.1,"fixed_1",0.961,0.00612200947402077,0.961,0,1.02297544337132,-0.000460529614034866,-0.000767549356724776,0.15830974494785,0.158231240460388,0.956,0.645171325342138,1,1000,1000,63.0115266666667,3.96825198097568,0,20260709,1000
20,5,28,0,Inf,0.75,0,0.3,0,"fixed",1,0.2,0.6,0.1,"fixed_1",0.294,0.0144070815920505,0.294,0.00675675675675676,1.91447305063698,0.0190403907695053,0.0317339846158421,0.469174340748293,0.469326084865559,0.92,1.74684068070431,1,1000,1000,105.02345,5.0296677463254,0,20260709,1000
40,5,28,0,Inf,0.75,0,0.3,0,"fixed",1,0.2,0.6,0.1,"fixed_1",0.509,0.0158088266484265,0.509,0,1.41747561839835,0.00736809242004655,0.0122801540334109,0.31962098240895,0.319546089961333,0.948,1.24029434574675,1,1000,1000,104.98665,5.12719653153122,0,20260709,1000
60,5,28,0,Inf,0.75,0,0.3,0,"fixed",1,0.2,0.6,0.1,"fixed_1",0.661,0.0149692685192029,0.661,0,1.24946636371293,0.0116353526753917,0.0193922544589862,0.257870620471036,0.25800414934085,0.943,1.01192319067309,1,1000,1000,105.03315,5.11443537866972,0,20260709,1000
90,5,28,0,Inf,0.75,0,0.3,0,"fixed",1,0.2,0.6,0.1,"fixed_1",0.8,0.0126491106406735,0.8,0,1.12963785853636,0.00289168800376083,0.00481948000626805,0.215835576570838,0.215747011513632,0.945,0.829559311432724,1,1000,1000,105.004555555556,5.11675794724655,0,20260709,1000
120,5,28,0,Inf,0.75,0,0.3,0,"fixed",1,0.2,0.6,0.1,"fixed_1",0.907,0.00918428004799505,0.907,0,1.05811880509649,0.00252717152810411,0.00421195254684018,0.18243278146172,0.182359054143304,0.956,0.721202145410175,1,1000,1000,105.0104,5.12402168680148,0,20260709,1000
150,5,28,0,Inf,0.75,0,0.3,0,"fixed",1,0.2,0.6,0.1,"fixed_1",0.963,0.00596917079668525,0.963,0,1.0070278130787,-0.00860374022912702,-0.014339567048545,0.15952502036824,0.159677200117281,0.956,0.641811449382004,1,1000,1000,104.996866666667,5.12077422618489,0,20260709,1000
20,8,28,0,Inf,0.75,0,0.3,0,"fixed",1,0.2,0.6,0.1,"fixed_1",0.305,0.0145593612497252,0.305,0,1.85765019123313,0.00905119345294714,0.0150853224215786,0.456565323147105,0.456426737285452,0.921,1.72647034777659,1,1000,1000,168.04365,6.34047778908639,0,20260709,1000
40,8,28,0,Inf,0.75,0,0.3,0,"fixed",1,0.2,0.6,0.1,"fixed_1",0.484,0.0158032907965398,0.484,0,1.42079157074706,-0.00335652377600271,-0.00559420629333784,0.31750685522796,0.317365812219103,0.947,1.24122406784107,1,1000,1000,167.994625,6.39700517061299,0,20260709,1000
60,8,28,0,Inf,0.75,0,0.3,0,"fixed",1,0.2,0.6,0.1,"fixed_1",0.659,0.0149906304070242,0.659,0,1.23670463875797,-0.000857128912230221,-0.00142854818705037,0.256631323537769,0.256504407865632,0.947,1.00980668884782,1,1000,1000,168.036683333333,6.44409252506264,0,20260709,1000
90,8,28,0,Inf,0.75,0,0.3,0,"fixed",1,0.2,0.6,0.1,"fixed_1",0.796,0.0127429980773757,0.796,0,1.11804930635684,-0.00463245578950511,-0.00772075964917518,0.221070978135494,0.221008969598639,0.94,0.828143411476188,1,1000,1000,167.994611111111,6.44497999348085,0,20260709,1000
120,8,28,0,Inf,0.75,0,0.3,0,"fixed",1,0.2,0.6,0.1,"fixed_1",0.889,0.00993373041711924,0.889,0,1.06812586120915,0.00035444555702624,0.000590742595043732,0.184728997002621,0.184636949614409,0.949,0.716563621247851,1,1000,1000,167.9946,6.46204252586446,0,20260709,1000
150,8,28,0,Inf,0.75,0,0.3,0,"fixed",1,0.2,0.6,0.1,"fixed_1",0.961,0.00612200947402077,0.961,0,1.0297391158774,0.00406043116252774,0.00676738527087957,0.156702074542049,0.15667632790834,0.961,0.640460481082696,1,1000,1000,167.99666,6.46791646803084,0,20260709,1000
20,1,21,0,Inf,0.75,0,0.3,0,"fixed",1,0.2,0.6,0.1,"fixed_1",0.265,0.0139561814261638,0.265,0.0037593984962406,1.89466565502355,0.00540357989623919,0.00900596649373198,0.46878947353188,0.468586177345745,0.929,1.80853523853491,1,1000,1000,15.74335,1.97505895935751,0.0016,20260709,1000
40,1,21,0,Inf,0.75,0,0.3,0,"fixed",1,0.2,0.6,0.1,"fixed_1",0.431,0.0156601085564564,0.431,0.00231481481481481,1.446835509342,-0.0161652990645458,-0.0269421651075763,0.320670233141815,0.320917257121908,0.964,1.28341545265335,1,1000,1000,15.746475,1.98361844275507,0.001725,20260709,1000
60,1,21,0,Inf,0.75,0,0.3,0,"fixed",1,0.2,0.6,0.1,"fixed_1",0.607,0.015445096309185,0.607,0,1.2602666466097,-0.00802164828508001,-0.0133694138084667,0.262870138593565,0.262861096200341,0.952,1.04567128342841,1,1000,1000,15.7590333333333,1.97411643017978,0.00175,20260709,1000
90,1,21,0,Inf,0.75,0,0.3,0,"fixed",1,0.2,0.6,0.1,"fixed_1",0.806,0.0125045591685593,0.806,0,1.12829001244882,0.00343245893759647,0.00572076489599412,0.219707170037051,0.219624113201357,0.94,0.848901799178583,1,1000,1000,15.7569555555556,1.97800784593808,0.00175555555555556,20260709,1000
120,1,21,0,Inf,0.75,0,0.3,0,"fixed",1,0.2,0.6,0.1,"fixed_1",0.894,0.00973468027209934,0.894,0,1.05053070116217,-0.00558673221275308,-0.00931122035458846,0.185038301733672,0.185030120553897,0.95,0.735837667662663,1,1000,1000,15.7433333333333,1.97519802865969,0.00183333333333333,20260709,1000
150,1,21,0,Inf,0.75,0,0.3,0,"fixed",1,0.2,0.6,0.1,"fixed_1",0.955,0.00655553201502365,0.955,0,1.02585114532184,-0.000985309735443085,-0.00164218289240514,0.167445863398841,0.167365019904067,0.958,0.654629359574587,1,1000,1000,15.7560533333333,1.98132414035484,0.00158666666666667,20260709,1000
20,2,21,0,Inf,0.75,0,0.3,0,"fixed",1,0.2,0.6,0.1,"fixed_1",0.269,0.0140228028582021,0.269,0.00738007380073801,1.84351790508397,-0.0158765336444945,-0.0264608894074908,0.452957084410332,0.453008845959718,0.942,1.78099254651006,1,1000,1000,31.48295,2.78546345606671,0,20260709,1000
40,2,21,0,Inf,0.75,0,0.3,0,"fixed",1,0.2,0.6,0.1,"fixed_1",0.496,0.0158108823283206,0.496,0,1.42308335824739,0.00998513605394624,0.0166418934232437,0.314671899654638,0.314672987353287,0.954,1.254687263879,1,1000,1000,31.5105,2.80096452606177,0,20260709,1000
60,2,21,0,Inf,0.75,0,0.3,0,"fixed",1,0.2,0.6,0.1,"fixed_1",0.63,0.0152676127799994,0.63,0,1.25204591379625,0.00270773941187263,0.00451289901978772,0.254824550671939,0.254711499399327,0.942,1.02683215173309,1,1000,1000,31.5049666666667,2.79797075825692,0,20260709,1000
90,2,21,0,Inf,0.75,0,0.3,0,"fixed",1,0.2,0.6,0.1,"fixed_1",0.812,0.0123554036761249,0.812,0,1.12452090501575,0.00694522090552774,0.0115753681758796,0.204479513958776,0.204495222072828,0.957,0.840704704215435,1,1000,1000,31.4988777777778,2.79317017723024,0,20260709,1000
120,2,21,0,Inf,0.75,0,0.3,0,"fixed",1,0.2,0.6,0.1,"fixed_1",0.902,0.00940191469861325,0.902,0,1.07007571976607,0.0076996431467995,0.0128327385779992,0.184704757124615,0.18477287669392,0.951,0.728162267759738,1,1000,1000,31.4985166666667,2.80312607496272,0,20260709,1000
150,2,21,0,Inf,0.75,0,0.3,0,"fixed",1,0.2,0.6,0.1,"fixed_1",0.943,0.00733150734842434,0.943,0,1.0233451891796,-0.00617064188462391,-0.0102844031410398,0.169616258236505,0.169643691908549,0.949,0.648236122811038,1,1000,1000,31.5126533333333,2.80036485788321,0,20260709,1000
20,3,21,0,Inf,0.75,0,0.3,0,"fixed",1,0.2,0.6,0.1,"fixed_1",0.274,0.0141040419738457,0.274,0.0072463768115942,1.85310183369096,0.00774241154900868,0.0129040192483478,0.44075958110149,0.440607176815156,0.936,1.76265080213307,1,1000,1000,47.23955,3.39144171811898,0,20260709,1000
40,3,21,0,Inf,0.75,0,0.3,0,"fixed",1,0.2,0.6,0.1,"fixed_1",0.464,0.0157703519301251,0.464,0,1.43936620242526,0.00516485677052247,0.00860809461753746,0.308152311203548,0.308041498500849,0.948,1.24623647426061,1,1000,1000,47.26395,3.41781789573914,0,20260709,1000
60,3,21,0,Inf,0.75,0,0.3,0,"fixed",1,0.2,0.6,0.1,"fixed_1",0.63,0.0152676127799994,0.63,0,1.27661934313589,0.00729085704667432,0.0121514284111239,0.265124200065625,0.265091884476783,0.953,1.02182518440237,1,1000,1000,47.2488833333333,3.43677027073544,0,20260709,1000
90,3,21,0,Inf,0.75,0,0.3,0,"fixed",1,0.2,0.6,0.1,"fixed_1",0.785,0.012991343271579,0.785,0,1.12250059284201,-0.00403652979305336,-0.00672754965508893,0.215823242604662,0.215753067067684,0.945,0.833028816229247,1,1000,1000,47.2469333333333,3.42273174559394,0,20260709,1000
120,3,21,0,Inf,0.75,0,0.3,0,"fixed",1,0.2,0.6,0.1,"fixed_1",0.891,0.00985489725973843,0.891,0,1.0564273658667,-0.0039864407779201,-0.00664406796320016,0.182167922508596,0.182120450661595,0.955,0.722661467733744,1,1000,1000,47.2603,3.42530754875507,0,20260709,1000
150,3,21,0,Inf,0.75,0,0.3,0,"fixed",1,0.2,0.6,0.1,"fixed_1",0.954,0.00662449998113065,0.954,0,1.01967635942808,-0.00477269292161142,-0.0079544882026857,0.165022900563758,0.165009405036469,0.949,0.646714415309838,1,1000,1000,47.245,3.43093861873942,0,20260709,1000
20,5,21,0,Inf,0.75,0,0.3,0,"fixed",1,0.2,0.6,0.1,"fixed_1",0.299,0.0144775343204566,0.299,0.00333333333333333,1.88916988753183,0.00692717854323199,0.0115452975720533,0.46685808767319,0.466676015405133,0.926,1.72616041035768,1,1000,1000,78.7868,4.38829084187158,0,20260709,1000
40,5,21,0,Inf,0.75,0,0.3,0,"fixed",1,0.2,0.6,0.1,"fixed_1",0.47,0.0157829021412413,0.47,0,1.44951673099537,0.00129865333822843,0.00216442223038071,0.327099587628456,0.326938576168326,0.938,1.25048771535939,1,1000,1000,78.752975,4.41636122400077,0,20260709,1000
60,5,21,0,Inf,0.75,0,0.3,0,"fixed",1,0.2,0.6,0.1,"fixed_1",0.64,0.0151789327688082,0.64,0,1.26397496538467,0.00420868756725534,0.0070144792787589,0.27223348508123,0.272129881453896,0.929,1.01769323721918,1,1000,1000,78.72135,4.41799382222432,0,20260709,1000
90,5,21,0,Inf,0.75,0,0.3,0,"fixed",1,0.2,0.6,0.1,"fixed_1",0.796,0.0127429980773757,0.796,0,1.11480315826615,-0.0057868008535733,-0.00964466808928884,0.211495979996323,0.211469397476725,0.953,0.832430350343262,1,1000,1000,78.7583,4.41688741608905,0,20260709,1000
120,5,21,0,Inf,0.75,0,0.3,0,"fixed",1,0.2,0.6,0.1,"fixed_1",0.884,0.0101264011376204,0.884,0,1.06281623219872,-0.00535728220146936,-0.0089288036691156,0.194342645350295,0.19431931250016,0.929,0.720139523889692,1,1000,1000,78.7371916666667,4.42670472599276,0,20260709,1000
150,5,21,0,Inf,0.75,0,0.3,0,"fixed",1,0.2,0.6,0.1,"fixed_1",0.958,0.00634318531969546,0.958,0,1.03065856396267,0.00310840364855369,0.00518067274758949,0.166033001996531,0.165979073884241,0.944,0.643352030111059,1,1000,1000,78.7430666666667,4.4259311121435,0,20260709,1000
20,8,21,0,Inf,0.75,0,0.3,0,"fixed",1,0.2,0.6,0.1,"fixed_1",0.31,0.0146253205093085,0.31,0.0158730158730159,1.86739590363866,0.024190764719681,0.0403179411994683,0.471670612289186,0.472054961237017,0.925,1.73940168251743,1,1000,1000,125.96035,5.51543460164514,0,20260709,1000
40,8,21,0,Inf,0.75,0,0.3,0,"fixed",1,0.2,0.6,0.1,"fixed_1",0.502,0.0158112618092295,0.502,0,1.41417179270367,0.00149664661335314,0.00249441102225523,0.31558104537461,0.315426766071963,0.949,1.2331786991697,1,1000,1000,126.005425,5.57448676153077,0,20260709,1000
60,8,21,0,Inf,0.75,0,0.3,0,"fixed",1,0.2,0.6,0.1,"fixed_1",0.62,0.0153492670834799,0.62,0,1.24745727154104,-0.00481125575514385,-0.00801875959190642,0.254969420709364,0.25488731681532,0.953,1.01174844175974,1,1000,1000,126.02345,5.56352579676882,0,20260709,1000
90,8,21,0,Inf,0.75,0,0.3,0,"fixed",1,0.2,0.6,0.1,"fixed_1",0.816,0.0122533260790693,0.816,0,1.10565050574799,-0.00572284795425171,-0.00953807992375285,0.213822033883907,0.213791705406884,0.936,0.825436570780501,1,1000,1000,125.9845,5.60220256290138,0,20260709,1000
120,8,21,0,Inf,0.75,0,0.3,0,"fixed",1,0.2,0.6,0.1,"fixed_1",0.915,0.00881901355027874,0.915,0,1.06581590124749,0.00844116271030904,0.0140686045171817,0.181211371802066,0.181317337662503,0.951,0.71934236669491,1,1000,1000,126.013308333333,5.6099503448311,0,20260709,1000
150,8,21,0,Inf,0.75,0,0.3,0,"fixed",1,0.2,0.6,0.1,"fixed_1",0.956,0.00648567652600714,0.956,0,1.03079327053989,0.00265731477411013,0.00442885795685022,0.169067451096942,0.169003788535065,0.947,0.641330694087834,1,1000,1000,126.000166666667,5.59722463318994,0,20260709,1000
20,4,3,0,Inf,0.75,0,0.3,0,"fixed",1,0.2,0.6,0.1,"fixed_1",0.246632124352332,0.0138760135078576,0.238,0.00833333333333333,1.92895869540255,-0.00284450718929374,-0.00474084531548957,0.486381558660186,0.486137804181336,0.949222797927461,1.87067571600076,0.965,965,1000,9.00675,1.47920972995362,0.60645,20260709,1000
40,4,3,0,Inf,0.75,0,0.3,0,"fixed",1,0.2,0.6,0.1,"fixed_1",0.44478527607362,0.0158904523771427,0.435,0,1.42912332697347,-0.0225151352110602,-0.037525225351767,0.329751205743502,0.330350733530725,0.941717791411043,1.26954896718077,0.978,978,1000,9.00895,1.49024674999896,0.607025,20260709,1000
60,4,3,0,Inf,0.75,0,0.3,0,"fixed",1,0.2,0.6,0.1,"fixed_1",0.580020387359837,0.0157580048621084,0.569,0,1.21815208584262,-0.0380671406612136,-0.0634452344353561,0.26128319612756,0.263909879762979,0.948012232415902,1.03153209927365,0.981,981,1000,8.99851666666667,1.49492089939181,0.6091,20260709,1000
90,4,3,0,Inf,0.75,0,0.3,0,"fixed",1,0.2,0.6,0.1,"fixed_1",0.76219512195122,0.0135720644322159,0.75,0,1.0823973892016,-0.0350756626100734,-0.0584594376834557,0.214456872687362,0.217198786292186,0.936991869918699,0.841186369483982,0.984,984,1000,9.00305555555556,1.49804737822997,0.608022222222222,20260709,1000
120,4,3,0,Inf,0.75,0,0.3,0,"fixed",1,0.2,0.6,0.1,"fixed_1",0.848241206030151,0.0113743104014356,0.844,0,1.03139909649487,-0.033496776800419,-0.0558279613340316,0.190611595094407,0.193438100909521,0.938693467336683,0.722878962191827,0.995,995,1000,9.00353333333333,1.49785611852074,0.608066666666667,20260709,1000
150,4,3,0,Inf,0.75,0,0.3,0,"fixed",1,0.2,0.6,0.1,"fixed_1",0.933933933933934,0.0078589505714634,0.933,0,0.985641903976988,-0.0307827816636224,-0.0513046361060373,0.167192103208298,0.169919974816408,0.93993993993994,0.647256428776985,0.999,999,1000,9.001,1.50024239916533,0.609486666666667,20260709,1000
20,6,3,0,Inf,0.75,0,0.3,0,"fixed",1,0.2,0.6,0.1,"fixed_1",0.272,0.0140718158032288,0.272,0.00366300366300366,1.93104024696382,0.0302483187984109,0.0504138646640182,0.473955917999644,0.474683619671891,0.923,1.81966595751482,1,1000,1000,13.5043,1.81302807220729,0.01795,20260709,1000
40,6,3,0,Inf,0.75,0,0.3,0,"fixed",1,0.2,0.6,0.1,"fixed_1",0.453,0.0157413785927409,0.453,0,1.48354815819183,0.00666023012151673,0.0111003835358612,0.335987253034687,0.335885256349344,0.934,1.29620054518418,1,1000,1000,13.493025,1.82809103363714,0.0193,20260709,1000
60,6,3,0,Inf,0.75,0,0.3,0,"fixed",1,0.2,0.6,0.1,"fixed_1",0.605,0.0154588162548107,0.605,0,1.26295997971502,-0.00833042368253278,-0.013884039470888,0.270606826802219,0.270599746149151,0.942,1.039247156102,1,1000,1000,13.4986,1.83725817687659,0.0201,20260709,1000
90,6,3,0,Inf,0.75,0,0.3,0,"fixed",1,0.2,0.6,0.1,"fixed_1",0.777,0.0131632442809514,0.777,0,1.12349875305479,-0.00658532217884367,-0.0109755369647394,0.215628890634,0.21562163417842,0.942,0.852125342923544,1,1000,1000,13.4921111111111,1.83461215925185,0.0199333333333333,20260709,1000
120,6,3,0,Inf,0.75,0,0.3,0,"fixed",1,0.2,0.6,0.1,"fixed_1",0.875,0.0104582503316759,0.875,0,1.06206744510829,-0.0080845988500069,-0.0134743314166782,0.191773219886422,0.191847730339209,0.945,0.736248254932734,1,1000,1000,13.4966833333333,1.84075302550349,0.0198166666666667,20260709,1000
150,6,3,0,Inf,0.75,0,0.3,0,"fixed",1,0.2,0.6,0.1,"fixed_1",0.931,0.00801492358042171,0.931,0,1.01359569961976,-0.0157640699124403,-0.0262734498540671,0.167452663580714,0.168109666723659,0.942,0.656706961627759,1,1000,1000,13.5065733333333,1.83416893881945,0.0188866666666667,20260709,1000
20,7,3,0,Inf,0.75,0,0.3,0,"fixed",1,0.2,0.6,0.1,"fixed_1",0.277,0.0141517136771488,0.277,0,1.92809209752952,0.0175949188964714,0.0293248648274523,0.47243229935966,0.472523720432902,0.943,1.8162998072274,1,1000,1000,15.76535,1.97230636154273,0.0019,20260709,1000
40,7,3,0,Inf,0.75,0,0.3,0,"fixed",1,0.2,0.6,0.1,"fixed_1",0.434,0.0156730341670016,0.434,0,1.46559200453659,0.0013037642154925,0.00217294035915416,0.319757469074845,0.31960020962329,0.948,1.28644201206621,1,1000,1000,15.7255,1.97842518707179,0.0018,20260709,1000
60,7,3,0,Inf,0.75,0,0.3,0,"fixed",1,0.2,0.6,0.1,"fixed_1",0.593,0.0155354755318271,0.593,0,1.25318371744405,-0.0189856706043094,-0.0316427843405157,0.270321692067831,0.270852725800403,0.941,1.03657959449878,1,1000,1000,15.7586666666667,1.9658960498602,0.00141666666666667,20260709,1000
90,7,3,0,Inf,0.75,0,0.3,0,"fixed",1,0.2,0.6,0.1,"fixed_1",0.79,0.0128802173894698,0.79,0,1.12258740469637,-0.000853898340613779,-0.00142316390102297,0.210361127209351,0.210257654270478,0.959,0.850314476997013,1,1000,1000,15.7530888888889,1.97401188911184,0.00158888888888889,20260709,1000
120,7,3,0,Inf,0.75,0,0.3,0,"fixed",1,0.2,0.6,0.1,"fixed_1",0.879,0.0103130499853341,0.879,0,1.07215278933557,-0.000722817117715047,-0.00120469519619174,0.195570169861246,0.195473696728748,0.945,0.735828974301547,1,1000,1000,15.7530416666667,1.98989778728921,0.00180833333333333,20260709,1000
150,7,3,0,Inf,0.75,0,0.3,0,"fixed",1,0.2,0.6,0.1,"fixed_1",0.947,0.00708456067798138,0.947,0,1.0127358088091,-0.0107973961035598,-0.0179956601725996,0.168389472644545,0.168651247388295,0.949,0.658168411922777,1,1000,1000,15.7600533333333,1.98274086224855,0.00189333333333333,20260709,1000
20,4,7,0,Inf,0.75,0,0.3,0,"fixed",1,0.2,0.6,0.1,"fixed_1",0.253,0.0137473997541353,0.253,0.00393700787401575,1.91202578609007,-0.011259806877596,-0.0187663447959933,0.465536546648174,0.465439937306376,0.925,1.79554078247752,1,1000,1000,21.0197,2.2470161253896,0,20260709,1000
40,4,7,0,Inf,0.75,0,0.3,0,"fixed",1,0.2,0.6,0.1,"fixed_1",0.469,0.0157809695519635,0.469,0,1.44183213347619,0.00879568218462445,0.0146594703077074,0.318498239726635,0.318460439623745,0.952,1.27692215305657,1,1000,1000,20.9856,2.2754896174604,0,20260709,1000
60,4,7,0,Inf,0.75,0,0.3,0,"fixed",1,0.2,0.6,0.1,"fixed_1",0.625,0.0153093108923949,0.625,0,1.26268773000372,-0.00279426219554413,-0.00465710365924021,0.266792021203234,0.266673231683172,0.945,1.03418938663294,1,1000,1000,21.0019333333333,2.28408752094123,0,20260709,1000
90,4,7,0,Inf,0.75,0,0.3,0,"fixed",1,0.2,0.6,0.1,"fixed_1",0.789,0.0129026741414329,0.789,0,1.11839355600904,-0.00621394851000712,-0.0103565808500119,0.218690297001042,0.218669233575477,0.948,0.840474621939769,1,1000,1000,21.0026111111111,2.29145198983379,0,20260709,1000
120,4,7,0,Inf,0.75,0,0.3,0,"fixed",1,0.2,0.6,0.1,"fixed_1",0.903,0.00935900635751467,0.903,0,1.06441155760685,0.00285035624747665,0.00475059374579441,0.187016024926532,0.186944224613866,0.954,0.73218763097064,1,1000,1000,21.0071416666667,2.28950410079029,0,20260709,1000
150,4,7,0,Inf,0.75,0,0.3,0,"fixed",1,0.2,0.6,0.1,"fixed_1",0.944,0.00727076337120113,0.944,0,1.02782601033946,-0.00364065610639974,-0.0060677601773329,0.167743869931289,0.167699499911332,0.95,0.654297217387805,1,1000,1000,20.9931733333333,2.29128887423441,0,20260709,1000
20,6,7,0,Inf,0.75,0,0.3,0,"fixed",1,0.2,0.6,0.1,"fixed_1",0.267,0.0139896747639107,0.267,0,1.91204166813615,-0.00686220223208556,-0.0114370037201426,0.465693539992253,0.465511216338339,0.93,1.77938477588585,1,1000,1000,31.4893,2.76596898902376,0,20260709,1000
40,6,7,0,Inf,0.75,0,0.3,0,"fixed",1,0.2,0.6,0.1,"fixed_1",0.477,0.0157946509932952,0.477,0.00209205020920502,1.45904284848258,0.00711286703927738,0.0118547783987956,0.330203294672219,0.330114789844524,0.936,1.25090888702184,1,1000,1000,31.5012,2.79411419261937,0,20260709,1000
60,6,7,0,Inf,0.75,0,0.3,0,"fixed",1,0.2,0.6,0.1,"fixed_1",0.647,0.0151126106282138,0.647,0,1.25786140067202,0.00326697258295761,0.00544495430492934,0.267849603258286,0.267735577885184,0.952,1.02647918691946,1,1000,1000,31.5078166666667,2.79223411176935,0,20260709,1000
90,6,7,0,Inf,0.75,0,0.3,0,"fixed",1,0.2,0.6,0.1,"fixed_1",0.785,0.012991343271579,0.785,0,1.11267680719907,-0.0125289847352168,-0.0208816412253613,0.215127597061056,0.215384722282576,0.94,0.841038116865438,1,1000,1000,31.4941888888889,2.79579181218869,0,20260709,1000
120,6,7,0,Inf,0.75,0,0.3,0,"fixed",1,0.2,0.6,0.1,"fixed_1",0.897,0.00961202372032029,0.897,0,1.05453461217613,-0.00376759951139782,-0.00627933251899637,0.183545462302242,0.183492350252239,0.95,0.727955937703306,1,1000,1000,31.4937,2.7926004888231,0,20260709,1000
150,6,7,0,Inf,0.75,0,0.3,0,"fixed",1,0.2,0.6,0.1,"fixed_1",0.945,0.00720936890441875,0.945,0,1.02449031018323,-0.00469034550952241,-0.00781724251587068,0.163431619506636,0.163417207482278,0.95,0.651243204420496,1,1000,1000,31.49918,2.7940156031511,0,20260709,1000
20,7,7,0,Inf,0.75,0,0.3,0,"fixed",1,0.2,0.6,0.1,"fixed_1",0.291,0.0143638086871136,0.291,0,1.89166396971729,0.0161105172238766,0.0268508620397943,0.46404454211194,0.464092176719277,0.929,1.77241790716677,1,1000,1000,36.73385,3.01373675957658,0,20260709,1000
40,7,7,0,Inf,0.75,0,0.3,0,"fixed",1,0.2,0.6,0.1,"fixed_1",0.455,0.0157472219772251,0.455,0,1.48285696440934,0.00769008831844575,0.0128168138640763,0.330593000287553,0.330517136568791,0.937,1.25543082595838,1,1000,1000,36.7937,2.99578429383523,0,20260709,1000
60,7,7,0,Inf,0.75,0,0.3,0,"fixed",1,0.2,0.6,0.1,"fixed_1",0.629,0.0152760924322943,0.629,0,1.26944906100549,0.00543687232778189,0.00906145387963649,0.265128756035562,0.26505192623408,0.944,1.02467720205786,1,1000,1000,36.7430833333333,3.00886929907472,0,20260709,1000
90,7,7,0,Inf,0.75,0,0.3,0,"fixed",1,0.2,0.6,0.1,"fixed_1",0.837,0.0116803681448831,0.837,0,1.12727932539907,0.0146611215065663,0.0244352025109438,0.206016270562455,0.206434516291623,0.954,0.835520549789107,1,1000,1000,36.755,3.02415090528236,0,20260709,1000
120,7,7,0,Inf,0.75,0,0.3,0,"fixed",1,0.2,0.6,0.1,"fixed_1",0.903,0.00935900635751467,0.903,0,1.05892870501364,-0.000399587508544852,-0.000665979180908087,0.188202382384513,0.188108682066108,0.947,0.72608618278818,1,1000,1000,36.7541916666667,3.02312174870211,0,20260709,1000
150,7,7,0,Inf,0.75,0,0.3,0,"fixed",1,0.2,0.6,0.1,"fixed_1",0.953,0.00669260786241059,0.953,0,1.04694335948961,0.0112182687150512,0.0186971145250853,0.171610104811978,0.171890743201801,0.935,0.650061149845972,1,1000,1000,36.7754666666667,3.02678657284907,0,20260709,1000
20,4,14,0,Inf,0.75,0,0.3,0,"fixed",1,0.2,0.6,0.1,"fixed_1",0.282,0.0142294061717276,0.282,0.00353356890459364,1.93478540738497,0.0227633695154078,0.0379389491923463,0.460436957887607,0.46076931428677,0.935,1.77129211988638,1,1000,1000,42.04635,3.19345491611765,0,20260709,1000
40,4,14,0,Inf,0.75,0,0.3,0,"fixed",1,0.2,0.6,0.1,"fixed_1",0.448,0.0157256478403912,0.448,0,1.44595707501947,-0.014105034208135,-0.0235083903468917,0.323370855926589,0.323516759600248,0.951,1.24910064347888,1,1000,1000,42.025775,3.2104224504617,0,20260709,1000
60,4,14,0,Inf,0.75,0,0.3,0,"fixed",1,0.2,0.6,0.1,"fixed_1",0.637,0.0152062815967613,0.637,0,1.23677028114101,-0.00530896497473832,-0.0088482749578972,0.253837511645066,0.253766100858534,0.952,1.02017003782672,1,1000,1000,42.0090333333333,3.20715758896829,0,20260709,1000
90,4,14,0,Inf,0.75,0,0.3,0,"fixed",1,0.2,0.6,0.1,"fixed_1",0.791,0.0128576436410409,0.791,0,1.12158917060327,-0.00439660242038975,-0.00732767070064958,0.212729512887962,0.212668572950352,0.951,0.834964822389475,1,1000,1000,42.0002111111111,3.2336492964628,0,20260709,1000
120,4,14,0,Inf,0.75,0,0.3,0,"fixed",1,0.2,0.6,0.1,"fixed_1",0.898,0.00957057991973318,0.898,0,1.05858489068051,-0.00283385107346334,-0.00472308512243891,0.190325447815471,0.190251367989773,0.94,0.722789515373928,1,1000,1000,42.01975,3.22848900388054,0,20260709,1000
150,4,14,0,Inf,0.75,0,0.3,0,"fixed",1,0.2,0.6,0.1,"fixed_1",0.952,0.00675988165576884,0.952,0,1.034268838941,0.00350100900168804,0.0058350150028134,0.169364849156618,0.169316345170052,0.944,0.648224865900071,1,1000,1000,41.99872,3.23639800810241,0,20260709,1000
20,6,14,0,Inf,0.75,0,0.3,0,"fixed",1,0.2,0.6,0.1,"fixed_1",0.277,0.0141517136771488,0.277,0.00359712230215827,1.88935549501376,0.0216015338224861,0.0360025563708101,0.444543527138154,0.44484599001946,0.943,1.75189100347374,1,1000,1000,63.00015,3.89908263543087,0,20260709,1000
40,6,14,0,Inf,0.75,0,0.3,0,"fixed",1,0.2,0.6,0.1,"fixed_1",0.474,0.0157899968334386,0.474,0,1.41327457330015,-0.0060867125923324,-0.0101445209872207,0.310528977576008,0.310433351524394,0.947,1.2465256658032,1,1000,1000,63.01415,3.95591641874058,0,20260709,1000
60,6,14,0,Inf,0.75,0,0.3,0,"fixed",1,0.2,0.6,0.1,"fixed_1",0.607,0.015445096309185,0.607,0,1.25506464091125,-0.010294704483251,-0.0171578408054183,0.261428839843769,0.261500811096552,0.95,1.02338626855761,1,1000,1000,63.01365,3.94219030765051,0,20260709,1000
90,6,14,0,Inf,0.75,0,0.3,0,"fixed",1,0.2,0.6,0.1,"fixed_1",0.788,0.0129250145067617,0.788,0,1.12414571292016,-0.00453184761912451,-0.00755307936520751,0.217549816861437,0.217488235397851,0.942,0.836298701640885,1,1000,1000,63.0128777777778,3.95140764425847,0,20260709,1000
120,6,14,0,Inf,0.75,0,0.3,0,"fixed",1,0.2,0.6,0.1,"fixed_1",0.9,0.00948683298050514,0.9,0,1.04813447124868,-0.00667960945478585,-0.0111326824246431,0.183114805907911,0.18314507444378,0.942,0.724704699181682,1,1000,1000,63.0011083333333,3.96091113670015,0,20260709,1000
150,6,14,0,Inf,0.75,0,0.3,0,"fixed",1,0.2,0.6,0.1,"fixed_1",0.944,0.00727076337120113,0.944,0,1.03266493786707,-0.00119923586424198,-0.00199872644040329,0.170354392985695,0.170273417646365,0.942,0.644024072957387,1,1000,1000,63.0002466666667,3.96626692220246,0,20260709,1000
20,7,14,0,Inf,0.75,0,0.3,0,"fixed",1,0.2,0.6,0.1,"fixed_1",0.278,0.0141674274305535,0.278,0,1.88701069442218,0.00433347972590448,0.00722246620984079,0.453575069518794,0.453368936289005,0.936,1.74571489984189,1,1000,1000,73.4483,4.20579021850433,0,20260709,1000
40,7,14,0,Inf,0.75,0,0.3,0,"fixed",1,0.2,0.6,0.1,"fixed_1",0.451,0.015735278834517,0.451,0,1.43015538394537,-0.0133786093952113,-0.0222976823253522,0.318229573771933,0.31835165894148,0.948,1.2486300260849,1,1000,1000,73.497275,4.25641506426881,0,20260709,1000
60,7,14,0,Inf,0.75,0,0.3,0,"fixed",1,0.2,0.6,0.1,"fixed_1",0.625,0.0153093108923949,0.625,0.00159744408945687,1.24507622728361,-0.00881700400101226,-0.0146950066683538,0.264417640859836,0.264432433087617,0.939,1.01514368731967,1,1000,1000,73.4987333333333,4.27884758219247,0,20260709,1000
90,7,14,0,Inf,0.75,0,0.3,0,"fixed",1,0.2,0.6,0.1,"fixed_1",0.807,0.0124800240384384,0.807,0,1.12391188622169,0.00299486916216107,0.00499144860360179,0.210615208458671,0.210531177048327,0.95,0.83305613415376,1,1000,1000,73.5036888888889,4.27409597749399,0,20260709,1000
120,7,14,0,Inf,0.75,0,0.3,0,"fixed",1,0.2,0.6,0.1,"fixed_1",0.889,0.00993373041711924,0.889,0,1.04941499207748,-0.00969987660453431,-0.0161664610075572,0.186711392499193,0.186869929499216,0.949,0.721723741968605,1,1000,1000,73.4925916666667,4.27285357071879,0,20260709,1000
150,7,14,0,Inf,0.75,0,0.3,0,"fixed",1,0.2,0.6,0.1,"fixed_1",0.959,0.00627048642451286,0.959,0,1.02141842432971,-0.0013378088756788,-0.00222968145946467,0.165946483511135,0.165868884625506,0.944,0.644617856807007,1,1000,1000,73.48816,4.28266960131147,0,20260709,1000
20,4,28,0,Inf,0.75,0,0.3,0,"fixed",1,0.2,0.6,0.1,"fixed_1",0.285,0.0142749781085647,0.285,0.0034965034965035,1.85477837776979,0.000711876429624447,0.00118646071604075,0.449892551716846,0.449668112667839,0.941,1.75647537950356,1,1000,1000,83.97915,4.54853373749623,0,20260709,1000
40,4,28,0,Inf,0.75,0,0.3,0,"fixed",1,0.2,0.6,0.1,"fixed_1",0.457,0.0157528092732693,0.457,0,1.41372583077166,-0.0179563750766042,-0.0299272917943403,0.316431569687703,0.316782639616852,0.95,1.24573687088075,1,1000,1000,83.956175,4.55127864289626,0,20260709,1000
60,4,28,0,Inf,0.75,0,0.3,0,"fixed",1,0.2,0.6,0.1,"fixed_1",0.642,0.0151603430040352,0.642,0,1.26281584455057,0.00555970771150871,0.00926617951918118,0.260038734525348,0.259968139701634,0.95,1.01134309317334,1,1000,1000,83.97585,4.56726825493567,0,20260709,1000
90,4,28,0,Inf,0.75,0,0.3,0,"fixed",1,0.2,0.6,0.1,"fixed_1",0.818,0.0122014753206323,0.818,0,1.11886941693243,0.00602200398011854,0.0100366733001976,0.210487795953459,0.210468695213888,0.955,0.834516835550553,1,1000,1000,83.9817,4.57737559145598,0,20260709,1000
120,4,28,0,Inf,0.75,0,0.3,0,"fixed",1,0.2,0.6,0.1,"fixed_1",0.9,0.00948683298050514,0.9,0,1.06910049403791,0.00448429836397268,0.00747383060662114,0.184502776440825,0.18446501611871,0.95,0.718500606782742,1,1000,1000,84.007125,4.58501336219212,0,20260709,1000
150,4,28,0,Inf,0.75,0,0.3,0,"fixed",1,0.2,0.6,0.1,"fixed_1",0.95,0.00689202437604511,0.95,0,1.02023552656744,-0.00537673011980522,-0.00896121686634203,0.15702173517914,0.15703527858456,0.954,0.644795710879125,1,1000,1000,84.00662,4.57030706094063,0,20260709,1000
20,6,28,0,Inf,0.75,0,0.3,0,"fixed",1,0.2,0.6,0.1,"fixed_1",0.278,0.0141674274305535,0.278,0,1.86190973837876,-0.00813197334420968,-0.0135532889070161,0.460843717916767,0.460685016471641,0.935,1.7469264824688,1,1000,1000,126.05655,5.55052318744595,0,20260709,1000
40,6,28,0,Inf,0.75,0,0.3,0,"fixed",1,0.2,0.6,0.1,"fixed_1",0.465,0.0157726028289563,0.465,0,1.44070396491535,-0.0021592345244732,-0.00359872420745533,0.321509151987304,0.321355611387938,0.932,1.23814448324278,1,1000,1000,125.9867,5.59404765087897,0,20260709,1000
60,6,28,0,Inf,0.75,0,0.3,0,"fixed",1,0.2,0.6,0.1,"fixed_1",0.657,0.0150116954405557,0.657,0,1.26787263672903,0.0135765933638411,0.0226276556064018,0.261482719289534,0.261704343032226,0.95,1.01510761607121,1,1000,1000,126.007266666667,5.58760340064223,0,20260709,1000
90,6,28,0,Inf,0.75,0,0.3,0,"fixed",1,0.2,0.6,0.1,"fixed_1",0.792,0.0128349522788361,0.792,0,1.12259818238045,-0.0020645306805942,-0.003440884467657,0.213874915960221,0.213777920946588,0.946,0.830653231991938,1,1000,1000,126.009777777778,5.60857443127915,0,20260709,1000
120,6,28,0,Inf,0.75,0,0.3,0,"fixed",1,0.2,0.6,0.1,"fixed_1",0.913,0.00891240708226459,0.913,0,1.06155585855153,0.00464516499090661,0.00774194165151102,0.185185081463055,0.185150745177746,0.935,0.715344581245206,1,1000,1000,125.9901,5.58881873052325,0,20260709,1000
150,6,28,0,Inf,0.75,0,0.3,0,"fixed",1,0.2,0.6,0.1,"fixed_1",0.947,0.00708456067798138,0.947,0,1.02738827282955,-0.00216764552628146,-0.00361274254380243,0.169983917494779,0.169912731605941,0.938,0.640815430911437,1,1000,1000,126.037113333333,5.60781832515357,0,20260709,1000
20,7,28,0,Inf,0.75,0,0.3,0,"fixed",1,0.2,0.6,0.1,"fixed_1",0.304,0.0145459272650457,0.304,0.00327868852459016,1.86692791603852,0.0195852027811481,0.0326420046352468,0.463533237148462,0.463715191736662,0.919,1.73314013893908,1,1000,1000,146.96375,5.98031329136843,0,20260709,1000
40,7,28,0,Inf,0.75,0,0.3,0,"fixed",1,0.2,0.6,0.1,"fixed_1",0.492,0.0158093643135959,0.492,0,1.42463960778118,0.0136273794278785,0.0227122990464642,0.309408479969168,0.30955383916118,0.95,1.23718515010127,1,1000,1000,146.983725,6.03759639725318,0,20260709,1000
60,7,28,0,Inf,0.75,0,0.3,0,"fixed",1,0.2,0.6,0.1,"fixed_1",0.621,0.0153414145371279,0.621,0,1.26899676775083,-0.00370738941327453,-0.00617898235545755,0.2703666205162,0.270256833615957,0.927,1.00868488283833,1,1000,1000,147.007433333333,6.04834450205659,0,20260709,1000
90,7,28,0,Inf,0.75,0,0.3,0,"fixed",1,0.2,0.6,0.1,"fixed_1",0.815,0.0122790471943062,0.815,0,1.10473025285552,-0.00306369279142893,-0.00510615465238155,0.205787688351227,0.205707584492612,0.952,0.826465468436749,1,1000,1000,147.000033333333,6.01619166093344,0,20260709,1000
120,7,28,0,Inf,0.75,0,0.3,0,"fixed",1,0.2,0.6,0.1,"fixed_1",0.891,0.00985489725973843,0.891,0,1.05195372265357,-0.0065508131924481,-0.0109180219874135,0.179001294947411,0.179031660001072,0.948,0.71536636312126,1,1000,1000,147.014866666667,6.0412275101489,0,20260709,1000
150,7,28,0,Inf,0.75,0,0.3,0,"fixed",1,0.2,0.6,0.1,"fixed_1",0.953,0.00669260786241059,0.953,0,1.03769241623249,0.00556757505486849,0.00927929175811415,0.165656740524938,0.16566747241887,0.954,0.642220894992225,1,1000,1000,146.967326666667,6.05279445214313,0,20260709,1000
20,4,21,0,Inf,0.75,0,0.3,0,"fixed",1,0.2,0.6,0.1,"fixed_1",0.303,0.0145324120503102,0.303,0.00655737704918033,1.88199013305803,0.00468422863468754,0.00780704772447923,0.470461416455956,0.470249457657607,0.928,1.73893690753567,1,1000,1000,63.00395,3.93430712453734,0,20260709,1000
40,4,21,0,Inf,0.75,0,0.3,0,"fixed",1,0.2,0.6,0.1,"fixed_1",0.475,0.0157916116973538,0.475,0,1.43510623866689,0.00353754699065034,0.0058959116510839,0.314197622946004,0.314060408770933,0.94,1.24402793989792,1,1000,1000,63.01365,3.92863294779628,0,20260709,1000
60,4,21,0,Inf,0.75,0,0.3,0,"fixed",1,0.2,0.6,0.1,"fixed_1",0.631,0.0152590628807932,0.631,0,1.24220753714721,0.000880586927957894,0.00146764487992982,0.250892335544788,0.250768404119062,0.958,1.01884022802609,1,1000,1000,62.9986333333333,3.94413727746946,0,20260709,1000
90,4,21,0,Inf,0.75,0,0.3,0,"fixed",1,0.2,0.6,0.1,"fixed_1",0.791,0.0128576436410409,0.791,0,1.12402379522585,-0.00126604376384254,-0.00211007293973757,0.209898254655571,0.209797099353064,0.959,0.830989602593892,1,1000,1000,63.0232,3.96006190140278,0,20260709,1000
120,4,21,0,Inf,0.75,0,0.3,0,"fixed",1,0.2,0.6,0.1,"fixed_1",0.903,0.00935900635751467,0.903,0,1.05129388485076,-0.00443230735950484,-0.00738717893250807,0.182823976824195,0.182786288445937,0.941,0.723336661811519,1,1000,1000,63.00165,3.94986657799707,0,20260709,1000
150,4,21,0,Inf,0.75,0,0.3,0,"fixed",1,0.2,0.6,0.1,"fixed_1",0.952,0.00675988165576884,0.952,0,1.01409153834534,-0.00843331069894859,-0.014055517831581,0.159593637496554,0.159736594835363,0.952,0.642906864379441,1,1000,1000,63.009,3.96267731554653,0,20260709,1000
20,6,21,0,Inf,0.75,0,0.3,0,"fixed",1,0.2,0.6,0.1,"fixed_1",0.274,0.0141040419738457,0.274,0.00363636363636364,1.87948251427864,0.00686987482637313,0.0114497913772886,0.451133992708607,0.450960699704489,0.927,1.73913696360804,1,1000,1000,94.4792,4.81974461315208,0,20260709,1000
40,6,21,0,Inf,0.75,0,0.3,0,"fixed",1,0.2,0.6,0.1,"fixed_1",0.475,0.0157916116973538,0.475,0,1.43742232671172,0.0071052930186557,0.0118421550310928,0.312985503635088,0.31290965269404,0.953,1.25556924267306,1,1000,1000,94.4902,4.79527117471542,0,20260709,1000
60,6,21,0,Inf,0.75,0,0.3,0,"fixed",1,0.2,0.6,0.1,"fixed_1",0.627,0.0152928414625929,0.627,0,1.24569762642759,-0.00132777779003967,-0.00221296298339946,0.251101721802605,0.250979651787551,0.956,1.01263377177137,1,1000,1000,94.53335,4.84004102105867,0,20260709,1000
90,6,21,0,Inf,0.75,0,0.3,0,"fixed",1,0.2,0.6,0.1,"fixed_1",0.805,0.0125289664378192,0.805,0,1.13271918155622,0.00644490797668662,0.0107415132944777,0.214719589077792,0.214708952469686,0.95,0.827019041566648,1,1000,1000,94.5079222222222,4.86020720386796,0,20260709,1000
120,6,21,0,Inf,0.75,0,0.3,0,"fixed",1,0.2,0.6,0.1,"fixed_1",0.89,0.00989444288477123,0.89,0,1.05659765001083,-0.00550061258348533,-0.00916768763914222,0.188504926708223,0.188490928229113,0.937,0.719639282578313,1,1000,1000,94.5013,4.83556714596842,0,20260709,1000
150,6,21,0,Inf,0.75,0,0.3,0,"fixed",1,0.2,0.6,0.1,"fixed_1",0.954,0.00662449998113065,0.954,0,1.02710664697304,0.00024970398171853,0.000416173302864216,0.16130007664145,0.161219599806883,0.955,0.643994140556171,1,1000,1000,94.4987733333333,4.84451967004823,0,20260709,1000
20,7,21,0,Inf,0.75,0,0.3,0,"fixed",1,0.2,0.6,0.1,"fixed_1",0.297,0.0144496020706454,0.297,0.00668896321070234,1.84879981744372,0.00418926926034469,0.00698211543390781,0.44397312054143,0.443770852590014,0.937,1.73993287581563,1,1000,1000,110.21455,5.13259105837523,0,20260709,1000
40,7,21,0,Inf,0.75,0,0.3,0,"fixed",1,0.2,0.6,0.1,"fixed_1",0.442,0.0157046489932122,0.442,0,1.47193745497002,-0.00713774990887661,-0.0118962498481277,0.332947171649449,0.332857195752202,0.925,1.24289356902868,1,1000,1000,110.257175,5.1976008181149,0,20260709,1000
60,7,21,0,Inf,0.75,0,0.3,0,"fixed",1,0.2,0.6,0.1,"fixed_1",0.64,0.0151789327688082,0.64,0,1.26981966760259,0.00945005394790555,0.0157500899131759,0.264133149942897,0.264170130971457,0.947,1.01057403081132,1,1000,1000,110.225966666667,5.26007573917252,0,20260709,1000
90,7,21,0,Inf,0.75,0,0.3,0,"fixed",1,0.2,0.6,0.1,"fixed_1",0.813,0.0123300851578568,0.813,0,1.1301077947428,0.00801455958776787,0.0133575993129464,0.213288749503191,0.213332678554778,0.945,0.828093673128408,1,1000,1000,110.242766666667,5.23629867626775,0,20260709,1000
120,7,21,0,Inf,0.75,0,0.3,0,"fixed",1,0.2,0.6,0.1,"fixed_1",0.909,0.00909499862561837,0.909,0,1.04997543587345,-0.0017633373675906,-0.002938895612651,0.18232507527488,0.182242420966109,0.953,0.717660776101679,1,1000,1000,110.261233333333,5.2387218761796,0,20260709,1000
150,7,21,0,Inf,0.75,0,0.3,0,"fixed",1,0.2,0.6,0.1,"fixed_1",0.951,0.00682634602111555,0.951,0,1.02427324572349,-0.00301817022603079,-0.00503028371005132,0.16369460102447,0.163640569033688,0.948,0.643529224226732,1,1000,1000,110.2649,5.22373894879895,0,20260709,1000
20,1,1,0,Inf,0.75,0,0.3,0,"fixed",1,0.2,0.6,0.1,"fixed_1",NA,NA,0,NA,NA,NA,NA,NA,NA,NA,NA,0,0,1000,0.749,0.428552005231459,1,20260709,1000
40,1,1,0,Inf,0.75,0,0.3,0,"fixed",1,0.2,0.6,0.1,"fixed_1",NA,NA,0,NA,NA,NA,NA,NA,NA,NA,NA,0,0,1000,0.7514,0.429845800262374,1,20260709,1000
60,1,1,0,Inf,0.75,0,0.3,0,"fixed",1,0.2,0.6,0.1,"fixed_1",NA,NA,0,NA,NA,NA,NA,NA,NA,NA,NA,0,0,1000,0.753133333333333,0.429333830370531,1,20260709,1000
90,1,1,0,Inf,0.75,0,0.3,0,"fixed",1,0.2,0.6,0.1,"fixed_1",NA,NA,0,NA,NA,NA,NA,NA,NA,NA,NA,0,0,1000,0.750566666666667,0.431626943633648,1,20260709,1000
120,1,1,0,Inf,0.75,0,0.3,0,"fixed",1,0.2,0.6,0.1,"fixed_1",NA,NA,0,NA,NA,NA,NA,NA,NA,NA,NA,0,0,1000,0.75055,0.432086575432963,1,20260709,1000
150,1,1,0,Inf,0.75,0,0.3,0,"fixed",1,0.2,0.6,0.1,"fixed_1",NA,NA,0,NA,NA,NA,NA,NA,NA,NA,NA,0,0,1000,0.748773333333333,0.433145076015739,1,20260709,1000
20,2,1,0,Inf,0.75,0,0.3,0,"fixed",1,0.2,0.6,0.1,"fixed_1",NA,NA,0,NA,NA,NA,NA,NA,NA,NA,NA,0,0,1000,1.4944,0.606650843283658,1,20260709,1000
40,2,1,0,Inf,0.75,0,0.3,0,"fixed",1,0.2,0.6,0.1,"fixed_1",NA,NA,0,NA,NA,NA,NA,NA,NA,NA,NA,0,0,1000,1.4997,0.608307870972014,1,20260709,1000
60,2,1,0,Inf,0.75,0,0.3,0,"fixed",1,0.2,0.6,0.1,"fixed_1",NA,NA,0,NA,NA,NA,NA,NA,NA,NA,NA,0,0,1000,1.49875,0.611273449292045,1,20260709,1000
90,2,1,0,Inf,0.75,0,0.3,0,"fixed",1,0.2,0.6,0.1,"fixed_1",NA,NA,0,NA,NA,NA,NA,NA,NA,NA,NA,0,0,1000,1.49666666666667,0.613475565827292,1,20260709,1000
120,2,1,0,Inf,0.75,0,0.3,0,"fixed",1,0.2,0.6,0.1,"fixed_1",NA,NA,0,NA,NA,NA,NA,NA,NA,NA,NA,0,0,1000,1.50095833333333,0.611309948207172,1,20260709,1000
150,2,1,0,Inf,0.75,0,0.3,0,"fixed",1,0.2,0.6,0.1,"fixed_1",NA,NA,0,NA,NA,NA,NA,NA,NA,NA,NA,0,0,1000,1.50069333333333,0.612307666004508,1,20260709,1000
20,3,1,0,Inf,0.75,0,0.3,0,"fixed",1,0.2,0.6,0.1,"fixed_1",0.0845481049562682,0.0150218230856975,0.029,0,2.37961279150835,-0.263749066970662,-0.439581778284437,0.591383150209594,0.646744128646073,0.897959183673469,2.17217888763506,0.343,343,1000,2.24985,0.736891497288827,1,20260709,1000
40,3,1,0,Inf,0.75,0,0.3,0,"fixed",1,0.2,0.6,0.1,"fixed_1",0.108695652173913,0.020523677458042,0.025,0,1.47425871397677,-0.312052531590008,-0.520087552650013,0.325825167315818,0.45064093027892,0.88695652173913,1.4218609881727,0.23,230,1000,2.249375,0.748693330362463,1,20260709,1000
60,3,1,0,Inf,0.75,0,0.3,0,"fixed",1,0.2,0.6,0.1,"fixed_1",0.176795580110497,0.0283563456181693,0.032,0.0303030303030303,1.19632380997863,-0.314654667635684,-0.524424446059473,0.292755015923337,0.429231345741516,0.773480662983425,1.11469929039969,0.181,181,1000,2.25808333333333,0.747646575491796,1,20260709,1000
90,3,1,0,Inf,0.75,0,0.3,0,"fixed",1,0.2,0.6,0.1,"fixed_1",0.119402985074627,0.0280119793443852,0.016,0,0.992471367061882,-0.338490180410715,-0.564150300684524,0.194115683810007,0.389840095678895,0.753731343283582,0.908652851034813,0.134,134,1000,2.24908888888889,0.748618942838278,1,20260709,1000
120,3,1,0,Inf,0.75,0,0.3,0,"fixed",1,0.2,0.6,0.1,"fixed_1",0.158536585365854,0.0403343853285756,0.013,0,0.782475714982096,-0.373964010064968,-0.62327335010828,0.167931799546326,0.409519540925195,0.524390243902439,0.784030962858177,0.082,82,1000,2.25008333333333,0.749605652776635,1,20260709,1000
150,3,1,0,Inf,0.75,0,0.3,0,"fixed",1,0.2,0.6,0.1,"fixed_1",0.258064516129032,0.0555714044654264,0.016,0,0.735622080397911,-0.356053989828832,-0.593423316381387,0.15690401060711,0.388582338369506,0.5,0.706222472997336,0.062,62,1000,2.24856666666667,0.750167365531107,1,20260709,1000
20,4,1,0,Inf,0.75,0,0.3,0,"fixed",1,0.2,0.6,0.1,"fixed_1",0.12,0.0205523721258642,0.03,0,2.1524997321708,-0.228105949206462,-0.380176582010771,0.530292920877817,0.576296853773101,0.892,1.83006549480716,0.25,250,1000,2.9993,0.857211587312473,1,20260709,1000
40,4,1,0,Inf,0.75,0,0.3,0,"fixed",1,0.2,0.6,0.1,"fixed_1",0.127272727272727,0.0317768326365565,0.014,0,1.34042533273129,-0.293059442825,-0.488432404708333,0.295589408570995,0.415286208045927,0.809090909090909,1.16111870234775,0.11,110,1000,2.996525,0.861440501435456,1,20260709,1000
60,4,1,0,Inf,0.75,0,0.3,0,"fixed",1,0.2,0.6,0.1,"fixed_1",0.205882352941176,0.0490340232552539,0.014,0,1.06114146808986,-0.32213193032176,-0.536886550536266,0.251739531628652,0.407688385285961,0.661764705882353,0.916298975799922,0.068,68,1000,2.99596666666667,0.864815440328965,1,20260709,1000
90,4,1,0,Inf,0.75,0,0.3,0,"fixed",1,0.2,0.6,0.1,"fixed_1",0.36,0.096,0.009,0,0.782170116700096,-0.339795877192925,-0.566326461988208,0.185967550833504,0.385566869585291,0.44,0.727196876660695,0.025,25,1000,2.99626666666667,0.866570430635185,1,20260709,1000
120,4,1,0,Inf,0.75,0,0.3,0,"fixed",1,0.2,0.6,0.1,"fixed_1",0.4,0.219089023002066,0.002,0,0.70953628732667,-0.316331635159218,-0.52721939193203,0.155394454986478,0.345519395569829,0.6,0.610082072408131,0.005,5,1000,2.99835,0.86467678267408,1,20260709,1000
150,4,1,0,Inf,0.75,0,0.3,0,"fixed",1,0.2,0.6,0.1,"fixed_1",0.666666666666667,0.272165526975909,0.002,0,0.574382722054959,-0.295455713579007,-0.492426189298345,0.0709923856787239,0.301088067796425,0.666666666666667,0.572080233791888,0.003,3,1000,3.00276,0.86729031212212,1,20260709,1000
20,5,1,0,Inf,0.75,0,0.3,0,"fixed",1,0.2,0.6,0.1,"fixed_1",0.177685950413223,0.0245718421660602,0.043,0,2.02286747876888,-0.083601877754881,-0.139336462924802,0.568011969151642,0.57296915959981,0.884297520661157,1.8481585847305,0.242,242,1000,3.7507,0.947010744864426,1,20260709,1000
40,5,1,0,Inf,0.75,0,0.3,0,"fixed",1,0.2,0.6,0.1,"fixed_1",0.28125,0.0458880473612138,0.027,0,1.28807803596733,-0.252838433265593,-0.421397388775988,0.370913488330674,0.447292965885125,0.729166666666667,1.07055721338955,0.096,96,1000,3.743075,0.958102398983365,1,20260709,1000
60,5,1,0,Inf,0.75,0,0.3,0,"fixed",1,0.2,0.6,0.1,"fixed_1",0.407407407407407,0.094560702000626,0.011,0,0.863304248627075,-0.259022362608723,-0.431703937681205,0.18504276610482,0.316330888319127,0.666666666666667,0.839453567230808,0.027,27,1000,3.74981666666667,0.961179171693561,1,20260709,1000
90,5,1,0,Inf,0.75,0,0.3,0,"fixed",1,0.2,0.6,0.1,"fixed_1",0.5,0.25,0.002,0,0.599649254753352,-0.285132564235337,-0.475220940392229,0.0536492410687802,0.288893163622576,0.5,0.637697296533758,0.004,4,1000,3.75205555555556,0.964950434056535,1,20260709,1000
120,5,1,0,Inf,0.75,0,0.3,0,"fixed",1,0.2,0.6,0.1,"fixed_1",NA,NA,0,NA,NA,NA,NA,NA,NA,NA,NA,0,0,1000,3.74698333333333,0.966977230226475,1,20260709,1000
150,5,1,0,Inf,0.75,0,0.3,0,"fixed",1,0.2,0.6,0.1,"fixed_1",1,0,0.002,0,0.673250815728951,-0.196049510562629,-0.326749184271049,0.0206547694470621,0.196592777950519,1,0.502168953608075,0.002,2,1000,3.75120666666667,0.965675823301121,1,20260709,1000
20,6,1,0,Inf,0.75,0,0.3,0,"fixed",1,0.2,0.6,0.1,"fixed_1",0.175862068965517,0.0223556366158272,0.051,0,1.9457088844316,-0.0839041314358797,-0.1398402190598,0.503557032551067,0.509642237338507,0.9,1.8507461420951,0.29,290,1000,4.50085,1.05027780792364,1,20260709,1000
40,6,1,0,Inf,0.75,0,0.3,0,"fixed",1,0.2,0.6,0.1,"fixed_1",0.322222222222222,0.0492606516093948,0.029,0,1.2834967371729,-0.176884476612792,-0.29480746102132,0.33489929918694,0.37709344169181,0.822222222222222,1.14367490483887,0.09,90,1000,4.49785,1.05763346702291,1,20260709,1000
60,6,1,0,Inf,0.75,0,0.3,0,"fixed",1,0.2,0.6,0.1,"fixed_1",0.222222222222222,0.0800091444247884,0.006,0,0.955575415602313,-0.29781390840289,-0.496356514004817,0.204814709369915,0.359288909002155,0.555555555555556,0.789330552634384,0.027,27,1000,4.4904,1.05809846014348,1,20260709,1000
90,6,1,0,Inf,0.75,0,0.3,0,"fixed",1,0.2,0.6,0.1,"fixed_1",1,0,0.003,0,0.837609869035916,-0.0974340785784502,-0.162390130964084,0.175060276088219,0.172985933468073,0.666666666666667,0.625024617501849,0.003,3,1000,4.50063333333333,1.05708060173753,1,20260709,1000
120,6,1,0,Inf,0.75,0,0.3,0,"fixed",1,0.2,0.6,0.1,"fixed_1",0.75,0.21650635094611,0.003,0,0.691255555982382,-0.262332038037258,-0.43722006339543,0.175586518284616,0.303217854410433,0.5,0.516522551560753,0.004,4,1000,4.50118333333333,1.05915774637941,1,20260709,1000
150,6,1,0,Inf,0.75,0,0.3,0,"fixed",1,0.2,0.6,0.1,"fixed_1",NA,NA,0,NA,NA,NA,NA,NA,NA,NA,NA,0,0,1000,4.49988,1.05881230427018,1,20260709,1000
20,7,1,0,Inf,0.75,0,0.3,0,"fixed",1,0.2,0.6,0.1,"fixed_1",0.201438848920863,0.0196407323454465,0.084,0,2.18951399871262,-0.0112171235675164,-0.0186952059458606,0.550467901938185,0.54992188578231,0.899280575539568,1.97895044374689,0.417,417,1000,5.26425,1.12741025027064,1,20260709,1000
40,7,1,0,Inf,0.75,0,0.3,0,"fixed",1,0.2,0.6,0.1,"fixed_1",0.359116022099448,0.0356588892136283,0.065,0,1.4465919194559,-0.0432277625322842,-0.0720462708871404,0.348119367000161,0.349837378191788,0.906077348066298,1.35017756942295,0.181,181,1000,5.247,1.14274493016272,1,20260709,1000
60,7,1,0,Inf,0.75,0,0.3,0,"fixed",1,0.2,0.6,0.1,"fixed_1",0.466666666666667,0.0576065839858476,0.035,0,1.28674662611871,-0.0576392394441931,-0.0960653990736552,0.286686079285521,0.29054317729452,0.84,1.03066497417847,0.075,75,1000,5.24296666666667,1.14744103971188,1,20260709,1000
90,7,1,0,Inf,0.75,0,0.3,0,"fixed",1,0.2,0.6,0.1,"fixed_1",0.75,0.0883883476483184,0.018,0,0.991225066818521,-0.0596149280974954,-0.0993582134958256,0.174194768610552,0.180647256657507,0.958333333333333,0.848697197592664,0.024,24,1000,5.24653333333333,1.14401483644335,1,20260709,1000
120,7,1,0,Inf,0.75,0,0.3,0,"fixed",1,0.2,0.6,0.1,"fixed_1",0.888888888888889,0.104756560175785,0.008,0,0.863149774172847,-0.0988246367346318,-0.164707727891053,0.194512340502076,0.208320582087734,0.777777777777778,0.71637929641137,0.009,9,1000,5.24151666666667,1.14460778958483,1,20260709,1000
150,7,1,0,Inf,0.75,0,0.3,0,"fixed",1,0.2,0.6,0.1,"fixed_1",1,0,0.001,0,1.12335663988553,0.0740139839313202,0.123356639885534,NA,0.0740139839313202,1,0.775423072614746,0.001,1,1000,5.24768,1.14783932359371,1,20260709,1000
20,8,1,0,Inf,0.75,0,0.3,0,"fixed",1,0.2,0.6,0.1,"fixed_1",0.236697247706422,0.0182073511031115,0.129,0,2.03184018075397,-0.00482927674653222,-0.0080487945775537,0.525418409857942,0.524958366877441,0.910091743119266,1.93657461775666,0.545,545,1000,5.99295,1.21864520607103,1,20260709,1000
40,8,1,0,Inf,0.75,0,0.3,0,"fixed",1,0.2,0.6,0.1,"fixed_1",0.421725239616613,0.0279132076726776,0.132,0,1.48718893346854,-0.0256661578711259,-0.0427769297852099,0.362472528156493,0.362802040627831,0.907348242811502,1.31005667207542,0.313,313,1000,6.00885,1.21628984060712,1,20260709,1000
60,8,1,0,Inf,0.75,0,0.3,0,"fixed",1,0.2,0.6,0.1,"fixed_1",0.549763033175355,0.0342505156517857,0.116,0,1.25789078787702,-0.0311277428459353,-0.0518795714098922,0.282040382261738,0.283087821456221,0.924170616113744,1.07766882024245,0.211,211,1000,5.99736666666667,1.21994014821738,1,20260709,1000
90,8,1,0,Inf,0.75,0,0.3,0,"fixed",1,0.2,0.6,0.1,"fixed_1",0.678260869565217,0.0435613572653415,0.078,0,1.15229638212409,-0.0194549072891036,-0.0324248454818393,0.24118070426427,0.240916615621687,0.921739130434783,0.860789351888201,0.115,115,1000,5.99974444444444,1.2211841091036,1,20260709,1000
120,8,1,0,Inf,0.75,0,0.3,0,"fixed",1,0.2,0.6,0.1,"fixed_1",0.830985915492958,0.04447634657729,0.059,0,0.992245716304871,-0.0560042899155481,-0.0933404831925801,0.184917410090595,0.191961759452461,0.943661971830986,0.758456730858099,0.071,71,1000,6.00385833333333,1.2241016408672,1,20260709,1000
150,8,1,0,Inf,0.75,0,0.3,0,"fixed",1,0.2,0.6,0.1,"fixed_1",0.916666666666667,0.0460642331993806,0.033,0,0.908908502111744,-0.073447925253206,-0.122413208755343,0.126283551310688,0.144565369169432,0.972222222222222,0.638345117943375,0.036,36,1000,6.00068,1.21944572777236,1,20260709,1000
20,1,2,0,Inf,0.75,0,0.3,0,"fixed",1,0.2,0.6,0.1,"fixed_1",NA,NA,0,NA,NA,NA,NA,NA,NA,NA,NA,0,0,1000,1.49835,0.607934770860344,1,20260709,1000
40,1,2,0,Inf,0.75,0,0.3,0,"fixed",1,0.2,0.6,0.1,"fixed_1",NA,NA,0,NA,NA,NA,NA,NA,NA,NA,NA,0,0,1000,1.4957,0.611987754988948,1,20260709,1000
60,1,2,0,Inf,0.75,0,0.3,0,"fixed",1,0.2,0.6,0.1,"fixed_1",NA,NA,0,NA,NA,NA,NA,NA,NA,NA,NA,0,0,1000,1.49953333333333,0.609746442153358,1,20260709,1000
90,1,2,0,Inf,0.75,0,0.3,0,"fixed",1,0.2,0.6,0.1,"fixed_1",NA,NA,0,NA,NA,NA,NA,NA,NA,NA,NA,0,0,1000,1.49922222222222,0.611347541308796,1,20260709,1000
120,1,2,0,Inf,0.75,0,0.3,0,"fixed",1,0.2,0.6,0.1,"fixed_1",NA,NA,0,NA,NA,NA,NA,NA,NA,NA,NA,0,0,1000,1.49754166666667,0.612960352185772,1,20260709,1000
150,1,2,0,Inf,0.75,0,0.3,0,"fixed",1,0.2,0.6,0.1,"fixed_1",NA,NA,0,NA,NA,NA,NA,NA,NA,NA,NA,0,0,1000,1.49966666666667,0.612420926865947,1,20260709,1000
20,2,2,0,Inf,0.75,0,0.3,0,"fixed",1,0.2,0.6,0.1,"fixed_1",0.145833333333333,0.022782117642117,0.035,0.0277777777777778,2.12609039663751,-0.163307748036859,-0.272179580061431,0.554161377547477,0.576614855109253,0.891666666666667,1.87670219953333,0.24,240,1000,2.99795,0.852477877309383,1,20260709,1000
40,2,2,0,Inf,0.75,0,0.3,0,"fixed",1,0.2,0.6,0.1,"fixed_1",0.131868131868132,0.0354684394092695,0.012,0.0769230769230769,1.24548275522173,-0.358400393067724,-0.597333988446207,0.303351281965398,0.468467300085023,0.725274725274725,1.14543752808219,0.091,91,1000,3.002725,0.861722962763016,1,20260709,1000
60,2,2,0,Inf,0.75,0,0.3,0,"fixed",1,0.2,0.6,0.1,"fixed_1",0.0701754385964912,0.0338341793380395,0.004,0,0.921060850084678,-0.362845038019785,-0.604741730032975,0.173828782271233,0.40167506031832,0.649122807017544,0.887074530813428,0.057,57,1000,3.00671666666667,0.859501803377393,1,20260709,1000
90,2,2,0,Inf,0.75,0,0.3,0,"fixed",1,0.2,0.6,0.1,"fixed_1",0.379310344827586,0.0901022421425571,0.011,0,0.720921324274283,-0.325663004543104,-0.542771674238507,0.160776594854049,0.361958778372829,0.655172413793103,0.722448040027694,0.029,29,1000,3.00067777777778,0.861924252153115,1,20260709,1000
120,2,2,0,Inf,0.75,0,0.3,0,"fixed",1,0.2,0.6,0.1,"fixed_1",0.333333333333333,0.157134840263677,0.003,0,0.764647182172194,-0.377891768757062,-0.629819614595104,0.210752827638284,0.42694700879999,0.333333333333333,0.604251922238247,0.009,9,1000,3.00016666666667,0.864068264383354,1,20260709,1000
150,2,2,0,Inf,0.75,0,0.3,0,"fixed",1,0.2,0.6,0.1,"fixed_1",0.25,0.21650635094611,0.001,0,0.778909567072277,-0.35440549046151,-0.59067581743585,0.154978909233307,0.378968466233831,0.25,0.549472172030937,0.004,4,1000,3.00188666666667,0.865009900907167,1,20260709,1000
20,3,2,0,Inf,0.75,0,0.3,0,"fixed",1,0.2,0.6,0.1,"fixed_1",0.178082191780822,0.0223889133485597,0.052,0.0188679245283019,2.18696696223308,-0.0494966313350501,-0.0824943855584169,0.54727431348497,0.54857394612209,0.907534246575342,1.91299047693155,0.292,292,1000,4.5017,1.04839709028208,1,20260709,1000
40,3,2,0,Inf,0.75,0,0.3,0,"fixed",1,0.2,0.6,0.1,"fixed_1",0.296703296703297,0.0478861344529162,0.027,0.0357142857142857,1.3539919916157,-0.159568975487845,-0.265948292479742,0.366304797670878,0.397702107083852,0.802197802197802,1.22049437744148,0.091,91,1000,4.49825,1.0538921929342,1,20260709,1000
60,3,2,0,Inf,0.75,0,0.3,0,"fixed",1,0.2,0.6,0.1,"fixed_1",0.4,0.109544511501033,0.008,0,1.14684709922149,-0.156768447189651,-0.261280745316084,0.281030154432833,0.315603226139672,0.75,0.919885885388146,0.02,20,1000,4.49676666666667,1.05637972366242,1,20260709,1000
90,3,2,0,Inf,0.75,0,0.3,0,"fixed",1,0.2,0.6,0.1,"fixed_1",0.857142857142857,0.132260014253222,0.006,0,0.803903840686284,-0.151073714159998,-0.251789523599996,0.19308734653058,0.234051035372324,0.857142857142857,0.726729297998634,0.007,7,1000,4.49984444444444,1.05738596237387,1,20260709,1000
120,3,2,0,Inf,0.75,0,0.3,0,"fixed",1,0.2,0.6,0.1,"fixed_1",1,0,0.002,0,1.11099324135738,0.0665959448144265,0.110993241357378,0.103469593093008,0.0989343126177288,1,0.718893790861509,0.002,2,1000,4.49714166666667,1.05782508833409,1,20260709,1000
150,3,2,0,Inf,0.75,0,0.3,0,"fixed",1,0.2,0.6,0.1,"fixed_1",NA,NA,0,NA,NA,NA,NA,NA,NA,NA,NA,0,0,1000,4.49685333333333,1.05907738375408,1,20260709,1000
20,4,2,0,Inf,0.75,0,0.3,0,"fixed",1,0.2,0.6,0.1,"fixed_1",0.229508196721311,0.0179472097957262,0.126,0.0078740157480315,2.03266893913736,-0.0141507338608236,-0.0235845564347059,0.519641685034792,0.519361021602276,0.938069216757741,1.95941689931689,0.549,549,1000,6.00075,1.20697405885903,1,20260709,1000
40,4,2,0,Inf,0.75,0,0.3,0,"fixed",1,0.2,0.6,0.1,"fixed_1",0.425714285714286,0.0264295090843042,0.149,0,1.43867870801343,-0.0287492850006679,-0.0479154750011131,0.350573817981127,0.351251156105127,0.934285714285714,1.32294464912813,0.35,350,1000,5.99255,1.22040586955398,1,20260709,1000
60,4,2,0,Inf,0.75,0,0.3,0,"fixed",1,0.2,0.6,0.1,"fixed_1",0.555555555555556,0.0345372151200116,0.115,0,1.27136712965289,-0.0258472366919013,-0.0430787278198354,0.292289241461718,0.292725742818859,0.932367149758454,1.06014108843806,0.207,207,1000,5.99436666666667,1.22080365286406,1,20260709,1000
90,4,2,0,Inf,0.75,0,0.3,0,"fixed",1,0.2,0.6,0.1,"fixed_1",0.650943396226415,0.0462984668167475,0.069,0,1.08730396601433,-0.0672647135991651,-0.112107855998608,0.232929703603269,0.24138959615357,0.933962264150943,0.86872645620376,0.106,106,1000,5.99957777777778,1.22410874703462,1,20260709,1000
120,4,2,0,Inf,0.75,0,0.3,0,"fixed",1,0.2,0.6,0.1,"fixed_1",0.868852459016393,0.0432203396785265,0.053,0,1.01484110910442,-0.0310252752608616,-0.051708792101436,0.193667435479003,0.194563031377485,0.950819672131147,0.748331266230946,0.061,61,1000,6.00498333333333,1.22186570394304,1,20260709,1000
150,4,2,0,Inf,0.75,0,0.3,0,"fixed",1,0.2,0.6,0.1,"fixed_1",0.857142857142857,0.059148476515059,0.03,0,0.992491162481101,-0.0529728742360043,-0.0882881237266738,0.196003377285723,0.20031428178317,0.8,0.665217974225726,0.035,35,1000,5.99852,1.22350352188517,1,20260709,1000
20,5,2,0,Inf,0.75,0,0.3,0,"fixed",1,0.2,0.6,0.1,"fixed_1",0.243341404358354,0.0149302804783209,0.201,0.00495049504950495,2.0435940253231,0.0152009911485772,0.0253349852476287,0.497557143477659,0.497488158600858,0.938256658595642,1.90319906036665,0.826,826,1000,7.4991,1.35292626811396,0.9436,20260709,1000
40,5,2,0,Inf,0.75,0,0.3,0,"fixed",1,0.2,0.6,0.1,"fixed_1",0.421855146124524,0.017604051955482,0.332,0,1.48251343736898,-0.0134303748071869,-0.0223839580119782,0.340974731870815,0.341022598099151,0.932655654383736,1.28973281343444,0.787,787,1000,7.4973,1.36353711909941,0.943175,20260709,1000
60,5,2,0,Inf,0.75,0,0.3,0,"fixed",1,0.2,0.6,0.1,"fixed_1",0.564032697547684,0.0183033704570562,0.414,0,1.23656359064711,-0.0394479839521388,-0.0657466399202313,0.275788626526056,0.278409566724754,0.933242506811989,1.03289374925001,0.734,734,1000,7.50153333333333,1.36349904448264,0.943266666666667,20260709,1000
90,5,2,0,Inf,0.75,0,0.3,0,"fixed",1,0.2,0.6,0.1,"fixed_1",0.784883720930233,0.0156655295539239,0.54,0,1.06535366335702,-0.037781394663774,-0.0629689911062899,0.214381855366348,0.217532094133421,0.938953488372093,0.836051338788966,0.688,688,1000,7.48975555555556,1.36749703004319,0.944833333333333,20260709,1000
120,5,2,0,Inf,0.75,0,0.3,0,"fixed",1,0.2,0.6,0.1,"fixed_1",0.850789096126255,0.0134956823978781,0.593,0,0.987594020090655,-0.055435469182452,-0.09239244863742,0.184355066031445,0.192382743714849,0.932568149210904,0.721971134494354,0.697,697,1000,7.503775,1.36865625731176,0.943641666666667,20260709,1000
150,5,2,0,Inf,0.75,0,0.3,0,"fixed",1,0.2,0.6,0.1,"fixed_1",0.918338108882522,0.0103653341867566,0.641,0,0.97445095394941,-0.0438746733722779,-0.0731244556204632,0.170532041257489,0.175967327880687,0.926934097421203,0.643487379441163,0.698,698,1000,7.50469333333333,1.36292556339123,0.943773333333333,20260709,1000
20,6,2,0,Inf,0.75,0,0.3,0,"fixed",1,0.2,0.6,0.1,"fixed_1",0.248190279214064,0.0138909873289787,0.24,0.00826446280991736,1.93558533936358,-0.0296136367554668,-0.0493560612591113,0.491383796922501,0.492021651238638,0.933815925542916,1.83653025076907,0.967,967,1000,8.99,1.48890256513381,0.6129,20260709,1000
40,6,2,0,Inf,0.75,0,0.3,0,"fixed",1,0.2,0.6,0.1,"fixed_1",0.421649484536082,0.0158557023053023,0.409,0,1.43499542343129,-0.0234928996506478,-0.0391548327510797,0.323003408706539,0.323690531881604,0.943298969072165,1.26999795921905,0.97,970,1000,9.012975,1.49793937142497,0.60405,20260709,1000
60,6,2,0,Inf,0.75,0,0.3,0,"fixed",1,0.2,0.6,0.1,"fixed_1",0.571862348178138,0.0157419667487821,0.565,0,1.24768266153553,-0.030345902394447,-0.050576503990745,0.26893384618833,0.270505237579306,0.938259109311741,1.03378346822482,0.988,988,1000,9.00793333333333,1.49236385243629,0.607716666666667,20260709,1000
90,6,2,0,Inf,0.75,0,0.3,0,"fixed",1,0.2,0.6,0.1,"fixed_1",0.784412955465587,0.0130829365785186,0.775,0,1.10283656758886,-0.0160680994510255,-0.0267801657517092,0.213819233830905,0.214314196038949,0.944331983805668,0.836626009040233,0.988,988,1000,9.0059,1.49781241218611,0.607855555555556,20260709,1000
120,6,2,0,Inf,0.75,0,0.3,0,"fixed",1,0.2,0.6,0.1,"fixed_1",0.875125881168177,0.0104905161830247,0.869,0,1.0096580085207,-0.0366108548829208,-0.0610180914715347,0.186117452041664,0.189592132633537,0.939577039274924,0.726096222888332,0.993,993,1000,8.99398333333333,1.50288746436505,0.61035,20260709,1000
150,6,2,0,Inf,0.75,0,0.3,0,"fixed",1,0.2,0.6,0.1,"fixed_1",0.914658634538153,0.00885277942893781,0.911,0,0.965543874228913,-0.0481908382954628,-0.0803180638257713,0.168300629632554,0.174982913374333,0.927710843373494,0.646510052403691,0.996,996,1000,9.00339333333333,1.50043626207948,0.607833333333333,20260709,1000
20,7,2,0,Inf,0.75,0,0.3,0,"fixed",1,0.2,0.6,0.1,"fixed_1",0.243731193580742,0.0135970931335155,0.243,0.0121951219512195,1.86247412647756,-0.0258080479631473,-0.0430134132719121,0.466769855855998,0.467248995705821,0.949849548645938,1.83177358077884,0.997,997,1000,10.4762,1.6083265612908,0.2623,20260709,1000
40,7,2,0,Inf,0.75,0,0.3,0,"fixed",1,0.2,0.6,0.1,"fixed_1",0.426,0.0156372631876553,0.426,0,1.44391800892582,-0.0380835465270067,-0.0634725775450112,0.345739327028437,0.347658601343182,0.925,1.2732654593631,1,1000,1000,10.510975,1.59840048057186,0.25615,20260709,1000
60,7,2,0,Inf,0.75,0,0.3,0,"fixed",1,0.2,0.6,0.1,"fixed_1",0.587,0.0155701958882989,0.587,0,1.23510813586382,-0.0185704440198186,-0.0309507400330309,0.254504304988699,0.255053975086875,0.946,1.04474306056342,1,1000,1000,10.4991166666667,1.60631617736365,0.258333333333333,20260709,1000
90,7,2,0,Inf,0.75,0,0.3,0,"fixed",1,0.2,0.6,0.1,"fixed_1",0.742,0.0138360398958662,0.742,0,1.09616843605755,-0.034884448573597,-0.0581407476226616,0.222647536993574,0.225253809192785,0.934,0.843584685526829,1,1000,1000,10.4971222222222,1.616835674204,0.257244444444444,20260709,1000
120,7,2,0,Inf,0.75,0,0.3,0,"fixed",1,0.2,0.6,0.1,"fixed_1",0.893,0.00977501918156686,0.893,0,1.03715737138212,-0.0158774098427868,-0.0264623497379781,0.186959347136574,0.187539158117893,0.951,0.73194887009953,1,1000,1000,10.493625,1.62098209340462,0.260258333333333,20260709,1000
150,7,2,0,Inf,0.75,0,0.3,0,"fixed",1,0.2,0.6,0.1,"fixed_1",0.923,0.00843036179532053,0.923,0,0.996748684631834,-0.0290560205200427,-0.0484267008667379,0.173890605312869,0.176215654815119,0.927,0.652620484706783,1,1000,1000,10.4949666666667,1.61278138827441,0.25944,20260709,1000
20,8,2,0,Inf,0.75,0,0.3,0,"fixed",1,0.2,0.6,0.1,"fixed_1",0.249,0.0136747577675073,0.249,0.004,1.96743187059177,0.00986632198070991,0.0164438699678499,0.470364857697573,0.470233134271637,0.936,1.83532651901755,1,1000,1000,11.99855,1.70250512785434,0.07885,20260709,1000
40,8,2,0,Inf,0.75,0,0.3,0,"fixed",1,0.2,0.6,0.1,"fixed_1",0.443,0.0157083099027235,0.443,0,1.45982640788606,-0.011125560600177,-0.018542601000295,0.333777495757965,0.333796026573793,0.938,1.27339951678765,1,1000,1000,11.986,1.73401652037861,0.082475,20260709,1000
60,8,2,0,Inf,0.75,0,0.3,0,"fixed",1,0.2,0.6,0.1,"fixed_1",0.602,0.0154788888490098,0.602,0,1.27598302767576,-0.00466506348043294,-0.00777510580072157,0.27285401886322,0.272757454731263,0.942,1.04360788194018,1,1000,1000,11.9961333333333,1.73002601004764,0.0804833333333333,20260709,1000
90,8,2,0,Inf,0.75,0,0.3,0,"fixed",1,0.2,0.6,0.1,"fixed_1",0.762,0.0134668481835951,0.762,0,1.11807825002273,-0.0156144622083076,-0.0260241036805127,0.220004238056375,0.220447894814303,0.944,0.851102234281706,1,1000,1000,11.9939,1.72707292730451,0.0803555555555556,20260709,1000
120,8,2,0,Inf,0.75,0,0.3,0,"fixed",1,0.2,0.6,0.1,"fixed_1",0.873,0.0105295299040366,0.873,0,1.04544746215633,-0.0167006394730684,-0.0278343991217807,0.187603494632741,0.188251925583851,0.949,0.732069485454916,1,1000,1000,12.00675,1.72729949981856,0.079125,20260709,1000
150,8,2,0,Inf,0.75,0,0.3,0,"fixed",1,0.2,0.6,0.1,"fixed_1",0.939,0.00756828910652864,0.939,0,1.01416616458479,-0.0133228995078857,-0.0222048325131428,0.172365746012778,0.172793923792014,0.94,0.65628983828321,1,1000,1000,12.00384,1.73190491139973,0.07898,20260709,1000
20,1,4,0,Inf,0.75,0,0.3,0,"fixed",1,0.2,0.6,0.1,"fixed_1",0.15,0.0221446294930535,0.039,0,2.09927387808249,-0.151926244600522,-0.253210407667536,0.507461867839278,0.528780369344688,0.926923076923077,1.84807877592539,0.26,260,1000,3.004,0.853265028275563,1,20260709,1000
40,1,4,0,Inf,0.75,0,0.3,0,"fixed",1,0.2,0.6,0.1,"fixed_1",0.151785714285714,0.0339046471773216,0.017,0,1.18139660240893,-0.290007291728985,-0.483345486214976,0.272378889227029,0.397029061307982,0.839285714285714,1.15191762357616,0.112,112,1000,2.9965,0.862826504842328,1,20260709,1000
60,1,4,0,Inf,0.75,0,0.3,0,"fixed",1,0.2,0.6,0.1,"fixed_1",0.32258064516129,0.0593679576507634,0.02,0,0.956113102487836,-0.278385389047673,-0.463975648412789,0.244120097078747,0.368960489829979,0.741935483870968,0.898142090298781,0.062,62,1000,3.00031666666667,0.864060221588733,1,20260709,1000
90,1,4,0,Inf,0.75,0,0.3,0,"fixed",1,0.2,0.6,0.1,"fixed_1",0.296296296296296,0.087877187259517,0.008,0,0.906459668016586,-0.317368786813781,-0.528947978022969,0.20737434957887,0.377007058938892,0.555555555555556,0.718397967713624,0.027,27,1000,2.9988,0.867952704017735,1,20260709,1000
120,1,4,0,Inf,0.75,0,0.3,0,"fixed",1,0.2,0.6,0.1,"fixed_1",0.461538461538462,0.13826415911891,0.006,0,0.755379932119345,-0.325040113604005,-0.541733522673342,0.200126177798281,0.377651632852895,0.461538461538462,0.615601348152817,0.013,13,1000,3.001025,0.862663401148163,1,20260709,1000
150,1,4,0,Inf,0.75,0,0.3,0,"fixed",1,0.2,0.6,0.1,"fixed_1",0.375,0.171163299220364,0.003,0,0.651896522161823,-0.355199195484952,-0.591998659141587,0.132994416565085,0.37635494410989,0.375,0.558154521380017,0.008,8,1000,2.99937333333333,0.864846765210283,1,20260709,1000
20,2,4,0,Inf,0.75,0,0.3,0,"fixed",1,0.2,0.6,0.1,"fixed_1",0.221824686940966,0.0175726702349178,0.124,0,2.1044707249201,0.0413687935334229,0.0689479892223716,0.520451622365009,0.521628897568014,0.946332737030411,2.01013396067502,0.559,559,1000,6.0149,1.20304449775318,1,20260709,1000
40,2,4,0,Inf,0.75,0,0.3,0,"fixed",1,0.2,0.6,0.1,"fixed_1",0.384375,0.027193224074149,0.123,0,1.47372148168527,-0.027475719943644,-0.0457928665727399,0.346964882688019,0.347510205658696,0.93125,1.30727042257724,0.32,320,1000,5.999975,1.21765392670037,1,20260709,1000
60,2,4,0,Inf,0.75,0,0.3,0,"fixed",1,0.2,0.6,0.1,"fixed_1",0.507772020725389,0.0359864392776668,0.098,0,1.21956129132125,-0.0570642311652971,-0.0951070519421619,0.272379835558326,0.277601680718227,0.911917098445596,1.05779070802916,0.193,193,1000,6.00251666666667,1.22616910018772,1,20260709,1000
90,2,4,0,Inf,0.75,0,0.3,0,"fixed",1,0.2,0.6,0.1,"fixed_1",0.649253731343284,0.0412241165903833,0.087,0,1.09532343659408,-0.0743842616414423,-0.123973769402404,0.243350822922485,0.25359555183755,0.888059701492537,0.850849783562275,0.134,134,1000,5.99626666666667,1.22078037847612,1,20260709,1000
120,2,4,0,Inf,0.75,0,0.3,0,"fixed",1,0.2,0.6,0.1,"fixed_1",0.690909090909091,0.0623120766068613,0.038,0,1.02050387948693,-0.0955055201770618,-0.15917586696177,0.209260349136985,0.228287139846705,0.872727272727273,0.729272771156627,0.055,55,1000,6.002075,1.22197333391333,1,20260709,1000
150,2,4,0,Inf,0.75,0,0.3,0,"fixed",1,0.2,0.6,0.1,"fixed_1",0.973684210526316,0.0259672205806824,0.037,0,1.01430389979619,0.00032101305224741,0.000535021753745683,0.160700068981737,0.158571822196029,0.973684210526316,0.656654279926723,0.038,38,1000,5.99952666666667,1.22180380611362,1,20260709,1000
20,3,4,0,Inf,0.75,0,0.3,0,"fixed",1,0.2,0.6,0.1,"fixed_1",0.2218782249742,0.0133480934139646,0.215,0.00921658986175115,1.89673857955567,-0.0268254094333756,-0.0447090157222927,0.466433538548111,0.466963947319483,0.942208462332301,1.8552456713318,0.969,969,1000,9.00185,1.49303770958545,0.60435,20260709,1000
40,3,4,0,Inf,0.75,0,0.3,0,"fixed",1,0.2,0.6,0.1,"fixed_1",0.432098765432099,0.0158889349372602,0.42,0,1.46203251798279,-0.0163273531625607,-0.0272122552709346,0.34120033011532,0.341415401631988,0.93724279835391,1.27810486962308,0.972,972,1000,9.0097,1.49488440487014,0.6037,20260709,1000
60,3,4,0,Inf,0.75,0,0.3,0,"fixed",1,0.2,0.6,0.1,"fixed_1",0.595939086294416,0.0156353008026333,0.587,0,1.23412132649573,-0.0287967206897822,-0.0479945344829704,0.27125393289907,0.272641244223663,0.932994923857868,1.03343302699439,0.985,985,1000,9.00371666666667,1.48927688047898,0.60975,20260709,1000
90,3,4,0,Inf,0.75,0,0.3,0,"fixed",1,0.2,0.6,0.1,"fixed_1",0.764350453172205,0.0134680569427195,0.759,0,1.07551591137368,-0.0331954293481002,-0.0553257155801669,0.205263117177287,0.207827942890192,0.952668680765357,0.842110702675114,0.993,993,1000,8.99766666666667,1.49991241929513,0.607933333333333,20260709,1000
120,3,4,0,Inf,0.75,0,0.3,0,"fixed",1,0.2,0.6,0.1,"fixed_1",0.866465863453815,0.0107781000499064,0.863,0,1.00790170394071,-0.0398072573573166,-0.066345428928861,0.186255977492324,0.190370891362978,0.94578313253012,0.724364983376858,0.996,996,1000,9.00055,1.49966968742927,0.6096,20260709,1000
150,3,4,0,Inf,0.75,0,0.3,0,"fixed",1,0.2,0.6,0.1,"fixed_1",0.922922922922923,0.00843844823856889,0.922,0,0.986397347994203,-0.0348722588393352,-0.058120431398892,0.173976035038801,0.177351169281889,0.928928928928929,0.648377050505279,0.999,999,1000,8.99514,1.49963215829781,0.609653333333333,20260709,1000
20,4,4,0,Inf,0.75,0,0.3,0,"fixed",1,0.2,0.6,0.1,"fixed_1",0.25,0.0136930639376292,0.25,0,1.97774374864292,0.00191905726387731,0.00319842877312885,0.494243899929285,0.494000443689551,0.929,1.84879097132671,1,1000,1000,12.0027,1.70642133171147,0.078,20260709,1000
40,4,4,0,Inf,0.75,0,0.3,0,"fixed",1,0.2,0.6,0.1,"fixed_1",0.434,0.0156730341670016,0.434,0,1.47704186682238,-0.00853788928533294,-0.0142298154755549,0.338602592081234,0.338540926923489,0.933,1.29368310231309,1,1000,1000,12.00425,1.7181858549589,0.078325,20260709,1000
60,4,4,0,Inf,0.75,0,0.3,0,"fixed",1,0.2,0.6,0.1,"fixed_1",0.637,0.0152062815967613,0.637,0,1.26079384012842,-0.00113187217375754,-0.00188645362292924,0.271116868383427,0.270983639912693,0.948,1.03775667894975,1,1000,1000,11.99165,1.72789395676345,0.0804,20260709,1000
90,4,4,0,Inf,0.75,0,0.3,0,"fixed",1,0.2,0.6,0.1,"fixed_1",0.768,0.0133482583133531,0.768,0,1.11872148298188,-0.0159761308594429,-0.0266268847657382,0.224329239200541,0.224785499332077,0.935,0.851436625119198,1,1000,1000,12.0025888888889,1.73097915685065,0.0794777777777778,20260709,1000
120,4,4,0,Inf,0.75,0,0.3,0,"fixed",1,0.2,0.6,0.1,"fixed_1",0.878,0.0103496859855746,0.878,0,1.03227309730386,-0.0223136314973723,-0.0371893858289539,0.187779126655505,0.189006977537066,0.938,0.734575840152694,1,1000,1000,11.9953333333333,1.72679220966348,0.079325,20260709,1000
150,4,4,0,Inf,0.75,0,0.3,0,"fixed",1,0.2,0.6,0.1,"fixed_1",0.961,0.00612200947402077,0.961,0,0.99975460722017,-0.0131502503209764,-0.021917083868294,0.165996565669728,0.166433872867979,0.96,0.656935263719406,1,1000,1000,12.00996,1.73110581057806,0.0794666666666667,20260709,1000
20,5,4,0,Inf,0.75,0,0.3,0,"fixed",1,0.2,0.6,0.1,"fixed_1",0.277,0.0141517136771488,0.277,0.00716845878136201,1.941661734523,0.00404901458484797,0.00674835764141328,0.479979651791269,0.47975668852726,0.941,1.84639501410802,1,1000,1000,15.01515,1.90901407469982,0.0042,20260709,1000
40,5,4,0,Inf,0.75,0,0.3,0,"fixed",1,0.2,0.6,0.1,"fixed_1",0.438,0.0156893594515519,0.438,0,1.44404451052378,-0.0175398392096379,-0.0292330653493964,0.331171421649958,0.331470182620755,0.942,1.28241915940306,1,1000,1000,14.9911,1.91857548513978,0.0046,20260709,1000
60,5,4,0,Inf,0.75,0,0.3,0,"fixed",1,0.2,0.6,0.1,"fixed_1",0.615,0.0153874949228261,0.615,0,1.26925261607142,-0.000808591428894445,-0.00134765238149074,0.271089172932678,0.270954800957172,0.939,1.04234739370441,1,1000,1000,14.99845,1.92434253367073,0.00401666666666667,20260709,1000
90,5,4,0,Inf,0.75,0,0.3,0,"fixed",1,0.2,0.6,0.1,"fixed_1",0.778,0.0131421459434904,0.778,0,1.10558547785124,-0.0164151472261216,-0.0273585787102026,0.21637323153763,0.216887101988952,0.947,0.844280824390422,1,1000,1000,15.0035888888889,1.92217781173113,0.00388888888888889,20260709,1000
120,5,4,0,Inf,0.75,0,0.3,0,"fixed",1,0.2,0.6,0.1,"fixed_1",0.882,0.0102017645532525,0.882,0,1.03268769094034,-0.0196804567870125,-0.0328007613116875,0.184266944045575,0.1852233050687,0.956,0.737268540495415,1,1000,1000,14.986925,1.9349408155903,0.004,20260709,1000
150,5,4,0,Inf,0.75,0,0.3,0,"fixed",1,0.2,0.6,0.1,"fixed_1",0.933,0.00790638982089803,0.933,0,1.0223427210651,-0.011074748191105,-0.0184579136518416,0.174709709349375,0.174973166816797,0.94,0.657128165743248,1,1000,1000,14.98918,1.93043102761952,0.00383333333333333,20260709,1000
20,6,4,0,Inf,0.75,0,0.3,0,"fixed",1,0.2,0.6,0.1,"fixed_1",0.278,0.0141674274305535,0.278,0.003584229390681,1.90589582367026,0.00917371765762376,0.0152895294293729,0.473166729019079,0.473019052251414,0.938,1.80052389659859,1,1000,1000,17.9886,2.09198236985401,4.99999999999995e-05,20260709,1000
40,6,4,0,Inf,0.75,0,0.3,0,"fixed",1,0.2,0.6,0.1,"fixed_1",0.455,0.0157472219772251,0.455,0,1.45067051038159,-0.014806993439435,-0.0246783223990584,0.337734446075041,0.337890127947332,0.944,1.27994507959296,1,1000,1000,17.9808,2.11454058491076,7.50000000000003e-05,20260709,1000
60,6,4,0,Inf,0.75,0,0.3,0,"fixed",1,0.2,0.6,0.1,"fixed_1",0.608,0.015438134602341,0.608,0,1.26934278772373,-0.00224099661173016,-0.0037349943528836,0.263522291165158,0.263400030388774,0.947,1.04023450172581,1,1000,1000,17.9973166666667,2.10290363013881,0.00015,20260709,1000
90,6,4,0,Inf,0.75,0,0.3,0,"fixed",1,0.2,0.6,0.1,"fixed_1",0.788,0.0129250145067617,0.788,0,1.12042861224735,-0.00656068509383401,-0.01093447515639,0.220707925751284,0.220695081707422,0.942,0.847909172906223,1,1000,1000,17.9928333333333,2.11602481857503,0.000166666666666667,20260709,1000
120,6,4,0,Inf,0.75,0,0.3,0,"fixed",1,0.2,0.6,0.1,"fixed_1",0.887,0.0100115433375679,0.887,0,1.05412377237889,-0.00768078005931716,-0.0128013000988619,0.1859832129659,0.186048811154314,0.946,0.733487375806078,1,1000,1000,18.0131666666667,2.12062780561441,1e-04,20260709,1000
150,6,4,0,Inf,0.75,0,0.3,0,"fixed",1,0.2,0.6,0.1,"fixed_1",0.957,0.00641490451994416,0.957,0,1.02481217738867,-2.26515595407317e-05,-3.77525992345529e-05,0.166512142542773,0.166428867188549,0.953,0.655854834516358,1,1000,1000,17.9906266666667,2.12102718800568,0.00014,20260709,1000
20,7,4,0,Inf,0.75,0,0.3,0,"fixed",1,0.2,0.6,0.1,"fixed_1",0.285,0.0142749781085647,0.285,0,1.86445298632762,0.00018921436593633,0.00031535727656055,0.466552457789769,0.466319161600594,0.926,1.78641558252468,1,1000,1000,21.02365,2.27542256181626,4.99999999999995e-05,20260709,1000
40,7,4,0,Inf,0.75,0,0.3,0,"fixed",1,0.2,0.6,0.1,"fixed_1",0.441,0.0157009235397157,0.441,0,1.44004324320749,-0.0182151945266521,-0.0303586575444202,0.320809724254429,0.321166239833315,0.947,1.26683804437772,1,1000,1000,21.0174,2.27171780292654,0,20260709,1000
60,7,4,0,Inf,0.75,0,0.3,0,"fixed",1,0.2,0.6,0.1,"fixed_1",0.625,0.0153093108923949,0.625,0,1.2592177665387,0.00316854888068885,0.00528091480114808,0.259397108877406,0.259286738835353,0.952,1.03328663682336,1,1000,1000,21.001,2.27060005132428,0,20260709,1000
90,7,4,0,Inf,0.75,0,0.3,0,"fixed",1,0.2,0.6,0.1,"fixed_1",0.767,0.0133682833602524,0.767,0,1.13454598012272,-0.00478995947393179,-0.00798326578988632,0.219913388864315,0.219855589910622,0.952,0.848366510760297,1,1000,1000,20.9908888888889,2.29226191893805,0,20260709,1000
120,7,4,0,Inf,0.75,0,0.3,0,"fixed",1,0.2,0.6,0.1,"fixed_1",0.891,0.00985489725973843,0.891,0,1.07099928110662,0.0020302485637278,0.003383747606213,0.191403118105614,0.191318165306281,0.944,0.732482121063832,1,1000,1000,21.0019416666667,2.28204653409425,0,20260709,1000
150,7,4,0,Inf,0.75,0,0.3,0,"fixed",1,0.2,0.6,0.1,"fixed_1",0.951,0.00682634602111555,0.951,0,1.03819143346959,0.00504976939034529,0.00841628231724216,0.168550874293938,0.168542243959553,0.951,0.654396508739301,1,1000,1000,20.9950666666667,2.28977736982432,0,20260709,1000
20,8,4,0,Inf,0.75,0,0.3,0,"fixed",1,0.2,0.6,0.1,"fixed_1",0.267,0.0139896747639107,0.267,0.00743494423791822,1.92299079886314,-0.00760734235755489,-0.0126789039292582,0.475210188615022,0.475033441241673,0.938,1.79780777967787,1,1000,1000,24.02625,2.41514952125041,0,20260709,1000
40,8,4,0,Inf,0.75,0,0.3,0,"fixed",1,0.2,0.6,0.1,"fixed_1",0.477,0.0157946509932952,0.477,0,1.44258326599255,0.00768001713585764,0.0128000285597627,0.320293858406536,0.320225780099636,0.949,1.26517021426179,1,1000,1000,23.99315,2.44762618987647,0,20260709,1000
60,8,4,0,Inf,0.75,0,0.3,0,"fixed",1,0.2,0.6,0.1,"fixed_1",0.648,0.0151028474136502,0.648,0,1.24704123595509,0.00245180440006809,0.00408634066678015,0.265534521341026,0.265413045622479,0.947,1.03482499317529,1,1000,1000,24.0160333333333,2.44927588632136,0,20260709,1000
90,8,4,0,Inf,0.75,0,0.3,0,"fixed",1,0.2,0.6,0.1,"fixed_1",0.799,0.0126727660753286,0.799,0,1.14190779405247,0.0105883121208435,0.0176471868680726,0.217294426909075,0.217443701797376,0.952,0.845853411404865,1,1000,1000,23.9964111111111,2.43352614067793,0,20260709,1000
120,8,4,0,Inf,0.75,0,0.3,0,"fixed",1,0.2,0.6,0.1,"fixed_1",0.872,0.0105648473723003,0.872,0,1.06206486680101,-0.00672393753364231,-0.0112065625560705,0.190027030535759,0.190050975787709,0.951,0.730623845494582,1,1000,1000,23.9987666666667,2.44751502849947,0,20260709,1000
150,8,4,0,Inf,0.75,0,0.3,0,"fixed",1,0.2,0.6,0.1,"fixed_1",0.948,0.00702111102319284,0.948,0,1.02264888451779,-0.00437963470153213,-0.00729939116922022,0.166108370129192,0.166083051021074,0.956,0.654245362524904,1,1000,1000,23.9975933333333,2.44491256166367,0,20260709,1000
20,1,5,0,Inf,0.75,0,0.3,0,"fixed",1,0.2,0.6,0.1,"fixed_1",0.163179916317992,0.0239028920387839,0.039,0,2.07207371202495,-0.128410780246978,-0.214017967078297,0.520313642935054,0.534867151297564,0.907949790794979,1.82096348073898,0.239,239,1000,3.75385,0.958366426434482,1,20260709,1000
40,1,5,0,Inf,0.75,0,0.3,0,"fixed",1,0.2,0.6,0.1,"fixed_1",0.327586206896552,0.0616264447193989,0.019,0,1.18162266514635,-0.212426081359328,-0.354043468932213,0.327290728835639,0.387810750366232,0.827586206896552,1.09617491232967,0.058,58,1000,3.752525,0.961281302352578,1,20260709,1000
60,1,5,0,Inf,0.75,0,0.3,0,"fixed",1,0.2,0.6,0.1,"fixed_1",0.344827586206897,0.0882632273954608,0.01,0,0.841070048945004,-0.288073747964716,-0.480122913274527,0.185454390825625,0.340872173122521,0.689655172413793,0.796877513301825,0.029,29,1000,3.74786666666667,0.968796551208836,1,20260709,1000
90,1,5,0,Inf,0.75,0,0.3,0,"fixed",1,0.2,0.6,0.1,"fixed_1",0.4,0.154919333848297,0.004,0,0.644483375752654,-0.345344668784691,-0.575574447974485,0.12353534461059,0.36468866652154,0.4,0.613399348352526,0.01,10,1000,3.74615555555556,0.964835041056524,1,20260709,1000
120,1,5,0,Inf,0.75,0,0.3,0,"fixed",1,0.2,0.6,0.1,"fixed_1",1,0,0.001,0,0.536747827666877,-0.277951303399874,-0.463252172333123,NA,0.277951303399874,0,0.506773609056008,0.001,1,1000,3.74821666666667,0.965406890581778,1,20260709,1000
150,1,5,0,Inf,0.75,0,0.3,0,"fixed",1,0.2,0.6,0.1,"fixed_1",NA,NA,0,NA,NA,NA,NA,NA,NA,NA,NA,0,0,1000,3.74749333333333,0.967799536191627,1,20260709,1000
20,2,5,0,Inf,0.75,0,0.3,0,"fixed",1,0.2,0.6,0.1,"fixed_1",0.257281553398058,0.0152283490935643,0.212,0,2.01740053610174,0.00721537822434937,0.0120256303739156,0.509665293921975,0.509407039955635,0.935679611650485,1.85920390304156,0.824,824,1000,7.5076,1.3536522826049,0.9428,20260709,1000
40,2,5,0,Inf,0.75,0,0.3,0,"fixed",1,0.2,0.6,0.1,"fixed_1",0.416455696202532,0.0175391190006867,0.329,0,1.47078800076626,-0.0253447905656221,-0.0422413176093702,0.342086338982444,0.342807950997829,0.936708860759494,1.30164567813701,0.79,790,1000,7.501725,1.36153602627523,0.94395,20260709,1000
60,2,5,0,Inf,0.75,0,0.3,0,"fixed",1,0.2,0.6,0.1,"fixed_1",0.605898123324397,0.017891001058329,0.452,0,1.2187656449046,-0.0173142034894116,-0.028857005815686,0.253058679387779,0.253481033020188,0.954423592493298,1.04313901083096,0.746,746,1000,7.5067,1.35810470391337,0.944133333333333,20260709,1000
90,2,5,0,Inf,0.75,0,0.3,0,"fixed",1,0.2,0.6,0.1,"fixed_1",0.73943661971831,0.0164732008202597,0.525,0,1.05679795632868,-0.0546947969652631,-0.0911579949421052,0.210773975750747,0.217611163096623,0.945070422535211,0.831655408289018,0.71,710,1000,7.50427777777778,1.36413062328031,0.943277777777778,20260709,1000
120,2,5,0,Inf,0.75,0,0.3,0,"fixed",1,0.2,0.6,0.1,"fixed_1",0.872857142857143,0.012591241344704,0.611,0,0.995600754511368,-0.0444847464793007,-0.0741412441321678,0.18235517899492,0.187576115489959,0.93,0.719330607446342,0.7,700,1000,7.49654166666667,1.36661491250821,0.94385,20260709,1000
150,2,5,0,Inf,0.75,0,0.3,0,"fixed",1,0.2,0.6,0.1,"fixed_1",0.928571428571429,0.00993479714757476,0.624,0,0.944190337453846,-0.0564576112158715,-0.0940960186931191,0.163796273296962,0.173137969772441,0.943452380952381,0.641577356462392,0.672,672,1000,7.49972,1.36390651701724,0.944013333333333,20260709,1000
20,3,5,0,Inf,0.75,0,0.3,0,"fixed",1,0.2,0.6,0.1,"fixed_1",0.272,0.0140718158032288,0.272,0,1.9310231569025,0.00738332426835597,0.01230554044726,0.480035182289546,0.479851910423178,0.943,1.84088823011221,1,1000,1000,11.2223,1.6652137724485,0.15495,20260709,1000
40,3,5,0,Inf,0.75,0,0.3,0,"fixed",1,0.2,0.6,0.1,"fixed_1",0.441,0.0157009235397157,0.441,0,1.48973908696131,-0.000152010203877562,-0.000253350339795936,0.340884993603092,0.340714542384117,0.943,1.29315944478005,1,1000,1000,11.262825,1.67762655417774,0.148275,20260709,1000
60,3,5,0,Inf,0.75,0,0.3,0,"fixed",1,0.2,0.6,0.1,"fixed_1",0.601,0.0154854447788883,0.601,0,1.24576068982771,-0.0131507949230536,-0.0219179915384227,0.257126245990188,0.25733389958911,0.954,1.03850868452098,1,1000,1000,11.258,1.66694738023894,0.146066666666667,20260709,1000
90,3,5,0,Inf,0.75,0,0.3,0,"fixed",1,0.2,0.6,0.1,"fixed_1",0.778,0.0131421459434904,0.778,0,1.10003653700967,-0.0161942937627411,-0.0269904896045684,0.20857694224344,0.209100673469172,0.953,0.85135681217744,1,1000,1000,11.2493555555556,1.67486245666244,0.1485,20260709,1000
120,3,5,0,Inf,0.75,0,0.3,0,"fixed",1,0.2,0.6,0.1,"fixed_1",0.889,0.00993373041711924,0.889,0,1.052282639773,-0.00779749413486708,-0.0129958235581118,0.186174686960077,0.18624487634671,0.952,0.732889788254705,1,1000,1000,11.246225,1.67683507834396,0.148708333333333,20260709,1000
150,3,5,0,Inf,0.75,0,0.3,0,"fixed",1,0.2,0.6,0.1,"fixed_1",0.948,0.00702111102319284,0.948,0,1.013107712718,-0.0102034985444739,-0.0170058309074565,0.166237192814089,0.166467056359452,0.956,0.656369187826843,1,1000,1000,11.2431266666667,1.67467838686343,0.149566666666667,20260709,1000
20,4,5,0,Inf,0.75,0,0.3,0,"fixed",1,0.2,0.6,0.1,"fixed_1",0.257,0.0138185020895899,0.257,0,1.86645575836883,0.002065542781019,0.00344257130169834,0.445173683296082,0.444955835064651,0.95,1.81203269219554,1,1000,1000,15.01365,1.91813310870174,0.00380000000000001,20260709,1000
40,4,5,0,Inf,0.75,0,0.3,0,"fixed",1,0.2,0.6,0.1,"fixed_1",0.451,0.015735278834517,0.451,0,1.45006708195748,-0.00426903704622472,-0.00711506174370787,0.325559824212333,0.325425006137091,0.949,1.27459253012852,1,1000,1000,15.01355,1.93571293674093,0.004025,20260709,1000
60,4,5,0,Inf,0.75,0,0.3,0,"fixed",1,0.2,0.6,0.1,"fixed_1",0.608,0.015438134602341,0.608,0,1.26780503703058,-0.00810153938922908,-0.0135025656487151,0.275167457962,0.275149137254368,0.938,1.03985469975165,1,1000,1000,14.9891833333333,1.92776150029282,0.00423333333333333,20260709,1000
90,4,5,0,Inf,0.75,0,0.3,0,"fixed",1,0.2,0.6,0.1,"fixed_1",0.782,0.0130566458173606,0.782,0,1.13859163686632,-0.00050359048668791,-0.000839317477813184,0.22397232524127,0.223860877499588,0.939,0.851137971614822,1,1000,1000,15.0018111111111,1.93043730168505,0.00353333333333333,20260709,1000
120,4,5,0,Inf,0.75,0,0.3,0,"fixed",1,0.2,0.6,0.1,"fixed_1",0.88,0.0102761860629321,0.88,0,1.05794756741752,-0.00663378509584589,-0.0110563084930765,0.193089200978328,0.193106610968171,0.938,0.738154269094696,1,1000,1000,15.0099666666667,1.91895135751808,0.00380833333333333,20260709,1000
150,4,5,0,Inf,0.75,0,0.3,0,"fixed",1,0.2,0.6,0.1,"fixed_1",0.946,0.00714730718522718,0.946,0,1.01900125231702,-0.00743738918167602,-0.0123956486361267,0.167016703942019,0.167098771910808,0.953,0.658250219470977,1,1000,1000,14.9974,1.93413974508486,0.00378666666666667,20260709,1000
20,5,5,0,Inf,0.75,0,0.3,0,"fixed",1,0.2,0.6,0.1,"fixed_1",0.284,0.0142598737722323,0.284,0.00350877192982456,1.91463694371267,0.00311620517426459,0.00519367529044098,0.475058811794136,0.474831448540723,0.929,1.78472522744509,1,1000,1000,18.7411,2.14393362257007,0,20260709,1000
40,5,5,0,Inf,0.75,0,0.3,0,"fixed",1,0.2,0.6,0.1,"fixed_1",0.464,0.0157703519301251,0.464,0,1.4633769635502,0.008729246118093,0.014548743530155,0.323795889874487,0.32375165522218,0.95,1.27522684322249,1,1000,1000,18.7509,2.15592192942376,0,20260709,1000
60,5,5,0,Inf,0.75,0,0.3,0,"fixed",1,0.2,0.6,0.1,"fixed_1",0.618,0.015364764885933,0.618,0,1.25941096818511,-0.000143618880048546,-0.00023936480008091,0.261367291561855,0.261236614707173,0.95,1.04010051724591,1,1000,1000,18.7463,2.16191477531018,1.66666666666668e-05,20260709,1000
90,5,5,0,Inf,0.75,0,0.3,0,"fixed",1,0.2,0.6,0.1,"fixed_1",0.789,0.0129026741414329,0.789,0,1.11042239415986,-0.00951593496124925,-0.0158598916020821,0.215416290855545,0.215518739801859,0.942,0.845962175435528,1,1000,1000,18.7512333333333,2.16148416234451,2.22222222222223e-05,20260709,1000
120,5,5,0,Inf,0.75,0,0.3,0,"fixed",1,0.2,0.6,0.1,"fixed_1",0.892,0.00981509042240569,0.892,0,1.04752983145766,-0.00831591075968241,-0.0138598512661374,0.177810241862876,0.177915766589097,0.962,0.733686886405124,1,1000,1000,18.751575,2.16305945308007,4.16666666666665e-05,20260709,1000
150,5,5,0,Inf,0.75,0,0.3,0,"fixed",1,0.2,0.6,0.1,"fixed_1",0.948,0.00702111102319284,0.948,0,1.02972883611419,-0.000766381493677248,-0.00127730248946208,0.170820052228153,0.170736340869715,0.936,0.655375991803,1,1000,1000,18.7576266666667,2.16756470390237,5.33333333333332e-05,20260709,1000
20,6,5,0,Inf,0.75,0,0.3,0,"fixed",1,0.2,0.6,0.1,"fixed_1",0.28,0.0141985914794391,0.28,0,1.90501396585944,0.0184309968797446,0.0307183281329076,0.455884863599201,0.456029472179139,0.933,1.78486524994027,1,1000,1000,22.4772,2.345073088185,0,20260709,1000
40,6,5,0,Inf,0.75,0,0.3,0,"fixed",1,0.2,0.6,0.1,"fixed_1",0.473,0.0157883184665119,0.473,0,1.47543110374403,0.0164172139792456,0.0273620232987426,0.333676755674017,0.333913704442781,0.932,1.27764487697114,1,1000,1000,22.48845,2.35795170763511,0,20260709,1000
60,6,5,0,Inf,0.75,0,0.3,0,"fixed",1,0.2,0.6,0.1,"fixed_1",0.617,0.0153724103510152,0.617,0,1.25478433703989,-0.00600947553917319,-0.0100157925652887,0.263282442387025,0.263219377366226,0.942,1.03404786306463,1,1000,1000,22.4872333333333,2.35083363574294,0,20260709,1000
90,6,5,0,Inf,0.75,0,0.3,0,"fixed",1,0.2,0.6,0.1,"fixed_1",0.809,0.0124305671632472,0.809,0,1.1441807490661,0.0118314174859625,0.0197190291432708,0.222715867572479,0.222918679680776,0.935,0.844679317358764,1,1000,1000,22.4970777777778,2.35640130226663,0,20260709,1000
120,6,5,0,Inf,0.75,0,0.3,0,"fixed",1,0.2,0.6,0.1,"fixed_1",0.895,0.00969407035254026,0.895,0,1.0571067495947,-0.00205835863026504,-0.00343059771710841,0.185764327438688,0.185682831203238,0.946,0.729635196026273,1,1000,1000,22.504275,2.37323880505171,0,20260709,1000
150,6,5,0,Inf,0.75,0,0.3,0,"fixed",1,0.2,0.6,0.1,"fixed_1",0.944,0.00727076337120113,0.944,0,1.02770485856977,-0.00276855576406321,-0.00461425960677201,0.164276034189455,0.16421721497646,0.951,0.654203207182061,1,1000,1000,22.5011,2.36614615724859,0,20260709,1000
20,7,5,0,Inf,0.75,0,0.3,0,"fixed",1,0.2,0.6,0.1,"fixed_1",0.291,0.0143638086871136,0.291,0.0102040816326531,1.90679704868867,0.0243688491865465,0.0406147486442441,0.472426738223408,0.47281886254262,0.931,1.77648159342165,1,1000,1000,26.28395,2.5150457141015,0,20260709,1000
40,7,5,0,Inf,0.75,0,0.3,0,"fixed",1,0.2,0.6,0.1,"fixed_1",0.456,0.0157500476189756,0.456,0,1.44783487498934,-0.00524542510564985,-0.00874237517608308,0.327543810059616,0.327422016738949,0.939,1.26190677003101,1,1000,1000,26.2621,2.54337430732727,0,20260709,1000
60,7,5,0,Inf,0.75,0,0.3,0,"fixed",1,0.2,0.6,0.1,"fixed_1",0.625,0.0153093108923949,0.625,0,1.25255758437544,-0.00361858177511665,-0.00603096962519441,0.256197730953122,0.256095166300041,0.944,1.02858916557608,1,1000,1000,26.2557666666667,2.53840365765481,0,20260709,1000
90,7,5,0,Inf,0.75,0,0.3,0,"fixed",1,0.2,0.6,0.1,"fixed_1",0.797,0.0127197091161709,0.797,0,1.12926330599011,0.0020312962174438,0.00338549369573967,0.216349592768774,0.216250931348853,0.945,0.839813728597646,1,1000,1000,26.2613333333333,2.55373450981246,0,20260709,1000
120,7,5,0,Inf,0.75,0,0.3,0,"fixed",1,0.2,0.6,0.1,"fixed_1",0.886,0.0100500746265886,0.886,0,1.05878524613764,-0.0065661239728978,-0.0109435399548297,0.192639217958332,0.192654801163453,0.942,0.728346864777132,1,1000,1000,26.2464666666667,2.55125262859952,0,20260709,1000
150,7,5,0,Inf,0.75,0,0.3,0,"fixed",1,0.2,0.6,0.1,"fixed_1",0.959,0.00627048642451286,0.959,0,1.0235225408476,-0.000319035206370444,-0.00053172534395074,0.164966277420525,0.164884082302576,0.96,0.651508589875023,1,1000,1000,26.25414,2.55981953933819,0,20260709,1000
20,8,5,0,Inf,0.75,0,0.3,0,"fixed",1,0.2,0.6,0.1,"fixed_1",0.275,0.0141200212464429,0.275,0.0036231884057971,1.8727690223712,0.00596956040606311,0.00994926734343852,0.456951988584406,0.456762466061753,0.93,1.77146793429886,1,1000,1000,30.0328,2.70847465940375,0,20260709,1000
40,8,5,0,Inf,0.75,0,0.3,0,"fixed",1,0.2,0.6,0.1,"fixed_1",0.45,0.0157321327225523,0.45,0,1.43255470093494,-0.0131933309697244,-0.0219888849495407,0.319665033651554,0.319777441336605,0.95,1.25850844368508,1,1000,1000,29.995025,2.7206534877616,0,20260709,1000
60,8,5,0,Inf,0.75,0,0.3,0,"fixed",1,0.2,0.6,0.1,"fixed_1",0.619,0.0153570504980611,0.619,0,1.27955193721252,0.00635662820306082,0.0105943803384347,0.266600373861481,0.266542848911484,0.943,1.02436266682351,1,1000,1000,29.98735,2.72703653913835,0,20260709,1000
90,8,5,0,Inf,0.75,0,0.3,0,"fixed",1,0.2,0.6,0.1,"fixed_1",0.787,0.0129472390879291,0.787,0,1.12860121566232,-0.00188482875538731,-0.00314138125897886,0.219490611349017,0.219388935275533,0.944,0.839974236380875,1,1000,1000,29.9933777777778,2.72674828739586,0,20260709,1000
120,8,5,0,Inf,0.75,0,0.3,0,"fixed",1,0.2,0.6,0.1,"fixed_1",0.921,0.00852988862764339,0.921,0,1.06213203628326,0.0101390041866314,0.0168983403110523,0.176074753351385,0.176278517848545,0.959,0.728505442153349,1,1000,1000,30.0023333333333,2.71312097798371,0,20260709,1000
150,8,5,0,Inf,0.75,0,0.3,0,"fixed",1,0.2,0.6,0.1,"fixed_1",0.96,0.00619677335393187,0.96,0,1.0108859888698,-0.0081441714935111,-0.0135736191558518,0.166743784548863,0.166859263228949,0.953,0.650383758381645,1,1000,1000,30.0030333333333,2.73677955015689,0,20260709,1000
20,1,6,0,Inf,0.75,0,0.3,0,"fixed",1,0.2,0.6,0.1,"fixed_1",0.216417910447761,0.0251548338493718,0.058,0.0169491525423729,2.0524421864683,-0.0218223742034348,-0.0363706236723913,0.532950025140592,0.532402207454497,0.914179104477612,1.9456212157353,0.268,268,1000,4.50355,1.04868563742148,1,20260709,1000
40,1,6,0,Inf,0.75,0,0.3,0,"fixed",1,0.2,0.6,0.1,"fixed_1",0.402061855670103,0.0497838751567291,0.039,0,1.44731898912967,-0.0870403108787503,-0.145067184797917,0.39728452742243,0.404702170172965,0.835051546391753,1.23632832137897,0.097,97,1000,4.503975,1.05332558948916,1,20260709,1000
60,1,6,0,Inf,0.75,0,0.3,0,"fixed",1,0.2,0.6,0.1,"fixed_1",0.526315789473684,0.0809982909540911,0.02,0,1.03294924191812,-0.156362744086326,-0.260604573477209,0.248665378246942,0.290957995547898,0.81578947368421,0.895806519549384,0.038,38,1000,4.50108333333333,1.05852678303202,1,20260709,1000
90,1,6,0,Inf,0.75,0,0.3,0,"fixed",1,0.2,0.6,0.1,"fixed_1",0,0,0,NA,NA,-0.344847097268328,-0.574745162113879,NA,0.344847097268328,0,0.531018819842718,0.001,1,1000,4.49876666666667,1.05750919500331,1,20260709,1000
120,1,6,0,Inf,0.75,0,0.3,0,"fixed",1,0.2,0.6,0.1,"fixed_1",0.666666666666667,0.272165526975909,0.002,0,0.509995574415305,-0.417950328393275,-0.696583880655459,0.215817674635222,0.453579088429662,0,0.466191436634253,0.003,3,1000,4.49674166666667,1.05769489959284,1,20260709,1000
150,1,6,0,Inf,0.75,0,0.3,0,"fixed",1,0.2,0.6,0.1,"fixed_1",NA,NA,0,NA,NA,NA,NA,NA,NA,NA,NA,0,0,1000,4.49844,1.06159576708673,1,20260709,1000
20,2,6,0,Inf,0.75,0,0.3,0,"fixed",1,0.2,0.6,0.1,"fixed_1",0.251559251559252,0.0139897941161352,0.242,0,1.92819142922901,-0.00561662604614555,-0.00936104341024258,0.479340268104568,0.479123988110669,0.936590436590437,1.85626719070698,0.962,962,1000,9.00945,1.48871246977508,0.6051,20260709,1000
40,2,6,0,Inf,0.75,0,0.3,0,"fixed",1,0.2,0.6,0.1,"fixed_1",0.424024640657084,0.0158349983020066,0.413,0,1.47573604633758,-0.0170293405476742,-0.0283822342461237,0.347754246852526,0.347992605432723,0.928131416837782,1.29419166136208,0.974,974,1000,9.009625,1.48853476215724,0.6046,20260709,1000
60,2,6,0,Inf,0.75,0,0.3,0,"fixed",1,0.2,0.6,0.1,"fixed_1",0.560123329907503,0.0159129564875141,0.545,0,1.24297375740007,-0.0322870970109964,-0.0538118283516607,0.266248462794065,0.268063136659131,0.934224049331963,1.03888951145647,0.973,973,1000,9.00083333333333,1.49483194443641,0.60995,20260709,1000
90,2,6,0,Inf,0.75,0,0.3,0,"fixed",1,0.2,0.6,0.1,"fixed_1",0.770854271356784,0.0133238729972188,0.767,0,1.08769948797184,-0.0298182376910733,-0.0496970628184555,0.219738402496522,0.22164287768204,0.94572864321608,0.835998121438093,0.995,995,1000,9.00512222222222,1.49261076071111,0.607555555555556,20260709,1000
120,2,6,0,Inf,0.75,0,0.3,0,"fixed",1,0.2,0.6,0.1,"fixed_1",0.870221327967807,0.0106591686153837,0.865,0,1.01323458104227,-0.033665543412923,-0.0561092390215384,0.181214519012626,0.184225497124646,0.95271629778672,0.723344762926984,0.994,994,1000,8.999675,1.49833710667656,0.610008333333333,20260709,1000
150,2,6,0,Inf,0.75,0,0.3,0,"fixed",1,0.2,0.6,0.1,"fixed_1",0.932932932932933,0.00791401966698201,0.932,0,0.97538376918904,-0.0362652567991515,-0.0604420946652525,0.159982924275562,0.163963669007048,0.957957957957958,0.646206081523703,0.999,999,1000,8.99976,1.4983248119871,0.608733333333333,20260709,1000
20,3,6,0,Inf,0.75,0,0.3,0,"fixed",1,0.2,0.6,0.1,"fixed_1",0.275,0.0141200212464429,0.275,0.0036231884057971,1.92360874200622,0.00919333087355578,0.015322218122593,0.4751885850246,0.475039897775855,0.935,1.80846757548683,1,1000,1000,13.51445,1.81307240275737,0.0186,20260709,1000
40,3,6,0,Inf,0.75,0,0.3,0,"fixed",1,0.2,0.6,0.1,"fixed_1",0.482,0.0158011391994375,0.482,0,1.49223411128673,0.0242749399739451,0.0404582332899086,0.33623956918935,0.336946974391357,0.942,1.28101073011558,1,1000,1000,13.500225,1.82872044865767,0.019975,20260709,1000
60,3,6,0,Inf,0.75,0,0.3,0,"fixed",1,0.2,0.6,0.1,"fixed_1",0.617,0.0153724103510152,0.617,0,1.25105823522367,-0.00454593345837206,-0.00757655576395344,0.257851844602885,0.257762975817617,0.96,1.04342186948003,1,1000,1000,13.49655,1.81978605376871,0.0185666666666667,20260709,1000
90,3,6,0,Inf,0.75,0,0.3,0,"fixed",1,0.2,0.6,0.1,"fixed_1",0.796,0.0127429980773757,0.796,0,1.12405635836096,-0.0032940674037566,-0.00549011233959433,0.221632732671291,0.221546378898895,0.943,0.848377938857136,1,1000,1000,13.5002777777778,1.83558448798825,0.0194111111111111,20260709,1000
120,3,6,0,Inf,0.75,0,0.3,0,"fixed",1,0.2,0.6,0.1,"fixed_1",0.877,0.0103860964755773,0.877,0,1.05154559756028,-0.0132086299042443,-0.0220143831737405,0.190548773500233,0.190910958698834,0.947,0.738187353700986,1,1000,1000,13.4877083333333,1.84352563557549,0.0192583333333333,20260709,1000
150,3,6,0,Inf,0.75,0,0.3,0,"fixed",1,0.2,0.6,0.1,"fixed_1",0.922,0.00848033018225116,0.922,0,1.01665375353909,-0.0166486872183894,-0.027747812030649,0.168919494488249,0.169653884743743,0.948,0.658548207566768,1,1000,1000,13.4951733333333,1.83841388589089,0.0194666666666667,20260709,1000
20,4,6,0,Inf,0.75,0,0.3,0,"fixed",1,0.2,0.6,0.1,"fixed_1",0.257,0.0138185020895899,0.257,0.00772200772200772,1.87926512036214,-0.0094668155941422,-0.015778025990237,0.457528328565204,0.45739748563555,0.94,1.79798455006649,1,1000,1000,17.9944,2.08590397777309,0.000150000000000001,20260709,1000
40,4,6,0,Inf,0.75,0,0.3,0,"fixed",1,0.2,0.6,0.1,"fixed_1",0.473,0.0157883184665119,0.473,0,1.43734645099454,0.00112228707675033,0.00187047846125055,0.320418027828135,0.32025974516476,0.949,1.26974653196885,1,1000,1000,18.0043,2.10629429087347,7.50000000000005e-05,20260709,1000
60,4,6,0,Inf,0.75,0,0.3,0,"fixed",1,0.2,0.6,0.1,"fixed_1",0.605,0.0154588162548107,0.605,0.00165016501650165,1.25072926185054,-0.00927156892257686,-0.0154526148709614,0.258167598448314,0.258204996795119,0.958,1.03310390201489,1,1000,1000,18.0020833333333,2.10586959909591,8.33333333333332e-05,20260709,1000
90,4,6,0,Inf,0.75,0,0.3,0,"fixed",1,0.2,0.6,0.1,"fixed_1",0.78,0.0130996183150503,0.78,0,1.13161953815456,-0.0027668627028713,-0.00461143783811883,0.221065292314249,0.220972055092346,0.941,0.846724563407475,1,1000,1000,17.9975777777778,2.11305268019368,0.000155555555555555,20260709,1000
120,4,6,0,Inf,0.75,0,0.3,0,"fixed",1,0.2,0.6,0.1,"fixed_1",0.88,0.0102761860629321,0.88,0,1.04095173362229,-0.0173219846633345,-0.0288699744388908,0.188203126847706,0.188904864127357,0.953,0.732209814874959,1,1000,1000,18.005775,2.12096354288405,0.000141666666666667,20260709,1000
150,4,6,0,Inf,0.75,0,0.3,0,"fixed",1,0.2,0.6,0.1,"fixed_1",0.955,0.00655553201502365,0.955,0,1.03439713780911,0.00408654778290873,0.00681091297151456,0.167770739909251,0.167736620990498,0.942,0.655960436906591,1,1000,1000,18.0055133333333,2.12076805557931,7.99999999999998e-05,20260709,1000
20,5,6,0,Inf,0.75,0,0.3,0,"fixed",1,0.2,0.6,0.1,"fixed_1",0.264,0.0139392969693597,0.264,0.00377358490566038,1.89873439750982,0.00546139066327678,0.00910231777212796,0.467045595403293,0.466843960425117,0.936,1.79452793036494,1,1000,1000,22.4799,2.34457997507222,0,20260709,1000
40,5,6,0,Inf,0.75,0,0.3,0,"fixed",1,0.2,0.6,0.1,"fixed_1",0.437,0.0156853753541316,0.437,0,1.47547798700151,-0.00698195191750495,-0.0116365865291749,0.331289503915267,0.331197418953708,0.943,1.2659934532698,1,1000,1000,22.4879,2.35053754039147,0,20260709,1000
60,5,6,0,Inf,0.75,0,0.3,0,"fixed",1,0.2,0.6,0.1,"fixed_1",0.618,0.015364764885933,0.618,0,1.26640639252836,0.0016881045601882,0.00281350760031366,0.258463149547945,0.258339401121036,0.96,1.0414472703503,1,1000,1000,22.4886833333333,2.36033114325944,0,20260709,1000
90,5,6,0,Inf,0.75,0,0.3,0,"fixed",1,0.2,0.6,0.1,"fixed_1",0.777,0.0131632442809514,0.777,0,1.11539348003849,-0.0129449647787601,-0.0215749412979334,0.213987641505211,0.214272004982847,0.952,0.842333047812116,1,1000,1000,22.5135888888889,2.3541099672697,0,20260709,1000
120,5,6,0,Inf,0.75,0,0.3,0,"fixed",1,0.2,0.6,0.1,"fixed_1",0.907,0.00918428004799505,0.907,0,1.06980179623506,0.00906407410750576,0.0151067901791763,0.187332233119293,0.187457807624335,0.946,0.728975188276387,1,1000,1000,22.4884166666667,2.36208952966534,0,20260709,1000
150,5,6,0,Inf,0.75,0,0.3,0,"fixed",1,0.2,0.6,0.1,"fixed_1",0.948,0.00702111102319284,0.948,0,1.02659115323414,-0.00314574861706607,-0.00524291436177678,0.172553485166694,0.172495873203654,0.947,0.654113591615206,1,1000,1000,22.51034,2.36287918795938,0,20260709,1000
20,6,6,0,Inf,0.75,0,0.3,0,"fixed",1,0.2,0.6,0.1,"fixed_1",0.272,0.0140718158032288,0.272,0,1.90377292742143,0.00125859207208812,0.00209765345348019,0.471654097195836,0.471419891252185,0.93,1.80570584587026,1,1000,1000,26.9934,2.58278559555453,0,20260709,1000
40,6,6,0,Inf,0.75,0,0.3,0,"fixed",1,0.2,0.6,0.1,"fixed_1",0.478,0.0157960754619621,0.478,0,1.44573769599026,0.00908523952415996,0.0151420658735999,0.318084025757663,0.318054730466269,0.952,1.26159394142877,1,1000,1000,27.007275,2.57756662364451,0,20260709,1000
60,6,6,0,Inf,0.75,0,0.3,0,"fixed",1,0.2,0.6,0.1,"fixed_1",0.611,0.0154168414404508,0.611,0,1.2732813259068,-0.0041391455071409,-0.00689857584523483,0.270346439790147,0.270242932997756,0.939,1.03193113740493,1,1000,1000,26.9971833333333,2.59067903954033,0,20260709,1000
90,6,6,0,Inf,0.75,0,0.3,0,"fixed",1,0.2,0.6,0.1,"fixed_1",0.803,0.0125774003673255,0.803,0,1.11887585509076,0.00157117535307993,0.00261862558846656,0.203200069132854,0.203104520923319,0.969,0.841877017213074,1,1000,1000,27.0029222222222,2.59421761415071,0,20260709,1000
120,6,6,0,Inf,0.75,0,0.3,0,"fixed",1,0.2,0.6,0.1,"fixed_1",0.895,0.00969407035254026,0.895,0,1.05726855861358,-0.0028444702158994,-0.00474078369316566,0.189790459793027,0.189716865936135,0.934,0.729013834641514,1,1000,1000,27.0020166666667,2.59674438820261,0,20260709,1000
150,6,6,0,Inf,0.75,0,0.3,0,"fixed",1,0.2,0.6,0.1,"fixed_1",0.937,0.00768316341099159,0.937,0,1.02747366464984,-0.00553767633518654,-0.00922946055864423,0.173240869677048,0.173242755654391,0.937,0.652547889739537,1,1000,1000,26.9965333333333,2.58993968555066,0,20260709,1000
20,7,6,0,Inf,0.75,0,0.3,0,"fixed",1,0.2,0.6,0.1,"fixed_1",0.273,0.0140879735945238,0.273,0.00364963503649635,1.90096660214515,-0.00296368689161164,-0.00493947815268606,0.460763195248003,0.460542292100352,0.93,1.77233437635425,1,1000,1000,31.4707,2.76969785326752,0,20260709,1000
40,7,6,0,Inf,0.75,0,0.3,0,"fixed",1,0.2,0.6,0.1,"fixed_1",0.453,0.0157413785927409,0.453,0,1.46312859500845,0.00294822038577836,0.00491370064296393,0.329844573470063,0.329692792169381,0.946,1.26821732684453,1,1000,1000,31.53065,2.77605454221968,0,20260709,1000
60,7,6,0,Inf,0.75,0,0.3,0,"fixed",1,0.2,0.6,0.1,"fixed_1",0.619,0.0153570504980611,0.619,0,1.25722707734689,-0.000823504583948198,-0.00137250763991366,0.257739290025616,0.257611704394589,0.948,1.02772502698061,1,1000,1000,31.5001666666667,2.80822896249519,0,20260709,1000
90,7,6,0,Inf,0.75,0,0.3,0,"fixed",1,0.2,0.6,0.1,"fixed_1",0.784,0.0130132240432569,0.784,0,1.13421948416292,-0.00161704862117495,-0.00269508103529159,0.222609984532203,0.222504527716758,0.941,0.842456143757828,1,1000,1000,31.5000666666667,2.80103666218043,0,20260709,1000
120,7,6,0,Inf,0.75,0,0.3,0,"fixed",1,0.2,0.6,0.1,"fixed_1",0.893,0.00977501918156686,0.893,0,1.05323963540301,-0.00565957458987976,-0.00943262431646626,0.189964552475615,0.189953877166543,0.941,0.728142297109121,1,1000,1000,31.4987583333333,2.79495321770455,0,20260709,1000
150,7,6,0,Inf,0.75,0,0.3,0,"fixed",1,0.2,0.6,0.1,"fixed_1",0.951,0.00682634602111555,0.951,0,1.02122966682758,-0.00483317824450902,-0.0080552970741817,0.167915368025055,0.167900967418637,0.95,0.650157182369546,1,1000,1000,31.5002266666667,2.79090206083106,0,20260709,1000
20,8,6,0,Inf,0.75,0,0.3,0,"fixed",1,0.2,0.6,0.1,"fixed_1",0.262,0.0139052508067996,0.262,0,1.83437604954525,0.00362722892353273,0.00604538153922122,0.428855362552074,0.42865622806317,0.949,1.76395621097554,1,1000,1000,35.9878,2.99592786264043,0,20260709,1000
40,8,6,0,Inf,0.75,0,0.3,0,"fixed",1,0.2,0.6,0.1,"fixed_1",0.466,0.0157747900144503,0.466,0,1.46087431629891,0.0108024981589853,0.0180041635983088,0.317301869591921,0.317327102429901,0.95,1.26122576171622,1,1000,1000,36.01175,2.9796530397732,0,20260709,1000
60,8,6,0,Inf,0.75,0,0.3,0,"fixed",1,0.2,0.6,0.1,"fixed_1",0.66,0.0149799866488592,0.66,0,1.25000039090012,0.00926956569743476,0.0154492761623913,0.256812758420656,0.256851639946016,0.951,1.02718661452946,1,1000,1000,36.0058666666667,2.99091278227777,0,20260709,1000
90,8,6,0,Inf,0.75,0,0.3,0,"fixed",1,0.2,0.6,0.1,"fixed_1",0.828,0.0119338174948337,0.828,0,1.12339174921024,0.00987049917668459,0.016450831961141,0.209652680961315,0.209780168609022,0.953,0.836153646191436,1,1000,1000,35.9988,2.98171605508299,0,20260709,1000
120,8,6,0,Inf,0.75,0,0.3,0,"fixed",1,0.2,0.6,0.1,"fixed_1",0.888,0.00997276290703835,0.888,0,1.07664934502915,0.00429830486457294,0.00716384144095491,0.196844456447671,0.196792956476734,0.932,0.726489241789524,1,1000,1000,36.0070416666667,2.98399487049845,0,20260709,1000
150,8,6,0,Inf,0.75,0,0.3,0,"fixed",1,0.2,0.6,0.1,"fixed_1",0.963,0.00596917079668525,0.963,0,1.02453234835936,0.00153420484982947,0.00255700808304911,0.165811545419792,0.165735720079971,0.954,0.649917141311331,1,1000,1000,35.9916866666667,2.98891967973498,0,20260709,1000
20,1,10,0,Inf,0.75,0,0.3,0,"fixed",1,0.2,0.6,0.1,"fixed_1",0.256379100850547,0.0152200887865428,0.211,0.00471698113207547,2.00490790241773,0.00317562389167847,0.00529270648613078,0.506717514560826,0.506419530017974,0.92588092345079,1.8845389455444,0.823,823,1000,7.5097,1.34088937073855,0.94495,20260709,1000
40,1,10,0,Inf,0.75,0,0.3,0,"fixed",1,0.2,0.6,0.1,"fixed_1",0.397402597402597,0.017635331014029,0.306,0.00325732899022801,1.44183911004461,-0.0465167019890901,-0.0775278366484835,0.3487314099186,0.351595591685033,0.927272727272727,1.29473760429834,0.77,770,1000,7.5002,1.35635952617881,0.945875,20260709,1000
60,1,10,0,Inf,0.75,0,0.3,0,"fixed",1,0.2,0.6,0.1,"fixed_1",0.55448275862069,0.0184589620888432,0.402,0,1.22498210013127,-0.0462091496649379,-0.0770152494415632,0.26583381418981,0.269639443896119,0.950344827586207,1.03767712457365,0.725,725,1000,7.50551666666667,1.35647313642642,0.945166666666667,20260709,1000
90,1,10,0,Inf,0.75,0,0.3,0,"fixed",1,0.2,0.6,0.1,"fixed_1",0.732117812061711,0.0165850826586239,0.522,0,1.09277949733705,-0.0387374362547079,-0.0645623937578466,0.222325180645103,0.22552106387595,0.928471248246844,0.835701536993545,0.713,713,1000,7.4979,1.36453295200476,0.943844444444444,20260709,1000
120,1,10,0,Inf,0.75,0,0.3,0,"fixed",1,0.2,0.6,0.1,"fixed_1",0.850074962518741,0.013823014977013,0.567,0,0.987912094504137,-0.0544467831106179,-0.0907446385176965,0.181179392453145,0.189053458285181,0.943028485757121,0.719817663864422,0.667,667,1000,7.50354166666667,1.36431120283402,0.943283333333333,20260709,1000
150,1,10,0,Inf,0.75,0,0.3,0,"fixed",1,0.2,0.6,0.1,"fixed_1",0.937052932761087,0.00918610117979626,0.655,0,0.964912291389169,-0.0421512947705559,-0.0702521579509265,0.160716082246889,0.16604047230007,0.938483547925608,0.64002646523952,0.699,699,1000,7.50140666666667,1.36665593898344,0.943933333333333,20260709,1000
20,2,10,0,Inf,0.75,0,0.3,0,"fixed",1,0.2,0.6,0.1,"fixed_1",0.274,0.0141040419738457,0.274,0.00363636363636364,1.92492998257871,0.0104939696905962,0.0174899494843271,0.485228280027708,0.48509912456608,0.936,1.81212196343929,1,1000,1000,15.0074,1.92286472008282,0.0044,20260709,1000
40,2,10,0,Inf,0.75,0,0.3,0,"fixed",1,0.2,0.6,0.1,"fixed_1",0.439,0.0156932788161047,0.439,0,1.45998794081376,-0.0116343604234276,-0.0193906007057126,0.333081545320718,0.333118193528763,0.938,1.27728704763131,1,1000,1000,15.00775,1.92441121230249,0.00415,20260709,1000
60,2,10,0,Inf,0.75,0,0.3,0,"fixed",1,0.2,0.6,0.1,"fixed_1",0.621,0.0153414145371279,0.621,0,1.25188416182791,-0.00684064228330283,-0.0114010704721714,0.262392958575066,0.26235092725568,0.953,1.0398280838827,1,1000,1000,15.00075,1.93340886887453,0.0038,20260709,1000
90,2,10,0,Inf,0.75,0,0.3,0,"fixed",1,0.2,0.6,0.1,"fixed_1",0.778,0.0131421459434904,0.778,0,1.1275366867706,-0.00582790702527669,-0.00971317837546115,0.215074742313751,0.21504616280427,0.952,0.852849901134776,1,1000,1000,15.0045555555556,1.93429649225698,0.0037,20260709,1000
120,2,10,0,Inf,0.75,0,0.3,0,"fixed",1,0.2,0.6,0.1,"fixed_1",0.877,0.0103860964755773,0.877,0,1.05686915779958,-0.0101276675463435,-0.0168794459105726,0.196227541352748,0.19639071359738,0.939,0.735980633795055,1,1000,1000,14.9971333333333,1.93864372217137,0.003975,20260709,1000
150,2,10,0,Inf,0.75,0,0.3,0,"fixed",1,0.2,0.6,0.1,"fixed_1",0.936,0.0077397674383666,0.936,0,1.00986684013144,-0.0155797836008646,-0.0259663060014411,0.168510581671578,0.169145351624596,0.945,0.657780123662653,1,1000,1000,14.9945533333333,1.93420660325841,0.00388,20260709,1000
20,3,10,0,Inf,0.75,0,0.3,0,"fixed",1,0.2,0.6,0.1,"fixed_1",0.251,0.0137112727345057,0.251,0,1.91262677464983,-0.0108065295283345,-0.0180108825472242,0.466762407065954,0.466654110220621,0.939,1.79264690202071,1,1000,1000,22.51945,2.32909874000255,0,20260709,1000
40,3,10,0,Inf,0.75,0,0.3,0,"fixed",1,0.2,0.6,0.1,"fixed_1",0.477,0.0157946509932952,0.477,0,1.45403650890268,0.0132826815042358,0.0221378025070597,0.320407903534961,0.320522999254289,0.954,1.26440025759148,1,1000,1000,22.477575,2.3567093722259,0,20260709,1000
60,3,10,0,Inf,0.75,0,0.3,0,"fixed",1,0.2,0.6,0.1,"fixed_1",0.627,0.0152928414625929,0.627,0,1.28284123643106,0.00751347608911523,0.0125224601485254,0.271773661664946,0.271741632023029,0.941,1.03233986378286,1,1000,1000,22.5063166666667,2.35324606544779,0,20260709,1000
90,3,10,0,Inf,0.75,0,0.3,0,"fixed",1,0.2,0.6,0.1,"fixed_1",0.794,0.0127892142057282,0.794,0,1.12908222586113,-0.00230124357078398,-0.00383540595130664,0.221991880366674,0.221892790049057,0.939,0.845659478570928,1,1000,1000,22.4948777777778,2.3655231517143,0,20260709,1000
120,3,10,0,Inf,0.75,0,0.3,0,"fixed",1,0.2,0.6,0.1,"fixed_1",0.906,0.00922843432007835,0.906,0,1.06291157058253,0.00301471349806115,0.00502452249676858,0.188009770474691,0.187939922894598,0.945,0.731896607125977,1,1000,1000,22.5070916666667,2.36036732106113,0,20260709,1000
150,3,10,0,Inf,0.75,0,0.3,0,"fixed",1,0.2,0.6,0.1,"fixed_1",0.948,0.00702111102319284,0.948,0,1.03049617525738,0.000309807589966571,0.000516345983277618,0.162143337181302,0.162062541357465,0.958,0.654572671365734,1,1000,1000,22.50128,2.37060246390691,0,20260709,1000
20,4,10,0,Inf,0.75,0,0.3,0,"fixed",1,0.2,0.6,0.1,"fixed_1",0.272,0.0140718158032288,0.272,0,1.92675561030537,-0.00422337749845147,-0.00703896249741913,0.470867430935731,0.470650887915867,0.932,1.77557219782598,1,1000,1000,30.0079,2.7325819349505,0,20260709,1000
40,4,10,0,Inf,0.75,0,0.3,0,"fixed",1,0.2,0.6,0.1,"fixed_1",0.497,0.015811103693291,0.497,0,1.47233592186976,0.0287329969445788,0.0478883282409646,0.329902765097099,0.330987286308266,0.943,1.26203586401427,1,1000,1000,30.002875,2.71523540189062,0,20260709,1000
60,4,10,0,Inf,0.75,0,0.3,0,"fixed",1,0.2,0.6,0.1,"fixed_1",0.624,0.015317441039547,0.624,0,1.27132423599412,-0.00106008142258296,-0.0017668023709716,0.272269482784114,0.272135378730689,0.941,1.03378704770927,1,1000,1000,30.0082,2.72769912233997,0,20260709,1000
90,4,10,0,Inf,0.75,0,0.3,0,"fixed",1,0.2,0.6,0.1,"fixed_1",0.792,0.0128349522788361,0.792,0,1.12214159728778,-0.000160168945741335,-0.000266948242902224,0.209600512548705,0.209495747307458,0.958,0.842920135063028,1,1000,1000,29.9938111111111,2.72559926893544,0,20260709,1000
120,4,10,0,Inf,0.75,0,0.3,0,"fixed",1,0.2,0.6,0.1,"fixed_1",0.89,0.00989444288477123,0.89,0,1.0603277595383,-0.0031083006219158,-0.00518050103652634,0.190853143717009,0.190783015693103,0.942,0.72336598813298,1,1000,1000,29.9895333333333,2.74433456795515,0,20260709,1000
150,4,10,0,Inf,0.75,0,0.3,0,"fixed",1,0.2,0.6,0.1,"fixed_1",0.959,0.00627048642451286,0.959,0,1.02428565972228,0.000464445518418621,0.000774075864031036,0.165584247172938,0.165502086024788,0.951,0.649678500420473,1,1000,1000,29.9957733333333,2.73780455176115,0,20260709,1000
20,5,10,0,Inf,0.75,0,0.3,0,"fixed",1,0.2,0.6,0.1,"fixed_1",0.251,0.0137112727345057,0.251,0.00396825396825397,1.88851031414229,-0.0182551699438909,-0.0304252832398181,0.466297981226456,0.466422152902554,0.917,1.75981517752151,1,1000,1000,37.5231,3.0367073161075,0,20260709,1000
40,5,10,0,Inf,0.75,0,0.3,0,"fixed",1,0.2,0.6,0.1,"fixed_1",0.455,0.0157472219772251,0.455,0.00219298245614035,1.46104072330691,-0.0111730264719524,-0.0186217107865873,0.338551385795942,0.338566478411657,0.928,1.26396182847504,1,1000,1000,37.507375,3.04784998525428,0,20260709,1000
60,5,10,0,Inf,0.75,0,0.3,0,"fixed",1,0.2,0.6,0.1,"fixed_1",0.611,0.0154168414404508,0.611,0,1.2494699738926,-0.0116609505395792,-0.0194349175659653,0.261972641570414,0.262101150386517,0.942,1.02019280069525,1,1000,1000,37.5143666666667,3.05770632871557,0,20260709,1000
90,5,10,0,Inf,0.75,0,0.3,0,"fixed",1,0.2,0.6,0.1,"fixed_1",0.81,0.0124056438768812,0.81,0,1.11155944705792,-0.00193495269921273,-0.00322492116535456,0.211232570382452,0.211135794297261,0.951,0.833470155249104,1,1000,1000,37.5139666666667,3.05675362141974,0,20260709,1000
120,5,10,0,Inf,0.75,0,0.3,0,"fixed",1,0.2,0.6,0.1,"fixed_1",0.897,0.00961202372032029,0.897,0,1.06298522782092,0.000968355937816745,0.00161392656302791,0.185678995732145,0.185588659351438,0.944,0.725707288225115,1,1000,1000,37.4945166666667,3.05479650429888,0,20260709,1000
150,5,10,0,Inf,0.75,0,0.3,0,"fixed",1,0.2,0.6,0.1,"fixed_1",0.948,0.00702111102319284,0.948,0,1.01159800639724,-0.0110051683012093,-0.0183419471686822,0.160777867170493,0.161073855043761,0.947,0.649025345254375,1,1000,1000,37.5022666666667,3.05792778149171,0,20260709,1000
20,6,10,0,Inf,0.75,0,0.3,0,"fixed",1,0.2,0.6,0.1,"fixed_1",0.272,0.0140718158032288,0.272,0.00366300366300366,1.87761436878788,-0.0024806025735864,-0.004134337622644,0.450244649090551,0.450026307208553,0.946,1.75894048701517,1,1000,1000,45.0086,3.30371879330227,0,20260709,1000
40,6,10,0,Inf,0.75,0,0.3,0,"fixed",1,0.2,0.6,0.1,"fixed_1",0.493,0.0158098387088547,0.493,0,1.43349997510833,0.00984215649464715,0.0164035941577452,0.319132864982906,0.319125066033915,0.95,1.25108689105062,1,1000,1000,44.99415,3.32870704592888,0,20260709,1000
60,6,10,0,Inf,0.75,0,0.3,0,"fixed",1,0.2,0.6,0.1,"fixed_1",0.646,0.0151223014121528,0.646,0,1.25990449841646,0.00929388312030033,0.0154898052005005,0.259554887464789,0.259591500497813,0.95,1.02086279367035,1,1000,1000,44.9799333333333,3.35343655073414,0,20260709,1000
90,6,10,0,Inf,0.75,0,0.3,0,"fixed",1,0.2,0.6,0.1,"fixed_1",0.805,0.0125289664378192,0.805,0,1.11641532956007,-0.00179656472158296,-0.0029942745359716,0.212027329700567,0.21192890457937,0.948,0.833324508237391,1,1000,1000,45.0015,3.33804690471675,0,20260709,1000
120,6,10,0,Inf,0.75,0,0.3,0,"fixed",1,0.2,0.6,0.1,"fixed_1",0.895,0.00969407035254026,0.895,0,1.06568720745885,0.00156253206540102,0.00260422010900171,0.186155373143366,0.186068833052855,0.95,0.726401797066267,1,1000,1000,44.9930583333333,3.35238109534613,0,20260709,1000
150,6,10,0,Inf,0.75,0,0.3,0,"fixed",1,0.2,0.6,0.1,"fixed_1",0.945,0.00720936890441875,0.945,0,1.03075518305235,-0.00154092017423002,-0.00256820029038337,0.16743024489895,0.167353603053531,0.947,0.646078644610882,1,1000,1000,44.99982,3.3538693759231,0,20260709,1000
20,7,10,0,Inf,0.75,0,0.3,0,"fixed",1,0.2,0.6,0.1,"fixed_1",0.264,0.0139392969693597,0.264,0.0075187969924812,1.90087742726923,-0.000335696652494111,-0.000559494420823518,0.453696489589632,0.453469708859954,0.943,1.77342671371512,1,1000,1000,52.48605,3.57367438558361,0,20260709,1000
40,7,10,0,Inf,0.75,0,0.3,0,"fixed",1,0.2,0.6,0.1,"fixed_1",0.45,0.0157321327225523,0.45,0,1.42790948491736,-0.00833713287626148,-0.0138952214604358,0.3085445132703,0.30850287638389,0.95,1.25251061308985,1,1000,1000,52.487575,3.62369887479603,0,20260709,1000
60,7,10,0,Inf,0.75,0,0.3,0,"fixed",1,0.2,0.6,0.1,"fixed_1",0.639,0.0151881203577006,0.639,0,1.25371634360616,0.00224512134954813,0.00374186891591355,0.257803491270693,0.257684337981805,0.948,1.020944332759,1,1000,1000,52.516,3.61124237941652,0,20260709,1000
90,7,10,0,Inf,0.75,0,0.3,0,"fixed",1,0.2,0.6,0.1,"fixed_1",0.828,0.0119338174948337,0.828,0,1.12458095368599,0.00947293113218195,0.0157882185536366,0.213800417347599,0.213903352623993,0.941,0.837247281894465,1,1000,1000,52.4851333333333,3.6097013989536,0,20260709,1000
120,7,10,0,Inf,0.75,0,0.3,0,"fixed",1,0.2,0.6,0.1,"fixed_1",0.905,0.00927227048785787,0.905,0,1.06096850208976,0.00144131551170124,0.00240219251950206,0.180801369660442,0.180716694099424,0.948,0.722609148479421,1,1000,1000,52.4745416666667,3.63525646148775,0,20260709,1000
150,7,10,0,Inf,0.75,0,0.3,0,"fixed",1,0.2,0.6,0.1,"fixed_1",0.956,0.00648567652600714,0.956,0,1.03167897164773,0.00353811625116163,0.00589686041860271,0.163641737500819,0.163598159832687,0.951,0.645224968935359,1,1000,1000,52.50308,3.60949135189532,0,20260709,1000
20,8,10,0,Inf,0.75,0,0.3,0,"fixed",1,0.2,0.6,0.1,"fixed_1",0.279,0.0141830532678969,0.279,0.00357142857142857,1.91189122778523,0.0158208141358097,0.0263680235596829,0.458757628161842,0.458801047290873,0.933,1.75175724343032,1,1000,1000,60.00215,3.80476819306149,0,20260709,1000
40,8,10,0,Inf,0.75,0,0.3,0,"fixed",1,0.2,0.6,0.1,"fixed_1",0.488,0.0158068339650924,0.488,0,1.42773741216372,0.00837012430442863,0.0139502071740477,0.316972947024814,0.316924969475934,0.937,1.24313768637849,1,1000,1000,60.00565,3.85263493815244,0,20260709,1000
60,8,10,0,Inf,0.75,0,0.3,0,"fixed",1,0.2,0.6,0.1,"fixed_1",0.665,0.0149256490646136,0.665,0,1.25044846563232,0.0116613534642838,0.0194355891071396,0.26127609964914,0.261405665991077,0.944,1.01619885481614,1,1000,1000,59.9803333333333,3.85113992923761,0,20260709,1000
90,8,10,0,Inf,0.75,0,0.3,0,"fixed",1,0.2,0.6,0.1,"fixed_1",0.821,0.0121226647235664,0.821,0,1.12514743204797,0.00758501183534199,0.0126416863922367,0.212142204246086,0.212171729766498,0.943,0.835323905646688,1,1000,1000,60.0014,3.86132587218749,0,20260709,1000
120,8,10,0,Inf,0.75,0,0.3,0,"fixed",1,0.2,0.6,0.1,"fixed_1",0.895,0.00969407035254026,0.895,0,1.0556466416649,-0.00488990581408189,-0.00814984302346981,0.18795729222537,0.187926919135772,0.948,0.721394706008466,1,1000,1000,59.9939583333333,3.86841259301182,0,20260709,1000
150,8,10,0,Inf,0.75,0,0.3,0,"fixed",1,0.2,0.6,0.1,"fixed_1",0.949,0.00695693898205238,0.949,0,1.03086290057014,0.00028020168389431,0.000467002806490517,0.165326348329908,0.165243902046743,0.946,0.646630117290523,1,1000,1000,60.0072133333333,3.86158324588544,0,20260709,1000
20,1,17,0,Inf,0.75,0,0.3,0,"fixed",1,0.2,0.6,0.1,"fixed_1",0.25,0.0136930639376292,0.25,0.00398406374501992,1.90836232288288,0.00883426197625103,0.0147237699604184,0.453038148483009,0.45289774188176,0.946,1.83950183364889,1,1000,1000,12.7499,1.75570291606079,0.03925,20260709,1000
40,1,17,0,Inf,0.75,0,0.3,0,"fixed",1,0.2,0.6,0.1,"fixed_1",0.457,0.0157528092732693,0.457,0,1.45322118691568,-0.00453607719114024,-0.0075601286519004,0.328481170475643,0.328348222888407,0.937,1.28809699792215,1,1000,1000,12.752675,1.78188615001772,0.040575,20260709,1000
60,1,17,0,Inf,0.75,0,0.3,0,"fixed",1,0.2,0.6,0.1,"fixed_1",0.611,0.0154168414404508,0.611,0,1.24029108123058,-0.0155173509277869,-0.0258622515463116,0.26699234799639,0.267309590464975,0.945,1.04395639580732,1,1000,1000,12.7576166666667,1.77389904057641,0.0393666666666667,20260709,1000
90,1,17,0,Inf,0.75,0,0.3,0,"fixed",1,0.2,0.6,0.1,"fixed_1",0.789,0.0129026741414329,0.789,0,1.1210146892971,-0.00431594830078963,-0.00719324716798272,0.211057817086133,0.210996407933276,0.96,0.848111172865182,1,1000,1000,12.7626333333333,1.77353749888009,0.0390888888888889,20260709,1000
120,1,17,0,Inf,0.75,0,0.3,0,"fixed",1,0.2,0.6,0.1,"fixed_1",0.895,0.00969407035254026,0.895,0,1.04814334463985,-0.00665990971417141,-0.011099849523619,0.183830363799686,0.183859085849655,0.958,0.733201671772138,1,1000,1000,12.751025,1.77756936146048,0.0394583333333333,20260709,1000
150,1,17,0,Inf,0.75,0,0.3,0,"fixed",1,0.2,0.6,0.1,"fixed_1",0.926,0.00827792244467173,0.926,0,1.01996680566066,-0.0143768871355975,-0.0239614785593291,0.172546877950742,0.173058797953664,0.943,0.656670053186996,1,1000,1000,12.7542466666667,1.78060607729509,0.0398066666666667,20260709,1000
20,2,17,0,Inf,0.75,0,0.3,0,"fixed",1,0.2,0.6,0.1,"fixed_1",0.258,0.0138360398958662,0.258,0.00386100386100386,1.86319509448056,-0.0115487551297714,-0.0192479252162856,0.461010235022873,0.460924375688785,0.927,1.79199720822289,1,1000,1000,25.473,2.47178813102627,0,20260709,1000
40,2,17,0,Inf,0.75,0,0.3,0,"fixed",1,0.2,0.6,0.1,"fixed_1",0.492,0.0158093643135959,0.492,0,1.44675573959224,0.023438908328508,0.0390648472141801,0.312340720351531,0.31306317459541,0.959,1.26995411539292,1,1000,1000,25.499075,2.52088632780242,0,20260709,1000
60,2,17,0,Inf,0.75,0,0.3,0,"fixed",1,0.2,0.6,0.1,"fixed_1",0.64,0.0151789327688082,0.64,0,1.2487395026948,-0.00210104216996621,-0.00350173694994368,0.260154893247987,0.260033271506918,0.949,1.02863367059329,1,1000,1000,25.5002166666667,2.51283667976619,0,20260709,1000
90,2,17,0,Inf,0.75,0,0.3,0,"fixed",1,0.2,0.6,0.1,"fixed_1",0.775,0.0132051126462443,0.775,0,1.12635971107703,-0.010825962256228,-0.0180432704270467,0.226290979858682,0.226436749262592,0.938,0.841087760749704,1,1000,1000,25.5049444444444,2.51080388786233,0,20260709,1000
120,2,17,0,Inf,0.75,0,0.3,0,"fixed",1,0.2,0.6,0.1,"fixed_1",0.868,0.0107040179372047,0.868,0,1.0645038604065,-0.00899973898702566,-0.0149995649783761,0.195497329355663,0.195606702035605,0.94,0.728655538874754,1,1000,1000,25.4932,2.52226894920178,0,20260709,1000
150,2,17,0,Inf,0.75,0,0.3,0,"fixed",1,0.2,0.6,0.1,"fixed_1",0.945,0.00720936890441875,0.945,0,1.03591840224054,0.00197229384166331,0.00328715640277218,0.171772712811504,0.171698133201135,0.945,0.653067647814999,1,1000,1000,25.49998,2.52753208344599,0,20260709,1000
20,3,17,0,Inf,0.75,0,0.3,0,"fixed",1,0.2,0.6,0.1,"fixed_1",0.285,0.0142749781085647,0.285,0.0034965034965035,1.85588761522494,-0.00125854153523719,-0.00209756922539532,0.453551427575445,0.453326342147756,0.934,1.76081432572996,1,1000,1000,38.2628,3.04524691528245,0,20260709,1000
40,3,17,0,Inf,0.75,0,0.3,0,"fixed",1,0.2,0.6,0.1,"fixed_1",0.469,0.0157809695519635,0.469,0,1.43234422170881,-0.00287191985799906,-0.0047865330966651,0.322132892861046,0.321984594330278,0.938,1.25756104458408,1,1000,1000,38.276025,3.05773738201862,0,20260709,1000
60,3,17,0,Inf,0.75,0,0.3,0,"fixed",1,0.2,0.6,0.1,"fixed_1",0.677,0.0147875285291356,0.677,0,1.24118576056874,0.0129487300334125,0.0215812167223541,0.253961486394246,0.254164532821716,0.953,1.0216030621181,1,1000,1000,38.2659166666667,3.09014417521269,0,20260709,1000
90,3,17,0,Inf,0.75,0,0.3,0,"fixed",1,0.2,0.6,0.1,"fixed_1",0.81,0.0124056438768812,0.81,0,1.1149126145773,0.00255556207822161,0.00425927013036935,0.203217099490455,0.203131541699766,0.955,0.837214718101499,1,1000,1000,38.2291,3.09685403290985,0,20260709,1000
120,3,17,0,Inf,0.75,0,0.3,0,"fixed",1,0.2,0.6,0.1,"fixed_1",0.905,0.00927227048785787,0.905,0,1.06122001456026,0.00287030376851205,0.00478383961418675,0.179127131697666,0.179060552396798,0.952,0.725612493213649,1,1000,1000,38.2403333333333,3.07919291167811,0,20260709,1000
150,3,17,0,Inf,0.75,0,0.3,0,"fixed",1,0.2,0.6,0.1,"fixed_1",0.957,0.00641490451994416,0.957,0,1.02237246285104,-0.00163236336517558,-0.00272060560862597,0.161344646189861,0.161272215119138,0.954,0.647295234813901,1,1000,1000,38.22572,3.08844148824027,0,20260709,1000
20,4,17,0,Inf,0.75,0,0.3,0,"fixed",1,0.2,0.6,0.1,"fixed_1",0.287,0.0143049292203771,0.287,0,1.8894975448035,0.0215015032116243,0.0358358386860404,0.457541917744621,0.457818278935312,0.934,1.74952289111701,1,1000,1000,50.9737,3.49545383589132,0,20260709,1000
40,4,17,0,Inf,0.75,0,0.3,0,"fixed",1,0.2,0.6,0.1,"fixed_1",0.484,0.0158032907965398,0.484,0,1.4362948210448,0.00936451133328098,0.0156075188888016,0.313288650484184,0.31327196302285,0.945,1.25457380776969,1,1000,1000,50.985825,3.54502803822893,0,20260709,1000
60,4,17,0,Inf,0.75,0,0.3,0,"fixed",1,0.2,0.6,0.1,"fixed_1",0.619,0.0153570504980611,0.619,0,1.27617954474948,0.000694629684214076,0.00115771614035679,0.266571978452064,0.26643956460434,0.94,1.02209646683382,1,1000,1000,51.0223333333333,3.56915838791255,0,20260709,1000
90,4,17,0,Inf,0.75,0,0.3,0,"fixed",1,0.2,0.6,0.1,"fixed_1",0.791,0.0128576436410409,0.791,0,1.131216817372,-0.00219831960854555,-0.00366386601424259,0.221569537508142,0.221469635617892,0.941,0.834456641014907,1,1000,1000,51.0003222222222,3.56559626171861,0,20260709,1000
120,4,17,0,Inf,0.75,0,0.3,0,"fixed",1,0.2,0.6,0.1,"fixed_1",0.897,0.00961202372032029,0.897,0,1.05874906964943,-0.00144574657621455,-0.00240957762702424,0.186042679911688,0.185955255513622,0.952,0.721529638480909,1,1000,1000,51.0101,3.55192688457852,0,20260709,1000
150,4,17,0,Inf,0.75,0,0.3,0,"fixed",1,0.2,0.6,0.1,"fixed_1",0.957,0.00641490451994416,0.957,0,1.0291121778128,0.0018294141409031,0.00304902356817183,0.159290515333222,0.159221360259694,0.945,0.646069053673435,1,1000,1000,50.9879733333333,3.56861141598827,0,20260709,1000
20,5,17,0,Inf,0.75,0,0.3,0,"fixed",1,0.2,0.6,0.1,"fixed_1",0.294,0.0144070815920505,0.294,0.00338983050847458,1.81591697121452,-0.00079850765904399,-0.00133084609840665,0.452586078447859,0.452360433571381,0.937,1.73773471164267,1,1000,1000,63.7672,3.93199073838483,0,20260709,1000
40,5,17,0,Inf,0.75,0,0.3,0,"fixed",1,0.2,0.6,0.1,"fixed_1",0.467,0.0157769135131052,0.467,0,1.42397570573634,-0.00836740275692494,-0.0139456712615416,0.318337083862978,0.318287878959157,0.945,1.24330871036348,1,1000,1000,63.746175,3.97137808191052,0,20260709,1000
60,5,17,0,Inf,0.75,0,0.3,0,"fixed",1,0.2,0.6,0.1,"fixed_1",0.647,0.0151126106282138,0.647,0,1.26847780779288,0.0141216731973112,0.0235361219955186,0.26126283179638,0.261513729400345,0.945,1.02233168422946,1,1000,1000,63.76985,3.99192533843231,0,20260709,1000
90,5,17,0,Inf,0.75,0,0.3,0,"fixed",1,0.2,0.6,0.1,"fixed_1",0.789,0.0129026741414329,0.789,0,1.12583647844916,-0.00377723407901798,-0.00629539013169663,0.215825057945758,0.215750185814381,0.938,0.828441695444441,1,1000,1000,63.7418111111111,3.98176153557188,0,20260709,1000
120,5,17,0,Inf,0.75,0,0.3,0,"fixed",1,0.2,0.6,0.1,"fixed_1",0.902,0.00940191469861325,0.902,0,1.05920800711666,-0.000122740410500422,-0.000204567350834036,0.185801413632268,0.185708530250093,0.953,0.723134863687948,1,1000,1000,63.7431083333333,3.98473851183021,0,20260709,1000
150,5,17,0,Inf,0.75,0,0.3,0,"fixed",1,0.2,0.6,0.1,"fixed_1",0.95,0.00689202437604511,0.95,0,1.0406769896529,0.00622674401687251,0.0103779066947875,0.163211612393141,0.163248781712454,0.957,0.645662685871866,1,1000,1000,63.7450866666667,3.98934375106423,0,20260709,1000
20,6,17,0,Inf,0.75,0,0.3,0,"fixed",1,0.2,0.6,0.1,"fixed_1",0.266,0.0139729739139526,0.266,0,1.92785700734271,-0.00394727587236887,-0.00657879312061479,0.459037815094819,0.458825218311015,0.932,1.75714172692067,1,1000,1000,76.4752,4.2885684828683,0,20260709,1000
40,6,17,0,Inf,0.75,0,0.3,0,"fixed",1,0.2,0.6,0.1,"fixed_1",0.485,0.0158042715744826,0.485,0.00205761316872428,1.41684434047281,-0.00247195358324392,-0.00411992263873987,0.317391286302266,0.317242181852451,0.949,1.2406133964378,1,1000,1000,76.472725,4.35569296426837,0,20260709,1000
60,6,17,0,Inf,0.75,0,0.3,0,"fixed",1,0.2,0.6,0.1,"fixed_1",0.625,0.0153093108923949,0.625,0,1.24811525726872,-0.00721966840321864,-0.0120327806720311,0.261933782058984,0.261902310966116,0.939,1.01322145160782,1,1000,1000,76.4735333333333,4.34462154816743,0,20260709,1000
90,6,17,0,Inf,0.75,0,0.3,0,"fixed",1,0.2,0.6,0.1,"fixed_1",0.794,0.0127892142057282,0.794,0,1.12893961863689,0.000426879661188373,0.000711466101980622,0.21113695265205,0.211031789521541,0.954,0.832987040520495,1,1000,1000,76.5099555555555,4.36489561029565,0,20260709,1000
120,6,17,0,Inf,0.75,0,0.3,0,"fixed",1,0.2,0.6,0.1,"fixed_1",0.918,0.00867617427210864,0.918,0,1.06397674277659,0.00893666329114673,0.0148944388185779,0.184601481564808,0.184725453686561,0.948,0.719576919627479,1,1000,1000,76.5045583333333,4.36917418522998,0,20260709,1000
150,6,17,0,Inf,0.75,0,0.3,0,"fixed",1,0.2,0.6,0.1,"fixed_1",0.961,0.00612200947402077,0.961,0,1.02517960635241,0.000747862362140639,0.0012464372702344,0.163503653570982,0.163423592496437,0.951,0.645376304696667,1,1000,1000,76.4917733333333,4.35529182793366,0,20260709,1000
20,7,17,0,Inf,0.75,0,0.3,0,"fixed",1,0.2,0.6,0.1,"fixed_1",0.285,0.0142749781085647,0.285,0.0034965034965035,1.88340840658329,-0.0111061925268671,-0.0185103208781118,0.473618618269964,0.473512015147263,0.924,1.75213981369978,1,1000,1000,89.21685,4.63125545972039,0,20260709,1000
40,7,17,0,Inf,0.75,0,0.3,0,"fixed",1,0.2,0.6,0.1,"fixed_1",0.451,0.015735278834517,0.451,0,1.44763388875746,-0.00843214225584155,-0.0140535704264026,0.318521057352588,0.31847340444071,0.941,1.24308843447829,1,1000,1000,89.227375,4.70343679327413,0,20260709,1000
60,7,17,0,Inf,0.75,0,0.3,0,"fixed",1,0.2,0.6,0.1,"fixed_1",0.632,0.0152504426165276,0.632,0,1.25727657689373,-0.000170649024230807,-0.000284415040384678,0.262379726100771,0.262248558945776,0.942,1.01284481162161,1,1000,1000,89.2504833333333,4.70001196245332,0,20260709,1000
90,7,17,0,Inf,0.75,0,0.3,0,"fixed",1,0.2,0.6,0.1,"fixed_1",0.812,0.0123554036761249,0.812,0,1.11933629898662,0.00318396679698085,0.00530661132830142,0.210514771409356,0.21043357659156,0.948,0.831048204900865,1,1000,1000,89.2352333333333,4.71547382572557,0,20260709,1000
120,7,17,0,Inf,0.75,0,0.3,0,"fixed",1,0.2,0.6,0.1,"fixed_1",0.894,0.00973468027209934,0.894,0,1.06300698139987,-0.00101542626334172,-0.00169237710556954,0.192563515662953,0.192469888417405,0.933,0.718113091684843,1,1000,1000,89.234175,4.72701404118928,0,20260709,1000
150,7,17,0,Inf,0.75,0,0.3,0,"fixed",1,0.2,0.6,0.1,"fixed_1",0.96,0.00619677335393187,0.96,0,1.03077749170427,0.00379413653831062,0.00632356089718437,0.164399071103167,0.164360649174539,0.947,0.645462273915915,1,1000,1000,89.2474666666667,4.72602269711523,0,20260709,1000
20,8,17,0,Inf,0.75,0,0.3,0,"fixed",1,0.2,0.6,0.1,"fixed_1",0.307,0.014585986425333,0.307,0.00647249190938511,1.82471596457645,0.00394965901901867,0.00658276503169778,0.453965801467139,0.4537559517617,0.936,1.7303259713323,1,1000,1000,102.06775,4.95283708969538,0,20260709,1000
40,8,17,0,Inf,0.75,0,0.3,0,"fixed",1,0.2,0.6,0.1,"fixed_1",0.485,0.0158042715744826,0.485,0,1.42817495485915,0.000720453362971774,0.00120075560495296,0.318623377982879,0.318464841376991,0.949,1.24441685404493,1,1000,1000,102.01605,5.02119959474543,0,20260709,1000
60,8,17,0,Inf,0.75,0,0.3,0,"fixed",1,0.2,0.6,0.1,"fixed_1",0.643,0.0151509405648626,0.643,0,1.24685972844154,0.00112363169073215,0.00187271948455359,0.256642440794125,0.256516548437963,0.959,1.0186096256356,1,1000,1000,101.98475,5.04012956405013,0,20260709,1000
90,8,17,0,Inf,0.75,0,0.3,0,"fixed",1,0.2,0.6,0.1,"fixed_1",0.82,0.01214907403879,0.82,0,1.11879279345598,0.00733283444776467,0.0122213907462744,0.206563054147129,0.206589925950637,0.952,0.829819160712822,1,1000,1000,101.986966666667,5.01348344225912,0,20260709,1000
120,8,17,0,Inf,0.75,0,0.3,0,"fixed",1,0.2,0.6,0.1,"fixed_1",0.895,0.00969407035254026,0.895,0,1.05828969994583,-0.00227534346543079,-0.00379223910905132,0.188027341880938,0.18794707819331,0.939,0.718683260609716,1,1000,1000,101.988141666667,5.04066401121887,0,20260709,1000
150,8,17,0,Inf,0.75,0,0.3,0,"fixed",1,0.2,0.6,0.1,"fixed_1",0.956,0.00648567652600714,0.956,0,1.02099752506596,-0.0036859429792111,-0.00614323829868516,0.167429907144022,0.167386759357171,0.95,0.643368802939126,1,1000,1000,102.02806,5.03523937006831,0,20260709,1000
20,1,24,0,Inf,0.75,0,0.3,0,"fixed",1,0.2,0.6,0.1,"fixed_1",0.259,0.0138534833164804,0.259,0,1.93977089962021,0.00454840573045778,0.00758067621742964,0.46132819739704,0.461119908486477,0.942,1.80980604033321,1,1000,1000,17.9958,2.08342378333397,0.000300000000000001,20260709,1000
40,1,24,0,Inf,0.75,0,0.3,0,"fixed",1,0.2,0.6,0.1,"fixed_1",0.463,0.0157680372906713,0.463,0,1.48442197157795,0.00593675845357289,0.00989459742262148,0.343559783476364,0.343439276435355,0.936,1.27255440928117,1,1000,1000,18.0134,2.10792717654985,7.50000000000005e-05,20260709,1000
60,1,24,0,Inf,0.75,0,0.3,0,"fixed",1,0.2,0.6,0.1,"fixed_1",0.603,0.0154722655096143,0.603,0,1.27351536611914,-0.00709881338278484,-0.0118313556379747,0.27109699246149,0.271054383646137,0.948,1.0405628182437,1,1000,1000,17.9992,2.12021178758169,0.000183333333333333,20260709,1000
90,1,24,0,Inf,0.75,0,0.3,0,"fixed",1,0.2,0.6,0.1,"fixed_1",0.803,0.0125774003673255,0.803,0,1.13702200768129,0.0105338122490238,0.0175563537483731,0.208425483079602,0.208587396588256,0.962,0.846985169580212,1,1000,1000,18.0043,2.11180742769553,2e-04,20260709,1000
120,1,24,0,Inf,0.75,0,0.3,0,"fixed",1,0.2,0.6,0.1,"fixed_1",0.891,0.00985489725973843,0.891,0,1.05916783614173,-0.00380668292169373,-0.00634447153615621,0.191493640917759,0.19143572167256,0.947,0.733764899497921,1,1000,1000,18.0025083333333,2.11654450642027,9.16666666666665e-05,20260709,1000
150,1,24,0,Inf,0.75,0,0.3,0,"fixed",1,0.2,0.6,0.1,"fixed_1",0.942,0.00739161687318817,0.942,0,1.02459453331804,-0.00581550511149087,-0.00969250851915145,0.167151972732871,0.167169561542177,0.946,0.656268765116652,1,1000,1000,18.0063,2.12124853566715,0.000106666666666666,20260709,1000
20,2,24,0,Inf,0.75,0,0.3,0,"fixed",1,0.2,0.6,0.1,"fixed_1",0.276,0.0141359117144951,0.276,0,1.89636180218696,0.0103031562729659,0.0171719271216098,0.462601837807992,0.462485259129601,0.935,1.78680337250148,1,1000,1000,35.9962,2.98163591429573,0,20260709,1000
40,2,24,0,Inf,0.75,0,0.3,0,"fixed",1,0.2,0.6,0.1,"fixed_1",0.443,0.0157083099027235,0.443,0,1.42593911151576,-0.0103960582334592,-0.0173267637224321,0.3120470342102,0.312064186081351,0.952,1.25301345919553,1,1000,1000,35.996225,2.96107336916236,0,20260709,1000
60,2,24,0,Inf,0.75,0,0.3,0,"fixed",1,0.2,0.6,0.1,"fixed_1",0.602,0.0154788888490098,0.602,0,1.27055656883124,-0.000332218761441738,-0.00055369793573623,0.256845817636705,0.256717577568688,0.95,1.0295231662634,1,1000,1000,36.0046666666667,2.98282643218812,0,20260709,1000
90,2,24,0,Inf,0.75,0,0.3,0,"fixed",1,0.2,0.6,0.1,"fixed_1",0.795,0.0127661662216971,0.795,0,1.12154030664625,-0.00234190785759059,-0.00390317976265098,0.217421508935858,0.217325389606946,0.95,0.838363527377669,1,1000,1000,36.0039888888889,2.97973644000986,0,20260709,1000
120,2,24,0,Inf,0.75,0,0.3,0,"fixed",1,0.2,0.6,0.1,"fixed_1",0.887,0.0100115433375679,0.887,0,1.06420699135984,-0.00192758737204191,-0.00321264562006984,0.194534369441793,0.194446632437538,0.942,0.726755350601418,1,1000,1000,35.993975,2.99587255740383,0,20260709,1000
150,2,24,0,Inf,0.75,0,0.3,0,"fixed",1,0.2,0.6,0.1,"fixed_1",0.942,0.00739161687318817,0.942,0,1.03366621267336,-0.000788531143037119,-0.00131421857172853,0.166284724562275,0.166203431957624,0.942,0.650581837518658,1,1000,1000,36.0078,2.99658876557037,0,20260709,1000
20,3,24,0,Inf,0.75,0,0.3,0,"fixed",1,0.2,0.6,0.1,"fixed_1",0.283,0.0142446832186609,0.283,0,1.84403506301308,0.00834340178137205,0.0139056696356201,0.443331929646722,0.443188750982837,0.941,1.75091280063453,1,1000,1000,54.0164,3.62901083624826,0,20260709,1000
40,3,24,0,Inf,0.75,0,0.3,0,"fixed",1,0.2,0.6,0.1,"fixed_1",0.468,0.0157789733506334,0.468,0.00213219616204691,1.44085064810527,0.00112619083925369,0.00187698473208949,0.319561410873727,0.319403575637615,0.948,1.25285401425548,1,1000,1000,53.984325,3.65026311463526,0,20260709,1000
60,3,24,0,Inf,0.75,0,0.3,0,"fixed",1,0.2,0.6,0.1,"fixed_1",0.643,0.0151509405648626,0.643,0,1.23711697910615,-0.00124527867610091,-0.00207546446016819,0.255663363902861,0.255538534482503,0.949,1.01895382328752,1,1000,1000,53.9698,3.65934779556132,0,20260709,1000
90,3,24,0,Inf,0.75,0,0.3,0,"fixed",1,0.2,0.6,0.1,"fixed_1",0.796,0.0127429980773757,0.796,0,1.13960603620548,0.0070618539998536,0.0117697566664227,0.220721236773378,0.220723846197736,0.936,0.836472215089053,1,1000,1000,54.0188444444444,3.66385095323278,0,20260709,1000
120,3,24,0,Inf,0.75,0,0.3,0,"fixed",1,0.2,0.6,0.1,"fixed_1",0.899,0.00952885092757778,0.899,0,1.080862231177,0.0115445138314212,0.019240856385702,0.182219378365095,0.182493763590742,0.943,0.723311414819398,1,1000,1000,53.9981416666667,3.6523521638149,0,20260709,1000
150,3,24,0,Inf,0.75,0,0.3,0,"fixed",1,0.2,0.6,0.1,"fixed_1",0.953,0.00669260786241059,0.953,0,1.03807416656477,0.00601718317879785,0.0100286386313297,0.165225774437573,0.16525272607544,0.948,0.645697189835965,1,1000,1000,53.9960666666667,3.66280736898628,0,20260709,1000
20,4,24,0,Inf,0.75,0,0.3,0,"fixed",1,0.2,0.6,0.1,"fixed_1",0.297,0.0144496020706454,0.297,0.00335570469798658,1.82825388099218,-0.006372388660556,-0.0106206477675933,0.452225576829586,0.452044324932582,0.937,1.7602472495362,1,1000,1000,71.9808,4.20848638752664,0,20260709,1000
40,4,24,0,Inf,0.75,0,0.3,0,"fixed",1,0.2,0.6,0.1,"fixed_1",0.477,0.0157946509932952,0.477,0,1.44864497302982,0.00495194229370077,0.00825323715616796,0.322349067637092,0.322225905565608,0.936,1.24260932444075,1,1000,1000,72.01455,4.18504997435884,0,20260709,1000
60,4,24,0,Inf,0.75,0,0.3,0,"fixed",1,0.2,0.6,0.1,"fixed_1",0.635,0.0152241584332271,0.635,0.00157232704402516,1.25582742116224,0.0018428221589708,0.00307137026495134,0.265598430980955,0.26547199476878,0.944,1.01982518839306,1,1000,1000,72.0200166666667,4.22959797589933,0,20260709,1000
90,4,24,0,Inf,0.75,0,0.3,0,"fixed",1,0.2,0.6,0.1,"fixed_1",0.799,0.0126727660753286,0.799,0,1.12977252272244,0.00230701237537079,0.00384502062561798,0.212646168062827,0.212552338742984,0.949,0.831928793586612,1,1000,1000,72.0049777777778,4.23566137595369,0,20260709,1000
120,4,24,0,Inf,0.75,0,0.3,0,"fixed",1,0.2,0.6,0.1,"fixed_1",0.912,0.00895857131466843,0.912,0,1.05294655336103,0.000243005716410449,0.000405009527350749,0.183371552850911,0.183280005238808,0.952,0.720951648085443,1,1000,1000,72.0256833333333,4.23034095428457,0,20260709,1000
150,4,24,0,Inf,0.75,0,0.3,0,"fixed",1,0.2,0.6,0.1,"fixed_1",0.939,0.00756828910652864,0.939,0,1.02545729432873,-0.00677178584759974,-0.0112863097459996,0.171733994418898,0.171781632771949,0.935,0.643973585364334,1,1000,1000,71.9907066666667,4.22549719875929,0,20260709,1000
20,5,24,0,Inf,0.75,0,0.3,0,"fixed",1,0.2,0.6,0.1,"fixed_1",0.269,0.0140228028582021,0.269,0,1.8537953460703,-0.0106886883168921,-0.0178144805281535,0.446450132372631,0.446354848783768,0.937,1.75221240663681,1,1000,1000,89.9986,4.66635769304456,0,20260709,1000
40,5,24,0,Inf,0.75,0,0.3,0,"fixed",1,0.2,0.6,0.1,"fixed_1",0.482,0.0158011391994375,0.482,0,1.41897625799678,-0.00935414786517552,-0.0155902464419592,0.326606133781054,0.326576782914933,0.93,1.24132573108883,1,1000,1000,90.00005,4.69307852289473,0,20260709,1000
60,5,24,0,Inf,0.75,0,0.3,0,"fixed",1,0.2,0.6,0.1,"fixed_1",0.632,0.0152504426165276,0.632,0,1.25481655657166,0.0015531572972165,0.00258859549536083,0.254752524786892,0.254629853579663,0.954,1.02183045681966,1,1000,1000,90.0113,4.71752588060344,0,20260709,1000
90,5,24,0,Inf,0.75,0,0.3,0,"fixed",1,0.2,0.6,0.1,"fixed_1",0.807,0.0124800240384384,0.807,0,1.12659032240223,0.00433858777759288,0.00723097962932147,0.213877601503108,0.213814658384783,0.951,0.832332244080562,1,1000,1000,89.9881666666667,4.69866382593436,0,20260709,1000
120,5,24,0,Inf,0.75,0,0.3,0,"fixed",1,0.2,0.6,0.1,"fixed_1",0.893,0.00977501918156686,0.893,0,1.05973048795814,-0.00142461848968711,-0.00237436414947852,0.181209726349641,0.181124701508737,0.956,0.71980578761092,1,1000,1000,89.9968916666667,4.72313915929087,0,20260709,1000
150,5,24,0,Inf,0.75,0,0.3,0,"fixed",1,0.2,0.6,0.1,"fixed_1",0.95,0.00689202437604511,0.95,0,1.01455219385689,-0.00830990683141464,-0.0138498447190244,0.161698757665801,0.16183138229027,0.945,0.642809925269342,1,1000,1000,90.0070466666667,4.72550262834533,0,20260709,1000
20,6,24,0,Inf,0.75,0,0.3,0,"fixed",1,0.2,0.6,0.1,"fixed_1",0.264,0.0139392969693597,0.264,0.00377358490566038,1.82245113689224,-0.0186781070783365,-0.0311301784638942,0.446503921578147,0.446671308589111,0.939,1.7431393705681,1,1000,1000,108.0147,5.12278711699872,0,20260709,1000
40,6,24,0,Inf,0.75,0,0.3,0,"fixed",1,0.2,0.6,0.1,"fixed_1",0.472,0.0157865765763195,0.472,0.00211416490486258,1.43602332057965,-0.000810414968115847,-0.00135069161352641,0.325288217194711,0.325126542432156,0.939,1.24186383621739,1,1000,1000,108.0154,5.16933102945246,0,20260709,1000
60,6,24,0,Inf,0.75,0,0.3,0,"fixed",1,0.2,0.6,0.1,"fixed_1",0.627,0.0152928414625929,0.627,0,1.24895172601145,-0.00618853797316232,-0.0103142299552705,0.26711883480411,0.267056955418584,0.941,1.0108069422982,1,1000,1000,108.009866666667,5.1687116060473,0,20260709,1000
90,6,24,0,Inf,0.75,0,0.3,0,"fixed",1,0.2,0.6,0.1,"fixed_1",0.78,0.0130996183150503,0.78,0,1.13085105845878,-0.00613262631961675,-0.0102210438660279,0.222868400513391,0.222841339811593,0.936,0.829567878820011,1,1000,1000,107.972855555556,5.19231063620752,0,20260709,1000
120,6,24,0,Inf,0.75,0,0.3,0,"fixed",1,0.2,0.6,0.1,"fixed_1",0.901,0.00944452222190196,0.901,0,1.04621420177752,-0.00668973361702696,-0.0111495560283783,0.184081643755421,0.184111156783061,0.954,0.718578577309494,1,1000,1000,107.991283333333,5.19684308587133,0,20260709,1000
150,6,24,0,Inf,0.75,0,0.3,0,"fixed",1,0.2,0.6,0.1,"fixed_1",0.958,0.00634318531969546,0.958,0,1.02560786744193,-3.34300304434265e-05,-5.57167174057109e-05,0.161692303445769,0.16161144052997,0.952,0.643349732758702,1,1000,1000,107.995633333333,5.18159541539588,0,20260709,1000
20,7,24,0,Inf,0.75,0,0.3,0,"fixed",1,0.2,0.6,0.1,"fixed_1",0.29,0.0143492160064583,0.29,0.00343642611683849,1.87733959740081,0.0159352841382118,0.0265588068970196,0.460276841583927,0.460322549315306,0.929,1.74596463968174,1,1000,1000,126.0048,5.52407535376426,0,20260709,1000
40,7,24,0,Inf,0.75,0,0.3,0,"fixed",1,0.2,0.6,0.1,"fixed_1",0.496,0.0158108823283206,0.496,0,1.43111446204471,0.00517221983805127,0.00862036639675212,0.317063672817864,0.316947306513537,0.952,1.24030128041509,1,1000,1000,126.0001,5.5866633988514,0,20260709,1000
60,7,24,0,Inf,0.75,0,0.3,0,"fixed",1,0.2,0.6,0.1,"fixed_1",0.612,0.0154096073927923,0.612,0,1.24987503659027,-0.0113390711235232,-0.0188984518725386,0.263776264921219,0.263888072015007,0.942,1.00914304648135,1,1000,1000,125.988616666667,5.56152568299978,0,20260709,1000
90,7,24,0,Inf,0.75,0,0.3,0,"fixed",1,0.2,0.6,0.1,"fixed_1",0.824,0.0120425910833176,0.824,0,1.1092998462744,0.000676283811324674,0.00112713968554112,0.210736003480467,0.210631694812414,0.948,0.826387614195313,1,1000,1000,125.995966666667,5.61100567643271,0,20260709,1000
120,7,24,0,Inf,0.75,0,0.3,0,"fixed",1,0.2,0.6,0.1,"fixed_1",0.886,0.0100500746265886,0.886,0,1.060442901159,-0.00461339847272679,-0.00768899745454465,0.185413522695137,0.18537820710453,0.943,0.719679959674443,1,1000,1000,125.987675,5.61759144396777,0,20260709,1000
150,7,24,0,Inf,0.75,0,0.3,0,"fixed",1,0.2,0.6,0.1,"fixed_1",0.947,0.00708456067798138,0.947,0,1.03604826030092,0.00236947900287476,0.00394913167145794,0.165798859107855,0.165732878001107,0.941,0.643116760217596,1,1000,1000,126.032186666667,5.58955411587135,0,20260709,1000
20,8,24,0,Inf,0.75,0,0.3,0,"fixed",1,0.2,0.6,0.1,"fixed_1",0.304,0.0145459272650457,0.304,0,1.88574879272338,0.0156646916077773,0.0261078193462955,0.459216990236615,0.459254555166326,0.938,1.73632817466052,1,1000,1000,143.99265,5.90116199871506,0,20260709,1000
40,8,24,0,Inf,0.75,0,0.3,0,"fixed",1,0.2,0.6,0.1,"fixed_1",0.47,0.0157829021412413,0.47,0,1.42015146200982,-0.00745884619050063,-0.0124314103175011,0.317863984697561,0.317792557561591,0.937,1.23505862603593,1,1000,1000,143.976,5.98503235162052,0,20260709,1000
60,8,24,0,Inf,0.75,0,0.3,0,"fixed",1,0.2,0.6,0.1,"fixed_1",0.646,0.0151223014121528,0.646,0,1.24118081748572,-0.000690731889369633,-0.00115121981561606,0.259130187503543,0.259001511061401,0.949,1.00999375349542,1,1000,1000,144.03775,5.95184356990082,0,20260709,1000
90,8,24,0,Inf,0.75,0,0.3,0,"fixed",1,0.2,0.6,0.1,"fixed_1",0.812,0.0123554036761249,0.812,0,1.1234616580279,0.00382601904235302,0.00637669840392171,0.212087346664278,0.212015801284223,0.947,0.8294831840723,1,1000,1000,144.008166666667,5.99027125820944,0,20260709,1000
120,8,24,0,Inf,0.75,0,0.3,0,"fixed",1,0.2,0.6,0.1,"fixed_1",0.921,0.00852988862764339,0.921,0,1.07319912717701,0.0154004467868092,0.0256674113113486,0.182218427385293,0.182777256475536,0.943,0.71779247893758,1,1000,1000,143.9951,5.98338301826955,0,20260709,1000
150,8,24,0,Inf,0.75,0,0.3,0,"fixed",1,0.2,0.6,0.1,"fixed_1",0.956,0.00648567652600714,0.956,0,1.03193000092752,0.00381098140361313,0.00635163567268856,0.163651726791759,0.163614270079053,0.947,0.643089327076837,1,1000,1000,144.0135,5.97122717075922,0,20260709,1000
