"N","lambda_bar","D","cv","cap","compliance","decay","phi","trigger_link","trigger_mode","model","beta1","beta_l2","beta_cross","grid","power","mcse_power","power_all","type_s","type_m","bias","rel_bias","emp_se","rmse","coverage","ci_width","conv_rate","R_converged","R_total","mean_n","sd_n","below_k","master_seed","R_requested"
20,1,3,0,Inf,0.75,0,0.3,0,"fixed",11,0.2,0.3,0.1,"fixed_11",NA,NA,0,NA,NA,NA,NA,NA,NA,NA,NA,0,0,1000,2.24365,0.738563094747992,1,20260709,1000
40,1,3,0,Inf,0.75,0,0.3,0,"fixed",11,0.2,0.3,0.1,"fixed_11",NA,NA,0,NA,NA,NA,NA,NA,NA,NA,NA,0,0,1000,2.239875,0.748283806207809,1,20260709,1000
60,1,3,0,Inf,0.75,0,0.3,0,"fixed",11,0.2,0.3,0.1,"fixed_11",NA,NA,0,NA,NA,NA,NA,NA,NA,NA,NA,0,0,1000,2.24736666666667,0.751318471346963,1,20260709,1000
90,1,3,0,Inf,0.75,0,0.3,0,"fixed",11,0.2,0.3,0.1,"fixed_11",NA,NA,0,NA,NA,NA,NA,NA,NA,NA,NA,0,0,1000,2.2557,0.74898527269605,1,20260709,1000
120,1,3,0,Inf,0.75,0,0.3,0,"fixed",11,0.2,0.3,0.1,"fixed_11",NA,NA,0,NA,NA,NA,NA,NA,NA,NA,NA,0,0,1000,2.25095,0.74809287255029,1,20260709,1000
150,1,3,0,Inf,0.75,0,0.3,0,"fixed",11,0.2,0.3,0.1,"fixed_11",NA,NA,0,NA,NA,NA,NA,NA,NA,NA,NA,0,0,1000,2.24828666666667,0.74930312429384,1,20260709,1000
20,2,3,0,Inf,0.75,0,0.3,0,"fixed",11,0.2,0.3,0.1,"fixed_11",0.116766467065868,0.017572097782096,0.039,0,3.0124766503285,0.00244303061956894,0.0244303061956894,0.141626519436668,0.141435445704178,0.934131736526946,0.565155607281219,0.334,334,1000,4.4997,1.04948452890198,1,20260709,1000
40,2,3,0,Inf,0.75,0,0.3,0,"fixed",11,0.2,0.3,0.1,"fixed_11",0.215946843853821,0.023717173816285,0.065,0,2.2080677191503,0.00279190505137764,0.0279190505137764,0.0942451764737142,0.0941299060206971,0.943521594684385,0.362186531502025,0.301,301,1000,4.50605,1.05133320933365,1,20260709,1000
60,2,3,0,Inf,0.75,0,0.3,0,"fixed",11,0.2,0.3,0.1,"fixed_11",0.287313432835821,0.0276413885100023,0.077,0,1.76307922419484,-0.00912399436418179,-0.0912399436418179,0.0770096132505792,0.0774054206593838,0.895522388059702,0.273646694736516,0.268,268,1000,4.49403333333333,1.05683470872035,1,20260709,1000
90,2,3,0,Inf,0.75,0,0.3,0,"fixed",11,0.2,0.3,0.1,"fixed_11",0.400881057268722,0.0325275508564929,0.091,0,1.44969161486764,-0.00981725723951729,-0.0981725723951729,0.0607597640429318,0.0614155050058975,0.920704845814978,0.212430669206411,0.227,227,1000,4.50257777777778,1.0607267724461,1,20260709,1000
120,2,3,0,Inf,0.75,0,0.3,0,"fixed",11,0.2,0.3,0.1,"fixed_11",0.532467532467532,0.0328281541173267,0.123,0,1.23087517704527,-0.0130030387711306,-0.130030387711306,0.0505476262712694,0.0520872408774578,0.935064935064935,0.177461943179823,0.231,231,1000,4.50263333333333,1.05683765695975,1,20260709,1000
150,2,3,0,Inf,0.75,0,0.3,0,"fixed",11,0.2,0.3,0.1,"fixed_11",0.54320987654321,0.0319550163871169,0.132,0.0075187969924812,1.1734221614953,-0.0140003464490423,-0.140003464490423,0.0455749523969657,0.0475871657870263,0.905349794238683,0.157843287778821,0.243,243,1000,4.50410666666667,1.06071141481433,1,20260709,1000
20,3,3,0,Inf,0.75,0,0.3,0,"fixed",11,0.2,0.3,0.1,"fixed_11",0.169096209912536,0.0143113383308089,0.116,0.0333333333333333,2.75685892183418,0.00534840701245527,0.0534840701245527,0.125500030705886,0.125522522303407,0.934402332361516,0.486652737912407,0.686,686,1000,6.74635,1.27920996983049,1,20260709,1000
40,3,3,0,Inf,0.75,0,0.3,0,"fixed",11,0.2,0.3,0.1,"fixed_11",0.266418835192069,0.0155621565994558,0.215,0,2.08805981743108,0.00793466153755037,0.0793466153755037,0.0867496199123162,0.0870581996948327,0.921933085501859,0.322742200158475,0.807,807,1000,6.747325,1.29214783480038,1,20260709,1000
60,3,3,0,Inf,0.75,0,0.3,0,"fixed",11,0.2,0.3,0.1,"fixed_11",0.369976359338061,0.0165989351701048,0.313,0.00318471337579618,1.73432682615696,0.00539558912596522,0.0539558912596522,0.0694443259244342,0.069612688595402,0.930260047281324,0.257178855572636,0.846,846,1000,6.7535,1.28858602293965,1,20260709,1000
90,3,3,0,Inf,0.75,0,0.3,0,"fixed",11,0.2,0.3,0.1,"fixed_11",0.522300469483568,0.0171126716722292,0.445,0,1.44217385200106,0.00482297732194563,0.0482297732194563,0.0533864474559495,0.0535726486131763,0.94131455399061,0.207491950093154,0.852,852,1000,6.75163333333333,1.29628009071174,1,20260709,1000
120,3,3,0,Inf,0.75,0,0.3,0,"fixed",11,0.2,0.3,0.1,"fixed_11",0.609427609427609,0.0163445504770664,0.543,0,1.3047900666812,0.00259090944116286,0.0259090944116286,0.0459069045752835,0.0459542320415428,0.940516273849607,0.178278388307997,0.891,891,1000,6.75026666666667,1.29542516813754,1,20260709,1000
150,3,3,0,Inf,0.75,0,0.3,0,"fixed",11,0.2,0.3,0.1,"fixed_11",0.702247191011236,0.0153277333185053,0.625,0,1.2204208932141,0.00171080114822571,0.0171080114822571,0.0428912334449299,0.042901255408679,0.934831460674157,0.158357721115819,0.89,890,1000,6.75110666666667,1.29565360338394,1,20260709,1000
20,5,3,0,Inf,0.75,0,0.3,0,"fixed",11,0.2,0.3,0.1,"fixed_11",0.198901098901099,0.0132324713728806,0.181,0.0216216216216216,2.30148892137482,0.00442401104867472,0.0442401104867472,0.102780711467795,0.102819443054918,0.945054945054945,0.399682129029432,0.91,910,1000,11.2553,1.64642274777647,0.14695,20260709,1000
40,5,3,0,Inf,0.75,0,0.3,0,"fixed",11,0.2,0.3,0.1,"fixed_11",0.359798994974874,0.0152151629669385,0.358,0,1.76212022135425,0.0069578593172331,0.069578593172331,0.070913857595193,0.0712189087243238,0.94070351758794,0.271230388422302,0.995,995,1000,11.232975,1.6610697204743,0.149475,20260709,1000
60,5,3,0,Inf,0.75,0,0.3,0,"fixed",11,0.2,0.3,0.1,"fixed_11",0.45045045045045,0.015741430518673,0.45,0,1.54021817344434,0.0033498125578631,0.033498125578631,0.0602709993308559,0.0603338907656627,0.936936936936937,0.221697262161534,0.999,999,1000,11.2545333333333,1.66762223079784,0.146616666666667,20260709,1000
90,5,3,0,Inf,0.75,0,0.3,0,"fixed",11,0.2,0.3,0.1,"fixed_11",0.626,0.0153011110707687,0.626,0,1.30150565711868,0.00351178854000195,0.0351178854000195,0.0454380388894659,0.0455508882623839,0.947,0.181004431725456,1,1000,1000,11.2354666666667,1.68224718337315,0.152777777777778,20260709,1000
120,5,3,0,Inf,0.75,0,0.3,0,"fixed",11,0.2,0.3,0.1,"fixed_11",0.732,0.0140062843038402,0.732,0,1.2128154074237,0.00326472657778953,0.0326472657778953,0.0403715140678002,0.0404831783412097,0.941,0.155699135829381,1,1000,1000,11.2504083333333,1.67323329724849,0.148858333333333,20260709,1000
150,5,3,0,Inf,0.75,0,0.3,0,"fixed",11,0.2,0.3,0.1,"fixed_11",0.834,0.0117662228433767,0.834,0,1.14475555881087,0.00422907867612382,0.0422907867612382,0.0345425867964287,0.0347833612340019,0.95,0.138529414913942,1,1000,1000,11.24856,1.67205398340565,0.148466666666667,20260709,1000
20,8,3,0,Inf,0.75,0,0.3,0,"fixed",11,0.2,0.3,0.1,"fixed_11",0.227180527383367,0.0133440027386246,0.224,0.0175438596491228,2.09497579439711,-0.00319998583383017,-0.0319998583383017,0.0924025029132049,0.092411054528385,0.933062880324544,0.352153397378676,0.986,986,1000,17.99645,2.07551954375303,4.99999999999996e-05,20260709,1000
40,8,3,0,Inf,0.75,0,0.3,0,"fixed",11,0.2,0.3,0.1,"fixed_11",0.373,0.0152928414625929,0.373,0,1.61168552973061,-0.00150453297384688,-0.0150453297384688,0.064561367566115,0.0645466159554039,0.924,0.240451682247555,1,1000,1000,18.00465,2.10754525970697,7.49999999999998e-05,20260709,1000
60,8,3,0,Inf,0.75,0,0.3,0,"fixed",11,0.2,0.3,0.1,"fixed_11",0.5,0.0158113883008419,0.5,0,1.37918229429198,-0.000451144186318503,-0.00451144186318503,0.0505239973191342,0.0505007441715033,0.94,0.196403526747086,1,1000,1000,17.99935,2.12355564995532,9.99999999999995e-05,20260709,1000
90,8,3,0,Inf,0.75,0,0.3,0,"fixed",11,0.2,0.3,0.1,"fixed_11",0.689,0.0146382717559144,0.689,0,1.19689698206107,-0.000819565387015331,-0.00819565387015331,0.0400259949505891,0.0400143709051685,0.952,0.158714244506095,1,1000,1000,18.0040222222222,2.11882808809281,0.000133333333333334,20260709,1000
120,8,3,0,Inf,0.75,0,0.3,0,"fixed",11,0.2,0.3,0.1,"fixed_11",0.819,0.0121753439376471,0.819,0,1.12787021422734,0.00124315858918632,0.0124315858918632,0.0358215080273907,0.0358251685299166,0.946,0.137554431040423,1,1000,1000,17.996475,2.12064896397257,0.000125,20260709,1000
150,8,3,0,Inf,0.75,0,0.3,0,"fixed",11,0.2,0.3,0.1,"fixed_11",0.89,0.00989444288477123,0.89,0,1.08026490681487,0.00106353371304108,0.0106353371304108,0.0325727524114199,0.0325738287497,0.932,0.122511062094515,1,1000,1000,18.00112,2.11593536225515,0.00012,20260709,1000
20,1,7,0,Inf,0.75,0,0.3,0,"fixed",11,0.2,0.3,0.1,"fixed_11",0.146929824561404,0.0165792522009689,0.067,0.0563380281690141,3.06931459530526,0.00224277739904581,0.0224277739904581,0.144512937212183,0.144371814599025,0.923245614035088,0.533906716426592,0.456,456,1000,5.26115,1.12532001026931,1,20260709,1000
40,1,7,0,Inf,0.75,0,0.3,0,"fixed",11,0.2,0.3,0.1,"fixed_11",0.276008492569002,0.0205976419712184,0.13,0.00763358778625954,2.19735005689625,0.00873645826689584,0.0873645826689584,0.096053403527532,0.0963482920328395,0.91932059447983,0.348301629151913,0.471,471,1000,5.250825,1.13513718576583,1,20260709,1000
60,1,7,0,Inf,0.75,0,0.3,0,"fixed",11,0.2,0.3,0.1,"fixed_11",0.353741496598639,0.0227681028711443,0.156,0.00636942675159236,1.75162316867924,0.00219346124894587,0.0219346124894587,0.0746168821875503,0.0745645040012263,0.925170068027211,0.270115515951423,0.441,441,1000,5.24235,1.14319017412573,1,20260709,1000
90,1,7,0,Inf,0.75,0,0.3,0,"fixed",11,0.2,0.3,0.1,"fixed_11",0.434010152284264,0.0249692877340407,0.171,0,1.43849768021802,-0.00566100727233305,-0.0566100727233305,0.057148189329814,0.0573556747085091,0.941624365482233,0.212346357987025,0.394,394,1000,5.24677777777778,1.143808546175,1,20260709,1000
120,1,7,0,Inf,0.75,0,0.3,0,"fixed",11,0.2,0.3,0.1,"fixed_11",0.518134715025907,0.0254325854846191,0.2,0,1.27005991495134,-0.00796236011670357,-0.0796236011670357,0.0482437370278522,0.0488346972621111,0.924870466321243,0.176979520400249,0.386,386,1000,5.24674166666667,1.14337300213866,1,20260709,1000
150,1,7,0,Inf,0.75,0,0.3,0,"fixed",11,0.2,0.3,0.1,"fixed_11",0.649874055415617,0.023940404992759,0.258,0,1.14967086785499,-0.00787008483005369,-0.0787008483005369,0.0423251654435104,0.0429982031373185,0.931989924433249,0.156528281153367,0.397,397,1000,5.24964,1.14165704415989,1,20260709,1000
20,2,7,0,Inf,0.75,0,0.3,0,"fixed",11,0.2,0.3,0.1,"fixed_11",0.19031903190319,0.013020154386201,0.173,0.0114285714285714,2.40607946727887,0.00315218561281701,0.0315218561281701,0.107180579820806,0.107167976824848,0.921892189218922,0.404273734592774,0.909,909,1000,10.50695,1.59448309660343,0.25775,20260709,1000
40,2,7,0,Inf,0.75,0,0.3,0,"fixed",11,0.2,0.3,0.1,"fixed_11",0.347782258064516,0.0151214758304335,0.345,0.00289017341040462,1.8030440257251,0.0049240352378536,0.049240352378536,0.0735705516523076,0.0736981405272061,0.935483870967742,0.278824219484796,0.992,992,1000,10.50355,1.59614269229191,0.25685,20260709,1000
60,2,7,0,Inf,0.75,0,0.3,0,"fixed",11,0.2,0.3,0.1,"fixed_11",0.43043043043043,0.0156654230862232,0.43,0,1.54109402556409,0.000663581099051944,0.00663581099051944,0.0600488643781591,0.0600224706038736,0.937937937937938,0.225275426669704,0.999,999,1000,10.5033833333333,1.61630691262364,0.258783333333333,20260709,1000
90,2,7,0,Inf,0.75,0,0.3,0,"fixed",11,0.2,0.3,0.1,"fixed_11",0.607,0.015445096309185,0.607,0,1.34373603370107,0.00545519340183673,0.0545519340183673,0.0468535859920455,0.0471468174625301,0.929,0.183722629433942,1,1000,1000,10.5046888888889,1.61412939751221,0.258777777777778,20260709,1000
120,2,7,0,Inf,0.75,0,0.3,0,"fixed",11,0.2,0.3,0.1,"fixed_11",0.727,0.0140879735945238,0.727,0,1.20766926047295,0.00302470342481403,0.0302470342481403,0.0397358848055773,0.039831023481062,0.952,0.15947373628944,1,1000,1000,10.5128833333333,1.61410238594817,0.254983333333333,20260709,1000
150,2,7,0,Inf,0.75,0,0.3,0,"fixed",11,0.2,0.3,0.1,"fixed_11",0.808,0.0124553602918583,0.808,0,1.14868563616312,0.00289201433405609,0.0289201433405609,0.0357073639377259,0.0358064878262336,0.952,0.141877086100675,1,1000,1000,10.4984933333333,1.61439924567648,0.25834,20260709,1000
20,3,7,0,Inf,0.75,0,0.3,0,"fixed",11,0.2,0.3,0.1,"fixed_11",0.219712525667351,0.0132670769320359,0.214,0.0138248847926267,2.15371402732038,-0.0034731097941601,-0.034731097941601,0.0955906823103957,0.0956047045847131,0.936344969199179,0.358432175929432,0.974,974,1000,15.7674,1.96137634695604,0.00245,20260709,1000
40,3,7,0,Inf,0.75,0,0.3,0,"fixed",11,0.2,0.3,0.1,"fixed_11",0.365365365365365,0.0152350129890846,0.365,0,1.64098130705844,0.00142951176825694,0.0142951176825694,0.0637663868642636,0.0637504931377199,0.943943943943944,0.248833817643367,0.999,999,1000,15.7422,1.9747643355005,0.00145,20260709,1000
60,3,7,0,Inf,0.75,0,0.3,0,"fixed",11,0.2,0.3,0.1,"fixed_11",0.518,0.0158011391994375,0.518,0,1.41644610492083,0.0021249598369053,0.021249598369053,0.0520031212142975,0.0520205319630754,0.95,0.199969536212057,1,1000,1000,15.7615666666667,1.98579255707809,0.00155,20260709,1000
90,3,7,0,Inf,0.75,0,0.3,0,"fixed",11,0.2,0.3,0.1,"fixed_11",0.69,0.0146253205093085,0.69,0,1.22985816572172,0.00187979553199195,0.0187979553199195,0.0422082065903513,0.0422289569148031,0.944,0.164308397683809,1,1000,1000,15.7530222222222,1.98657826576199,0.0018,20260709,1000
120,3,7,0,Inf,0.75,0,0.3,0,"fixed",11,0.2,0.3,0.1,"fixed_11",0.812,0.0123554036761249,0.812,0,1.1386387065437,0.00233303453553489,0.0233303453553489,0.034923616185004,0.0349840300510681,0.96,0.141457166144999,1,1000,1000,15.7536083333333,1.97075131868917,0.00149166666666667,20260709,1000
150,3,7,0,Inf,0.75,0,0.3,0,"fixed",11,0.2,0.3,0.1,"fixed_11",0.877,0.0103860964755773,0.877,0,1.09103082773838,0.00156389082084656,0.0156389082084656,0.031776789704559,0.0317993766301066,0.959,0.126961081200203,1,1000,1000,15.7441466666667,1.98106303199809,0.0017,20260709,1000
20,5,7,0,Inf,0.75,0,0.3,0,"fixed",11,0.2,0.3,0.1,"fixed_11",0.263527054108216,0.0139452316162523,0.263,0,1.94515527473335,-0.00220699056391382,-0.0220699056391382,0.0865291434309747,0.0865139362934666,0.927855711422846,0.322760913419717,0.998,998,1000,26.2574,2.53856028224544,0,20260709,1000
40,5,7,0,Inf,0.75,0,0.3,0,"fixed",11,0.2,0.3,0.1,"fixed_11",0.423,0.0156227718411299,0.423,0.00235849056603774,1.53197744910793,-0.000954695823227006,-0.00954695823227006,0.0615849604546617,0.0615615634220163,0.929,0.224185347241771,1,1000,1000,26.24365,2.56281827026973,0,20260709,1000
60,5,7,0,Inf,0.75,0,0.3,0,"fixed",11,0.2,0.3,0.1,"fixed_11",0.601,0.0154854447788883,0.601,0,1.29140397752185,-0.000130596388846715,-0.00130596388846715,0.0466931938820386,0.046670024169348,0.944,0.181496674821595,1,1000,1000,26.2437166666667,2.55057462388582,0,20260709,1000
90,5,7,0,Inf,0.75,0,0.3,0,"fixed",11,0.2,0.3,0.1,"fixed_11",0.757,0.0135628536820243,0.757,0,1.16221877207474,0.00112910875280868,0.0112910875280868,0.0364690494713696,0.0364682939599802,0.969,0.148024995289436,1,1000,1000,26.2414777777778,2.55064511051068,0,20260709,1000
120,5,7,0,Inf,0.75,0,0.3,0,"fixed",11,0.2,0.3,0.1,"fixed_11",0.851,0.0112605062053178,0.851,0,1.08179440567922,-0.000681139674242673,-0.00681139674242673,0.0323551389560073,0.0323461298009747,0.956,0.128108389943993,1,1000,1000,26.2537416666667,2.54559979369968,0,20260709,1000
150,5,7,0,Inf,0.75,0,0.3,0,"fixed",11,0.2,0.3,0.1,"fixed_11",0.932,0.00796090447122687,0.932,0,1.04871436645647,0.000891338242686307,0.00891338242686307,0.0290659437931482,0.0290650777284483,0.95,0.113903684105261,1,1000,1000,26.2558133333333,2.55592085081896,0,20260709,1000
20,8,7,0,Inf,0.75,0,0.3,0,"fixed",11,0.2,0.3,0.1,"fixed_11",0.267535070140281,0.0140125929759318,0.267,0.0111111111111111,1.881445096573,-0.00401645480106701,-0.0401645480106701,0.0818220207432399,0.0818795867605503,0.920841683366733,0.302934795945221,0.998,998,1000,41.98345,3.20740023421384,0,20260709,1000
40,8,7,0,Inf,0.75,0,0.3,0,"fixed",11,0.2,0.3,0.1,"fixed_11",0.452,0.0157383607786834,0.452,0,1.40252203272746,-0.00257202957051922,-0.0257202957051922,0.0522797856710243,0.0523169011881443,0.958,0.209998892894651,1,1000,1000,41.98845,3.21036082511627,0,20260709,1000
60,8,7,0,Inf,0.75,0,0.3,0,"fixed",11,0.2,0.3,0.1,"fixed_11",0.626,0.0153011110707687,0.626,0,1.2530180084373,-0.000751641357636362,-0.00751641357636362,0.0440426366852612,0.0440270264391571,0.95,0.171007465819789,1,1000,1000,41.9770166666667,3.24196807263166,0,20260709,1000
90,8,7,0,Inf,0.75,0,0.3,0,"fixed",11,0.2,0.3,0.1,"fixed_11",0.804,0.0125532465920175,0.804,0,1.13578555528309,0.00166514920352499,0.0166514920352499,0.0362935763083776,0.0363136225050706,0.934,0.13808226019343,1,1000,1000,41.9880666666667,3.22977371669847,0,20260709,1000
120,8,7,0,Inf,0.75,0,0.3,0,"fixed",11,0.2,0.3,0.1,"fixed_11",0.905,0.00927227048785787,0.905,0,1.04995501722708,-0.000326286634386094,-0.00326286634386094,0.0293873600631727,0.0293744749317985,0.962,0.119905678475232,1,1000,1000,41.9920833333333,3.23383477574605,0,20260709,1000
150,8,7,0,Inf,0.75,0,0.3,0,"fixed",11,0.2,0.3,0.1,"fixed_11",0.951,0.00682634602111555,0.951,0,1.01646655944419,-0.00115549418404295,-0.0115549418404295,0.0273056116546242,0.0273164052945235,0.952,0.106446038796438,1,1000,1000,41.9912266666667,3.23357691772424,0,20260709,1000
20,1,14,0,Inf,0.75,0,0.3,0,"fixed",11,0.2,0.3,0.1,"fixed_11",0.210876803551609,0.0135901551360144,0.19,0.0256410256410256,2.378163732756,-0.000773711296818955,-0.00773711296818955,0.111957727057386,0.111898255018057,0.914539400665927,0.41049309748748,0.901,901,1000,10.49475,1.57904892645547,0.2565,20260709,1000
40,1,14,0,Inf,0.75,0,0.3,0,"fixed",11,0.2,0.3,0.1,"fixed_11",0.321248741188318,0.0148184035258398,0.319,0,1.84585209357336,0.00383219271634903,0.0383219271634903,0.0746803530832429,0.0747410487431332,0.929506545820745,0.279586963716746,0.993,993,1000,10.5006,1.60359357389799,0.255825,20260709,1000
60,1,14,0,Inf,0.75,0,0.3,0,"fixed",11,0.2,0.3,0.1,"fixed_11",0.448,0.0157256478403912,0.448,0,1.57187260308714,0.00549035478712649,0.0549035478712649,0.0604695395713869,0.0606881590299794,0.941,0.226785908764004,1,1000,1000,10.5081833333333,1.61785453984426,0.257416666666667,20260709,1000
90,1,14,0,Inf,0.75,0,0.3,0,"fixed",11,0.2,0.3,0.1,"fixed_11",0.585,0.0155812387184075,0.585,0,1.335012792906,0.00215647161431008,0.0215647161431008,0.0475592458934072,0.0475843499262409,0.945,0.18324768531237,1,1000,1000,10.5030444444444,1.61770378421857,0.257922222222222,20260709,1000
120,1,14,0,Inf,0.75,0,0.3,0,"fixed",11,0.2,0.3,0.1,"fixed_11",0.766,0.0133882037630147,0.766,0,1.24026872241227,0.00799996339569216,0.0799996339569216,0.0408085278538182,0.0415652501975228,0.937,0.158052120522966,1,1000,1000,10.5039166666667,1.61552081662028,0.257983333333333,20260709,1000
150,1,14,0,Inf,0.75,0,0.3,0,"fixed",11,0.2,0.3,0.1,"fixed_11",0.797,0.0127197091161709,0.797,0,1.15726553795055,0.0027863073603899,0.027863073603899,0.0363288034445796,0.0364173816530204,0.95,0.142463970141029,1,1000,1000,10.4948866666667,1.62105514480234,0.25906,20260709,1000
20,2,14,0,Inf,0.75,0,0.3,0,"fixed",11,0.2,0.3,0.1,"fixed_11",0.224242424242424,0.0132557500163996,0.222,0.00892857142857143,2.06630066930926,-0.00517585138806703,-0.0517585138806703,0.0889673163121012,0.0890728784459661,0.942424242424242,0.33580747323568,0.99,990,1000,20.95565,2.27257092170866,0,20260709,1000
40,2,14,0,Inf,0.75,0,0.3,0,"fixed",11,0.2,0.3,0.1,"fixed_11",0.412,0.0155645751628498,0.412,0,1.54370737222845,0.00107361946748791,0.0107361946748791,0.0592895179396729,0.0592695904266449,0.944,0.231040221938284,1,1000,1000,21.006025,2.28605691030372,0,20260709,1000
60,2,14,0,Inf,0.75,0,0.3,0,"fixed",11,0.2,0.3,0.1,"fixed_11",0.563,0.0156853753541316,0.563,0,1.36013133151841,0.0024584674431295,0.024584674431295,0.0500953559842545,0.0501306214669929,0.935,0.18959266684643,1,1000,1000,21.0056,2.27915720090587,0,20260709,1000
90,2,14,0,Inf,0.75,0,0.3,0,"fixed",11,0.2,0.3,0.1,"fixed_11",0.697,0.0145324120503102,0.697,0,1.16517609866027,-0.00251839982903425,-0.0251839982903425,0.038942383202636,0.0390042951223366,0.952,0.153332571665471,1,1000,1000,21.0048888888889,2.280042682621,0,20260709,1000
120,2,14,0,Inf,0.75,0,0.3,0,"fixed",11,0.2,0.3,0.1,"fixed_11",0.863,0.0108734079294396,0.863,0,1.11028310617324,0.00302612782585983,0.0302612782585983,0.0319067156538632,0.0320340118457102,0.957,0.132636299657143,1,1000,1000,21.0035916666667,2.2812343806373,0,20260709,1000
150,2,14,0,Inf,0.75,0,0.3,0,"fixed",11,0.2,0.3,0.1,"fixed_11",0.886,0.0100500746265886,0.886,0,1.05334693013673,-0.0015957884516207,-0.015957884516207,0.0308830627177726,0.0309088391896132,0.938,0.118684555129346,1,1000,1000,21.0000066666667,2.28914022269322,0,20260709,1000
20,3,14,0,Inf,0.75,0,0.3,0,"fixed",11,0.2,0.3,0.1,"fixed_11",0.267267267267267,0.0140011251912614,0.267,0,1.94898186680955,-0.000203822890147934,-0.00203822890147934,0.0828589131860817,0.0828176826902493,0.931931931931932,0.315982207227176,0.999,999,1000,31.48475,2.77563730033176,0,20260709,1000
40,3,14,0,Inf,0.75,0,0.3,0,"fixed",11,0.2,0.3,0.1,"fixed_11",0.434,0.0156730341670016,0.434,0,1.47454454644149,-0.00140145000172139,-0.0140145000172139,0.0554636587016661,0.0554536318129449,0.945,0.216526394306382,1,1000,1000,31.502375,2.78643303137019,0,20260709,1000
60,3,14,0,Inf,0.75,0,0.3,0,"fixed",11,0.2,0.3,0.1,"fixed_11",0.616,0.0153799869960933,0.616,0,1.29574000731887,0.00137623976633916,0.0137623976633916,0.0471840787423718,0.0471805572812999,0.928,0.176092608002975,1,1000,1000,31.4971,2.79228348922018,0,20260709,1000
90,3,14,0,Inf,0.75,0,0.3,0,"fixed",11,0.2,0.3,0.1,"fixed_11",0.769,0.0133281281506444,0.769,0,1.14215363449055,-0.000164637996975373,-0.00164637996975373,0.0365959790898453,0.0365780470436695,0.949,0.143816280478493,1,1000,1000,31.4993555555556,2.79343953986398,0,20260709,1000
120,3,14,0,Inf,0.75,0,0.3,0,"fixed",11,0.2,0.3,0.1,"fixed_11",0.864,0.0108399261990108,0.864,0,1.06659351272706,-0.00128782341080849,-0.0128782341080849,0.0322960948145547,0.0323056216728275,0.946,0.124024056790893,1,1000,1000,31.5169416666667,2.79390074573957,0,20260709,1000
150,3,14,0,Inf,0.75,0,0.3,0,"fixed",11,0.2,0.3,0.1,"fixed_11",0.932,0.00796090447122687,0.932,0,1.02756878818767,-0.00117655314108606,-0.0117655314108606,0.0275986875419731,0.0276099645740305,0.95,0.110649302554206,1,1000,1000,31.5032933333333,2.79663925929934,0,20260709,1000
20,5,14,0,Inf,0.75,0,0.3,0,"fixed",11,0.2,0.3,0.1,"fixed_11",0.285,0.0142749781085647,0.285,0,1.8531613258292,-0.00270240969293055,-0.0270240969293055,0.0805109585806325,0.0805160571269434,0.925,0.295911356668942,1,1000,1000,52.5123,3.58860050025761,0,20260709,1000
40,5,14,0,Inf,0.75,0,0.3,0,"fixed",11,0.2,0.3,0.1,"fixed_11",0.49,0.0158082257068907,0.49,0,1.39702432156371,-0.000841570030805705,-0.00841570030805705,0.0524737351359133,0.0524542431682283,0.947,0.205364583498673,1,1000,1000,52.5149,3.58978540437723,0,20260709,1000
60,5,14,0,Inf,0.75,0,0.3,0,"fixed",11,0.2,0.3,0.1,"fixed_11",0.643,0.0151509405648626,0.643,0,1.2327280396291,-0.000899282052165468,-0.00899282052165468,0.0427530402078338,0.042741119928881,0.947,0.166421805383609,1,1000,1000,52.5227333333333,3.60272768495746,0,20260709,1000
90,5,14,0,Inf,0.75,0,0.3,0,"fixed",11,0.2,0.3,0.1,"fixed_11",0.787,0.0129472390879291,0.787,0,1.07209510495398,-0.00482224625616069,-0.0482224625616069,0.0342127240841058,0.0345339548520141,0.945,0.135500082566186,1,1000,1000,52.5026888888889,3.62262583055142,0,20260709,1000
120,5,14,0,Inf,0.75,0,0.3,0,"fixed",11,0.2,0.3,0.1,"fixed_11",0.911,0.00900438781928011,0.911,0,1.02701151276259,-0.00245646753993714,-0.0245646753993714,0.0296934974488243,0.0297801329702766,0.943,0.117593088331799,1,1000,1000,52.4920666666667,3.61988269824848,0,20260709,1000
150,5,14,0,Inf,0.75,0,0.3,0,"fixed",11,0.2,0.3,0.1,"fixed_11",0.951,0.00682634602111555,0.951,0,1.00977299509284,-0.00184666915988715,-0.0184666915988715,0.0262129446558006,0.0262648345901248,0.952,0.104591276029146,1,1000,1000,52.5079666666667,3.60253903995641,0,20260709,1000
20,8,14,0,Inf,0.75,0,0.3,0,"fixed",11,0.2,0.3,0.1,"fixed_11",0.29,0.0143492160064583,0.29,0.00343642611683849,1.74200279463982,-0.00320347737784696,-0.0320347737784696,0.074229866582414,0.074261869671188,0.933,0.289615144338177,1,1000,1000,84.0043,4.56505639767568,0,20260709,1000
40,8,14,0,Inf,0.75,0,0.3,0,"fixed",11,0.2,0.3,0.1,"fixed_11",0.481,0.0157999683543987,0.481,0,1.39114553314998,-0.00157120531419655,-0.0157120531419655,0.0507511021241956,0.0507500480649336,0.945,0.200530849560825,1,1000,1000,84.00515,4.54961424184751,0,20260709,1000
60,8,14,0,Inf,0.75,0,0.3,0,"fixed",11,0.2,0.3,0.1,"fixed_11",0.664,0.0149366662947259,0.664,0,1.20736326940012,-0.00218142877422657,-0.0218142877422657,0.0423922272820003,0.0424271430159027,0.947,0.161858051281719,1,1000,1000,84.0008,4.53898906669209,0,20260709,1000
90,8,14,0,Inf,0.75,0,0.3,0,"fixed",11,0.2,0.3,0.1,"fixed_11",0.845,0.0114444309600784,0.845,0,1.09644001952336,0.000422651982955491,0.00422651982955491,0.0333088123545949,0.0332948365094624,0.948,0.130855638119612,1,1000,1000,84.0097888888889,4.56173869430899,0,20260709,1000
120,8,14,0,Inf,0.75,0,0.3,0,"fixed",11,0.2,0.3,0.1,"fixed_11",0.917,0.00872416185085994,0.917,0,1.02906762986104,-0.0020551920192764,-0.020551920192764,0.0291983256780434,0.0292559992892874,0.942,0.113434133385614,1,1000,1000,84.0376916666667,4.55896268827149,0,20260709,1000
150,8,14,0,Inf,0.75,0,0.3,0,"fixed",11,0.2,0.3,0.1,"fixed_11",0.975,0.00493710441453288,0.975,0,1.00119587618909,-0.00131272770932937,-0.0131272770932937,0.025424111740217,0.025445281023406,0.957,0.101108454147616,1,1000,1000,84.00496,4.56633893135776,0,20260709,1000
20,1,28,0,Inf,0.75,0,0.3,0,"fixed",11,0.2,0.3,0.1,"fixed_11",0.248234106962664,0.0137225622069946,0.246,0.016,2.04498356847479,-0.00174160999767456,-0.0174160999767456,0.0903028485991091,0.0902740771654335,0.9313824419778,0.333405028069202,0.991,991,1000,20.998,2.26154970662174,0,20260709,1000
40,1,28,0,Inf,0.75,0,0.3,0,"fixed",11,0.2,0.3,0.1,"fixed_11",0.424,0.0156276677722557,0.424,0,1.56085208922012,0.00107105573589916,0.0107105573589916,0.0615203385160826,0.0614988980346125,0.934,0.231151617081743,1,1000,1000,21.00015,2.28363938014657,0,20260709,1000
60,1,28,0,Inf,0.75,0,0.3,0,"fixed",11,0.2,0.3,0.1,"fixed_11",0.541,0.0157581407532742,0.541,0,1.36309278960613,1.88352937721958e-05,0.000188352937721958,0.0501829268646095,0.0501578326616924,0.943,0.190137959691362,1,1000,1000,21.0029666666667,2.2729676619132,0,20260709,1000
90,1,28,0,Inf,0.75,0,0.3,0,"fixed",11,0.2,0.3,0.1,"fixed_11",0.741,0.0138534833164804,0.741,0,1.19520464200818,0.00203347890185697,0.0203347890185697,0.040383677250839,0.0404146703977148,0.944,0.153848622376719,1,1000,1000,20.9900666666667,2.28903982005636,0,20260709,1000
120,1,28,0,Inf,0.75,0,0.3,0,"fixed",11,0.2,0.3,0.1,"fixed_11",0.841,0.0115636931816786,0.841,0,1.10270483584192,0.000497708798664176,0.00497708798664176,0.0327868951398018,0.032774276902225,0.953,0.132882269963211,1,1000,1000,21.01025,2.28393883315938,0,20260709,1000
150,1,28,0,Inf,0.75,0,0.3,0,"fixed",11,0.2,0.3,0.1,"fixed_11",0.895,0.00969407035254026,0.895,0,1.06062309889552,-0.000354419895294833,-0.00354419895294833,0.0316310059055006,0.0316171729843356,0.936,0.118627431368059,1,1000,1000,21.00888,2.28638276589452,6.66666666666666e-06,20260709,1000
20,2,28,0,Inf,0.75,0,0.3,0,"fixed",11,0.2,0.3,0.1,"fixed_11",0.27027027027027,0.0140506822948658,0.27,0.003690036900369,1.91212937111657,-7.04581185216602e-05,-0.000704581185216602,0.0805730020493977,0.0805326959466297,0.924924924924925,0.30640693136942,0.999,999,1000,41.9875,3.19211457822368,0,20260709,1000
40,2,28,0,Inf,0.75,0,0.3,0,"fixed",11,0.2,0.3,0.1,"fixed_11",0.471,0.0157847711418316,0.471,0,1.41271322008091,-0.00243258542245142,-0.0243258542245142,0.0541272644968474,0.0541548564118426,0.95,0.210237759713231,1,1000,1000,41.9917,3.23035019344391,0,20260709,1000
60,2,28,0,Inf,0.75,0,0.3,0,"fixed",11,0.2,0.3,0.1,"fixed_11",0.621,0.0153414145371279,0.621,0,1.24836486998257,-0.000801658163391589,-0.00801658163391589,0.0433934452806347,0.0433791511908779,0.953,0.171404373587915,1,1000,1000,41.9988333333333,3.22705632392506,0,20260709,1000
90,2,28,0,Inf,0.75,0,0.3,0,"fixed",11,0.2,0.3,0.1,"fixed_11",0.805,0.0125289664378192,0.805,0,1.11825467648837,0.000119529973624743,0.00119529973624743,0.0343527396699491,0.0343357670589002,0.949,0.138538780092499,1,1000,1000,42.0109333333333,3.22533475808586,0,20260709,1000
120,2,28,0,Inf,0.75,0,0.3,0,"fixed",11,0.2,0.3,0.1,"fixed_11",0.885,0.0100883596287999,0.885,0,1.05260729492684,-0.0014420212649305,-0.014420212649305,0.0305923451588402,0.0306110293205539,0.941,0.119903681123866,1,1000,1000,42.0008166666667,3.23312388607868,0,20260709,1000
150,2,28,0,Inf,0.75,0,0.3,0,"fixed",11,0.2,0.3,0.1,"fixed_11",0.948,0.00702111102319284,0.948,0,1.02451434005786,-0.0006432969891043,-0.006432969891043,0.0270571422246491,0.0270512603668612,0.943,0.106748893865936,1,1000,1000,42.0015333333333,3.22973946001022,0,20260709,1000
20,3,28,0,Inf,0.75,0,0.3,0,"fixed",11,0.2,0.3,0.1,"fixed_11",0.292,0.0143783170086071,0.292,0.00680272108843537,1.81029642943644,-0.00323308673164091,-0.0323308673164091,0.0809647285615593,0.0809887944939931,0.911,0.294269096951572,1,1000,1000,63.025,3.92396647976044,0,20260709,1000
40,3,28,0,Inf,0.75,0,0.3,0,"fixed",11,0.2,0.3,0.1,"fixed_11",0.491,0.0158088266484265,0.491,0,1.41929694073433,-0.00192401769741929,-0.0192401769741929,0.0551224228758801,0.0551284397231014,0.921,0.203441289274896,1,1000,1000,62.97965,3.92339343378047,0,20260709,1000
60,3,28,0,Inf,0.75,0,0.3,0,"fixed",11,0.2,0.3,0.1,"fixed_11",0.654,0.0150427391122761,0.654,0,1.23531212102587,0.000242721093162507,0.00242721093162507,0.0429247631546935,0.0429039819844699,0.94,0.164101328318981,1,1000,1000,62.9832833333333,3.94849636977083,0,20260709,1000
90,3,28,0,Inf,0.75,0,0.3,0,"fixed",11,0.2,0.3,0.1,"fixed_11",0.816,0.0122533260790693,0.816,0,1.10179052958308,-0.000805205280150059,-0.00805205280150059,0.0335090771425724,0.0335019961829008,0.947,0.133998571487498,1,1000,1000,63.0015666666667,3.95103204813885,0,20260709,1000
120,3,28,0,Inf,0.75,0,0.3,0,"fixed",11,0.2,0.3,0.1,"fixed_11",0.907,0.00918428004799505,0.907,0,1.04281462083441,-0.00120472885558372,-0.0120472885558372,0.0297564534029653,0.0297659611674006,0.952,0.115265215475667,1,1000,1000,63.0216833333333,3.96672104476248,0,20260709,1000
150,3,28,0,Inf,0.75,0,0.3,0,"fixed",11,0.2,0.3,0.1,"fixed_11",0.963,0.00596917079668525,0.963,0,1.0117167232178,-0.00103409672289297,-0.0103409672289297,0.0260133138996025,0.0260208601620221,0.959,0.103153777257371,1,1000,1000,62.9962666666667,3.97106886217084,0,20260709,1000
20,5,28,0,Inf,0.75,0,0.3,0,"fixed",11,0.2,0.3,0.1,"fixed_11",0.278,0.0141674274305535,0.278,0.003584229390681,1.80753185770576,-0.00242812596533974,-0.0242812596533974,0.075949972806187,0.0759508114939849,0.93,0.291836334509044,1,1000,1000,105.0252,5.03830673071111,0,20260709,1000
40,5,28,0,Inf,0.75,0,0.3,0,"fixed",11,0.2,0.3,0.1,"fixed_11",0.516,0.0158032907965398,0.516,0.00193423597678917,1.37804869562744,-0.000559074418731195,-0.00559074418731195,0.0517811620310447,0.0517582845228636,0.951,0.198855102378209,1,1000,1000,105.01395,5.11639744107378,0,20260709,1000
60,5,28,0,Inf,0.75,0,0.3,0,"fixed",11,0.2,0.3,0.1,"fixed_11",0.705,0.0144213383567546,0.705,0,1.19237629654577,0.000543233673589591,0.00543233673589591,0.0398734858843715,0.0398572463238333,0.952,0.160012825048326,1,1000,1000,104.997183333333,5.09302899125376,0,20260709,1000
90,5,28,0,Inf,0.75,0,0.3,0,"fixed",11,0.2,0.3,0.1,"fixed_11",0.846,0.0114142016803629,0.846,0,1.08707512469733,-0.000463024448587229,-0.00463024448587229,0.0336221521748852,0.0336085265876721,0.944,0.129515846788664,1,1000,1000,104.989577777778,5.1143352994676,0,20260709,1000
120,5,28,0,Inf,0.75,0,0.3,0,"fixed",11,0.2,0.3,0.1,"fixed_11",0.924,0.00837997613361756,0.924,0,1.05532884228911,0.00110439184473231,0.0110439184473231,0.028993128694758,0.0289996653661038,0.95,0.112162115483345,1,1000,1000,105.013175,5.11722676095816,0,20260709,1000
150,5,28,0,Inf,0.75,0,0.3,0,"fixed",11,0.2,0.3,0.1,"fixed_11",0.962,0.00604615580348373,0.962,0,0.993133319600193,-0.00283077841499717,-0.0283077841499717,0.0247447855388388,0.0248938830515968,0.956,0.100528014092839,1,1000,1000,105.012693333333,5.10987131917122,0,20260709,1000
20,8,28,0,Inf,0.75,0,0.3,0,"fixed",11,0.2,0.3,0.1,"fixed_11",0.295,0.0144213383567546,0.295,0.00337837837837838,1.75756762569364,-0.000754619997984068,-0.00754619997984068,0.0729285536368082,0.0728959862609912,0.936,0.283625188900151,1,1000,1000,168.01335,6.43776918065927,0,20260709,1000
40,8,28,0,Inf,0.75,0,0.3,0,"fixed",11,0.2,0.3,0.1,"fixed_11",0.52,0.0157987341265052,0.52,0,1.32339496392902,-0.00230868584919927,-0.0230868584919927,0.0471034251619466,0.0471364398281777,0.959,0.193189264535378,1,1000,1000,168.04835,6.48315313308837,0,20260709,1000
60,8,28,0,Inf,0.75,0,0.3,0,"fixed",11,0.2,0.3,0.1,"fixed_11",0.739,0.0138880884213775,0.739,0,1.18051503052989,0.00106653859906884,0.0106653859906884,0.0393982050605508,0.0393929416014407,0.949,0.155955839588792,1,1000,1000,168.067516666667,6.44163312664177,0,20260709,1000
90,8,28,0,Inf,0.75,0,0.3,0,"fixed",11,0.2,0.3,0.1,"fixed_11",0.84,0.0115931013969516,0.84,0,1.06967292228773,-0.0027012589924503,-0.027012589924503,0.0328422857799665,0.032936817084564,0.943,0.127726853945144,1,1000,1000,167.987266666667,6.4444657598492,0,20260709,1000
120,8,28,0,Inf,0.75,0,0.3,0,"fixed",11,0.2,0.3,0.1,"fixed_11",0.944,0.00727076337120113,0.944,0,1.02810686976819,-0.000369754084715554,-0.00369754084715554,0.0267835782693826,0.0267727365603593,0.96,0.110183021182981,1,1000,1000,167.957508333333,6.4863827981636,0,20260709,1000
150,8,28,0,Inf,0.75,0,0.3,0,"fixed",11,0.2,0.3,0.1,"fixed_11",0.97,0.00539444158370447,0.97,0,1.00394365662282,-0.00134211711026366,-0.0134211711026366,0.0248450854810707,0.0248689017173419,0.953,0.09868631559082,1,1000,1000,168.01726,6.47071358320839,0,20260709,1000
20,1,21,0,Inf,0.75,0,0.3,0,"fixed",11,0.2,0.3,0.1,"fixed_11",0.235112936344969,0.0135880595724621,0.229,0.00865800865800866,2.12199052285293,0.0029480115207861,0.029480115207861,0.093745288361733,0.0937435175935462,0.92094455852156,0.355384309644835,0.974,974,1000,15.75295,1.96680163622534,0.00205,20260709,1000
40,1,21,0,Inf,0.75,0,0.3,0,"fixed",11,0.2,0.3,0.1,"fixed_11",0.362,0.0151972365909069,0.362,0,1.6425599177183,0.000268460719433872,0.00268460719433872,0.0643996629800616,0.0643680149337499,0.943,0.246109013017529,1,1000,1000,15.743725,1.97076511885519,0.00185,20260709,1000
60,1,21,0,Inf,0.75,0,0.3,0,"fixed",11,0.2,0.3,0.1,"fixed_11",0.491,0.0158088266484265,0.491,0,1.39759110356694,-0.000579408220133748,-0.00579408220133748,0.0516284154454524,0.0516058475563805,0.948,0.20300684529551,1,1000,1000,15.7538,1.97676420137264,0.00175,20260709,1000
90,1,21,0,Inf,0.75,0,0.3,0,"fixed",11,0.2,0.3,0.1,"fixed_11",0.659,0.0149906304070242,0.659,0,1.25790169384656,0.00185368211897805,0.0185368211897805,0.0436984515944582,0.0437159153453256,0.94,0.164533689314724,1,1000,1000,15.7628777777778,1.97679431089126,0.00173333333333334,20260709,1000
120,1,21,0,Inf,0.75,0,0.3,0,"fixed",11,0.2,0.3,0.1,"fixed_11",0.821,0.0121226647235664,0.821,0,1.14328926210632,0.0027792440914305,0.027792440914305,0.0363654022762258,0.0364533158704221,0.941,0.140680838362168,1,1000,1000,15.7517,1.98110658421399,0.00183333333333333,20260709,1000
150,1,21,0,Inf,0.75,0,0.3,0,"fixed",11,0.2,0.3,0.1,"fixed_11",0.878,0.0103496859855746,0.878,0,1.09768948425548,0.0024006889976662,0.024006889976662,0.0328310223082361,0.0329023017043125,0.945,0.126405560403994,1,1000,1000,15.7566866666667,1.98443141804065,0.00166666666666667,20260709,1000
20,2,21,0,Inf,0.75,0,0.3,0,"fixed",11,0.2,0.3,0.1,"fixed_11",0.252252252252252,0.0137408101416644,0.252,0.015625,1.89247435531928,-0.00305591272183071,-0.0305591272183071,0.0816829246026498,0.0816992043734516,0.92992992992993,0.312534919299149,0.999,999,1000,31.5018,2.76625967366148,0,20260709,1000
40,2,21,0,Inf,0.75,0,0.3,0,"fixed",11,0.2,0.3,0.1,"fixed_11",0.431,0.0156601085564564,0.431,0,1.47850986442707,-0.00141367573571602,-0.0141367573571602,0.0569747632430534,0.0569638130925339,0.93,0.217907922343539,1,1000,1000,31.513425,2.79231092309364,0,20260709,1000
60,2,21,0,Inf,0.75,0,0.3,0,"fixed",11,0.2,0.3,0.1,"fixed_11",0.618,0.015364764885933,0.618,0,1.27707360291659,0.00113806883048718,0.0113806883048718,0.0454865338753584,0.0454780270008832,0.949,0.176447624626519,1,1000,1000,31.5043,2.79285096875801,0,20260709,1000
90,2,21,0,Inf,0.75,0,0.3,0,"fixed",11,0.2,0.3,0.1,"fixed_11",0.753,0.0136378517369856,0.753,0,1.14388675889906,-0.00110966798253796,-0.0110966798253796,0.0376727709153167,0.0376702773257773,0.952,0.143383101255348,1,1000,1000,31.4953666666667,2.80022531374289,0,20260709,1000
120,2,21,0,Inf,0.75,0,0.3,0,"fixed",11,0.2,0.3,0.1,"fixed_11",0.873,0.0105295299040366,0.873,0,1.06636676433301,-0.00121107699297592,-0.0121107699297592,0.0330948582171183,0.0331004694566961,0.938,0.12345057045669,1,1000,1000,31.499,2.78922823459074,0,20260709,1000
150,2,21,0,Inf,0.75,0,0.3,0,"fixed",11,0.2,0.3,0.1,"fixed_11",0.929,0.00812151463706124,0.929,0,1.02716459380033,-0.00140231920888785,-0.0140231920888785,0.028723299092839,0.0287431623526279,0.938,0.110723003558653,1,1000,1000,31.50134,2.80141609151975,0,20260709,1000
20,3,21,0,Inf,0.75,0,0.3,0,"fixed",11,0.2,0.3,0.1,"fixed_11",0.295,0.0144213383567546,0.295,0.00337837837837838,1.84335318302146,0.000417271987337972,0.00417271987337972,0.0793837332661072,0.0793451286851852,0.929,0.300911260211266,1,1000,1000,47.2671,3.39106567003591,0,20260709,1000
40,3,21,0,Inf,0.75,0,0.3,0,"fixed",11,0.2,0.3,0.1,"fixed_11",0.443,0.0157083099027235,0.443,0.00225225225225225,1.42568305648574,-0.00405353892082005,-0.0405353892082005,0.0556050236533675,0.0557248410910132,0.932,0.207679062352372,1,1000,1000,47.2294,3.43976394747922,0,20260709,1000
60,3,21,0,Inf,0.75,0,0.3,0,"fixed",11,0.2,0.3,0.1,"fixed_11",0.624,0.015317441039547,0.624,0,1.22479026285339,-0.0024123588477724,-0.024123588477724,0.0426451330956632,0.0426920161690744,0.945,0.169392488032955,1,1000,1000,47.26535,3.43977320023776,0,20260709,1000
90,3,21,0,Inf,0.75,0,0.3,0,"fixed",11,0.2,0.3,0.1,"fixed_11",0.802,0.012601428490453,0.802,0,1.1032989513067,-0.00156312763239362,-0.0156312763239362,0.0343131965367756,0.034331638893446,0.96,0.137087477093701,1,1000,1000,47.2541666666667,3.42261239604287,0,20260709,1000
120,3,21,0,Inf,0.75,0,0.3,0,"fixed",11,0.2,0.3,0.1,"fixed_11",0.897,0.00961202372032029,0.897,0,1.04352901888675,-0.0018773884452323,-0.018773884452323,0.0302864444278846,0.0303294582005936,0.938,0.117622157214218,1,1000,1000,47.258175,3.43004162086151,0,20260709,1000
150,3,21,0,Inf,0.75,0,0.3,0,"fixed",11,0.2,0.3,0.1,"fixed_11",0.961,0.00612200947402077,0.961,0,1.03119425634846,0.000760928345032552,0.00760928345032552,0.0264924824220773,0.0264901639331557,0.953,0.105815383819308,1,1000,1000,47.2465266666667,3.42764803422982,0,20260709,1000
20,5,21,0,Inf,0.75,0,0.3,0,"fixed",11,0.2,0.3,0.1,"fixed_11",0.294,0.0144070815920505,0.294,0.00338983050847458,1.80015950614145,-0.00229301410987606,-0.0229301410987606,0.0781616910508324,0.0781562448668431,0.93,0.289780414602657,1,1000,1000,78.78045,4.35810522191213,0,20260709,1000
40,5,21,0,Inf,0.75,0,0.3,0,"fixed",11,0.2,0.3,0.1,"fixed_11",0.495,0.0158105977116616,0.495,0,1.36472008316406,-0.00200546902593633,-0.0200546902593633,0.0504091261606937,0.0504238120960567,0.946,0.201046115725704,1,1000,1000,78.758,4.40985665614661,0,20260709,1000
60,5,21,0,Inf,0.75,0,0.3,0,"fixed",11,0.2,0.3,0.1,"fixed_11",0.667,0.0149033888763596,0.667,0,1.21121309609462,-0.000322548862554159,-0.00322548862554159,0.0407256351367626,0.0407065451457644,0.954,0.162379390089121,1,1000,1000,78.7421,4.43253493036925,0,20260709,1000
90,5,21,0,Inf,0.75,0,0.3,0,"fixed",11,0.2,0.3,0.1,"fixed_11",0.82,0.01214907403879,0.82,0,1.0934108347052,-0.00141903561194048,-0.0141903561194048,0.03378877530137,0.0338016762468676,0.953,0.132368412685462,1,1000,1000,78.7437555555556,4.43650767063868,0,20260709,1000
120,5,21,0,Inf,0.75,0,0.3,0,"fixed",11,0.2,0.3,0.1,"fixed_11",0.925,0.00832916562447884,0.925,0,1.0294219710938,-0.00124707969623918,-0.0124707969623918,0.0285218580259933,0.0285348575717215,0.963,0.113510561136278,1,1000,1000,78.7559166666667,4.42716381899217,0,20260709,1000
150,5,21,0,Inf,0.75,0,0.3,0,"fixed",11,0.2,0.3,0.1,"fixed_11",0.95,0.00689202437604511,0.95,0,1.00385600538158,-0.00257186430751584,-0.0257186430751584,0.0265936052115532,0.0267044397867859,0.936,0.101700633560419,1,1000,1000,78.7258066666667,4.41620387239792,0,20260709,1000
20,8,21,0,Inf,0.75,0,0.3,0,"fixed",11,0.2,0.3,0.1,"fixed_11",0.308,0.0145991780590552,0.308,0.00645161290322581,1.79134504746397,-0.000194164593035673,-0.00194164593035673,0.0773155757724923,0.0772771522422,0.929,0.287768106903993,1,1000,1000,125.97345,5.55124052187092,0,20260709,1000
40,8,21,0,Inf,0.75,0,0.3,0,"fixed",11,0.2,0.3,0.1,"fixed_11",0.501,0.0158113566780337,0.501,0,1.36149563482945,-0.00292005877369118,-0.0292005877369118,0.0509603927179992,0.0510185398417923,0.947,0.196477775577202,1,1000,1000,126.007875,5.58468281578931,0,20260709,1000
60,8,21,0,Inf,0.75,0,0.3,0,"fixed",11,0.2,0.3,0.1,"fixed_11",0.678,0.0147755202954075,0.678,0,1.19632445037816,-0.00179264054726179,-0.0179264054726179,0.0421823943102347,0.0421993909373828,0.939,0.158202641622448,1,1000,1000,126.016933333333,5.583761079239,0,20260709,1000
90,8,21,0,Inf,0.75,0,0.3,0,"fixed",11,0.2,0.3,0.1,"fixed_11",0.847,0.0113838042850358,0.847,0,1.08364701714142,-0.000445446156646462,-0.00445446156646462,0.0336816698524899,0.0336677717030181,0.946,0.128401338517113,1,1000,1000,126.024455555556,5.60449115027686,0,20260709,1000
120,8,21,0,Inf,0.75,0,0.3,0,"fixed",11,0.2,0.3,0.1,"fixed_11",0.93,0.00806845710157772,0.93,0,1.01541208848652,-0.0025289426209185,-0.025289426209185,0.0283969415509369,0.0284951829953376,0.948,0.110941502283825,1,1000,1000,126.01695,5.60046662865234,0,20260709,1000
150,8,21,0,Inf,0.75,0,0.3,0,"fixed",11,0.2,0.3,0.1,"fixed_11",0.963,0.00596917079668525,0.963,0,1.0088596186205,-0.00128987091089143,-0.0128987091089143,0.0264166466119363,0.0264349228477873,0.934,0.100010855123324,1,1000,1000,126.009146666667,5.59252461811266,0,20260709,1000
20,4,3,0,Inf,0.75,0,0.3,0,"fixed",11,0.2,0.3,0.1,"fixed_11",0.204861111111111,0.0137307540502587,0.177,0,2.51136438876346,0.00996696485755133,0.0996696485755133,0.110524750455079,0.110909522973811,0.931712962962963,0.431790625653397,0.864,864,1000,9.0102,1.48429421850773,0.6057,20260709,1000
40,4,3,0,Inf,0.75,0,0.3,0,"fixed",11,0.2,0.3,0.1,"fixed_11",0.299898682877406,0.0145850912376002,0.296,0.00336700336700337,1.82786089289765,0.000914055084991608,0.00914055084991608,0.073205422308138,0.073174037288578,0.946301925025329,0.290260926336946,0.987,987,1000,8.999775,1.49021027465457,0.611225,20260709,1000
60,4,3,0,Inf,0.75,0,0.3,0,"fixed",11,0.2,0.3,0.1,"fixed_11",0.420260782347041,0.0156324912126197,0.419,0,1.6097402548606,0.00455547461428604,0.0455547461428604,0.063380003570133,0.0635117948834888,0.936810431293882,0.238437845067382,0.997,997,1000,8.99196666666667,1.49558978970612,0.609383333333333,20260709,1000
90,4,3,0,Inf,0.75,0,0.3,0,"fixed",11,0.2,0.3,0.1,"fixed_11",0.533,0.0157769135131052,0.533,0,1.39081581872071,0.00333371937778043,0.0333371937778043,0.0495470452036652,0.0496343476195206,0.94,0.193877186888673,1,1000,1000,9.00495555555556,1.49740358193236,0.609155555555556,20260709,1000
120,4,3,0,Inf,0.75,0,0.3,0,"fixed",11,0.2,0.3,0.1,"fixed_11",0.679,0.0147634345597493,0.679,0,1.27774405841137,0.0047021937058661,0.047021937058661,0.0443484329841784,0.0445749632674161,0.94,0.166411977048892,1,1000,1000,8.99945833333333,1.49539524268643,0.608975,20260709,1000
150,4,3,0,Inf,0.75,0,0.3,0,"fixed",11,0.2,0.3,0.1,"fixed_11",0.751,0.0136747577675073,0.751,0,1.20606671627063,0.00407130293326569,0.0407130293326569,0.03902196338635,0.0392143649760331,0.947,0.148791173920372,1,1000,1000,8.99569333333333,1.50239709455511,0.610886666666667,20260709,1000
20,6,3,0,Inf,0.75,0,0.3,0,"fixed",11,0.2,0.3,0.1,"fixed_11",0.191578947368421,0.0127682358462269,0.182,0.0108695652173913,2.19630887957731,-0.00360540805541446,-0.0360540805541446,0.0966442646307725,0.0966606494621335,0.932631578947368,0.377070188031267,0.95,950,1000,13.50875,1.82039522649928,0.0186,20260709,1000
40,6,3,0,Inf,0.75,0,0.3,0,"fixed",11,0.2,0.3,0.1,"fixed_11",0.343373493975904,0.0150457180665876,0.342,0.00869565217391304,1.67364874347339,-0.00170643481709082,-0.0170643481709082,0.0686837986984824,0.0686705156060125,0.927710843373494,0.257410885301513,0.996,996,1000,13.494925,1.82820155680374,0.019775,20260709,1000
60,6,3,0,Inf,0.75,0,0.3,0,"fixed",11,0.2,0.3,0.1,"fixed_11",0.486486486486487,0.0158135211893153,0.486,0,1.47483429831929,0.0021469556424952,0.021469556424952,0.057216334786714,0.0572279774149305,0.93993993993994,0.209226225888181,0.999,999,1000,13.5009166666667,1.83215194101458,0.0193333333333333,20260709,1000
90,6,3,0,Inf,0.75,0,0.3,0,"fixed",11,0.2,0.3,0.1,"fixed_11",0.679,0.0147634345597493,0.679,0,1.28215539998726,0.0059776776989867,0.059776776989867,0.0436012929705917,0.0439875471768047,0.952,0.171215041301316,1,1000,1000,13.5002777777778,1.83458292303294,0.0198111111111111,20260709,1000
120,6,3,0,Inf,0.75,0,0.3,0,"fixed",11,0.2,0.3,0.1,"fixed_11",0.769,0.0133281281506444,0.769,0,1.16671976390283,0.00218783984705533,0.0218783984705533,0.0373323597451989,0.0373777744422694,0.958,0.147612179454845,1,1000,1000,13.5030916666667,1.83148462386212,0.0194666666666667,20260709,1000
150,6,3,0,Inf,0.75,0,0.3,0,"fixed",11,0.2,0.3,0.1,"fixed_11",0.865,0.0108062481925967,0.865,0,1.13059927827762,0.00435712063973187,0.0435712063973187,0.0346554018564037,0.0349110352355839,0.942,0.132425715038869,1,1000,1000,13.5010333333333,1.83108117289408,0.0189533333333333,20260709,1000
20,7,3,0,Inf,0.75,0,0.3,0,"fixed",11,0.2,0.3,0.1,"fixed_11",0.209593326381648,0.013143309074525,0.201,0.0195121951219512,2.2144145194743,-0.00792772230999696,-0.0792772230999696,0.100759801924235,0.101018809521062,0.91970802919708,0.361388484695202,0.959,959,1000,15.74845,1.94672257603703,0.0014,20260709,1000
40,7,3,0,Inf,0.75,0,0.3,0,"fixed",11,0.2,0.3,0.1,"fixed_11",0.384,0.0153799869960933,0.384,0.0025974025974026,1.64597060377957,0.00141751985289251,0.0141751985289251,0.0657691394617078,0.065751528410839,0.938,0.247664250698349,1,1000,1000,15.74865,1.97680826449805,0.00185,20260709,1000
60,7,3,0,Inf,0.75,0,0.3,0,"fixed",11,0.2,0.3,0.1,"fixed_11",0.498,0.0158112618092295,0.498,0,1.43749193853866,0.00112910150303366,0.0112910150303366,0.0544571764678123,0.0544416509207956,0.937,0.202002529784691,1,1000,1000,15.7357166666667,1.98197434583741,0.00196666666666667,20260709,1000
90,7,3,0,Inf,0.75,0,0.3,0,"fixed",11,0.2,0.3,0.1,"fixed_11",0.676,0.014799459449588,0.676,0,1.25098345574676,0.00218769558782263,0.0218769558782263,0.0436242916192773,0.043657321865289,0.939,0.162585890885105,1,1000,1000,15.7502333333333,1.97640106998023,0.00158888888888889,20260709,1000
120,7,3,0,Inf,0.75,0,0.3,0,"fixed",11,0.2,0.3,0.1,"fixed_11",0.777,0.0131632442809514,0.777,0,1.14487057095465,0.000639218794925345,0.00639218794925345,0.0361643945704623,0.0361519594473276,0.952,0.141979035377098,1,1000,1000,15.7480333333333,1.97861323640645,0.0015,20260709,1000
150,7,3,0,Inf,0.75,0,0.3,0,"fixed",11,0.2,0.3,0.1,"fixed_11",0.898,0.00957057991973318,0.898,0,1.08123892714208,0.00181690391023305,0.0181690391023305,0.0314310808026986,0.0314678576869218,0.957,0.126524612576388,1,1000,1000,15.7553466666667,1.98287609205949,0.00172666666666667,20260709,1000
20,4,7,0,Inf,0.75,0,0.3,0,"fixed",11,0.2,0.3,0.1,"fixed_11",0.218623481781377,0.013149223549496,0.216,0.00460829493087558,2.02847568999944,-0.00218128063520261,-0.0218128063520261,0.0862375971413604,0.08622153962765,0.93421052631579,0.339729342363955,0.988,988,1000,21.01925,2.24267603736282,0,20260709,1000
40,4,7,0,Inf,0.75,0,0.3,0,"fixed",11,0.2,0.3,0.1,"fixed_11",0.402,0.0155047089621186,0.402,0,1.55828048554495,-0.00196331489632133,-0.0196331489632133,0.0627811314358845,0.0627804396232422,0.937,0.232702179677638,1,1000,1000,20.999375,2.28060306789524,0,20260709,1000
60,4,7,0,Inf,0.75,0,0.3,0,"fixed",11,0.2,0.3,0.1,"fixed_11",0.576,0.0156276677722557,0.576,0,1.35216389490128,0.0030019860651416,0.030019860651416,0.0491617387612645,0.0492287680305742,0.941,0.18867021681699,1,1000,1000,20.9950666666667,2.28541532070865,0,20260709,1000
90,4,7,0,Inf,0.75,0,0.3,0,"fixed",11,0.2,0.3,0.1,"fixed_11",0.729,0.014055568291606,0.729,0,1.17914748684254,3.32305979389991e-05,0.000332305979389991,0.0398921553844342,0.039872218165375,0.95,0.153815725454259,1,1000,1000,21.0022111111111,2.28503897610218,0,20260709,1000
120,4,7,0,Inf,0.75,0,0.3,0,"fixed",11,0.2,0.3,0.1,"fixed_11",0.839,0.0116223491601311,0.839,0,1.10779356752792,0.000860064850689443,0.00860064850689443,0.0346101175714591,0.0346034982280593,0.946,0.132376786725177,1,1000,1000,21.0011916666667,2.29089300282275,8.33333333333338e-06,20260709,1000
150,4,7,0,Inf,0.75,0,0.3,0,"fixed",11,0.2,0.3,0.1,"fixed_11",0.907,0.00918428004799505,0.907,0,1.051622790856,-0.000445145291600987,-0.00445145291600987,0.0298885303220396,0.0298768986827164,0.954,0.118575771709367,1,1000,1000,21.00308,2.28731863660996,0,20260709,1000
20,6,7,0,Inf,0.75,0,0.3,0,"fixed",11,0.2,0.3,0.1,"fixed_11",0.25025025025025,0.0137044837690193,0.25,0,1.86553182358901,-0.00121964143520345,-0.0121964143520345,0.0760845486727483,0.0760562385262796,0.948948948948949,0.311678465435603,0.999,999,1000,31.5226,2.74171464118761,0,20260709,1000
40,6,7,0,Inf,0.75,0,0.3,0,"fixed",11,0.2,0.3,0.1,"fixed_11",0.435,0.0156772127624779,0.435,0,1.46899389043804,-0.000438966478865099,-0.00438966478865099,0.0554337546703416,0.0554077697373242,0.942,0.215657758693848,1,1000,1000,31.50505,2.78914787369258,0,20260709,1000
60,6,7,0,Inf,0.75,0,0.3,0,"fixed",11,0.2,0.3,0.1,"fixed_11",0.593,0.0155354755318271,0.593,0,1.26666568765616,-0.00141302061396004,-0.0141302061396004,0.0444412424924505,0.044441485545535,0.938,0.175805599847532,1,1000,1000,31.5007166666667,2.77960987888374,0,20260709,1000
90,6,7,0,Inf,0.75,0,0.3,0,"fixed",11,0.2,0.3,0.1,"fixed_11",0.782,0.0130566458173606,0.782,0,1.10924387998216,-0.00177388144104192,-0.0177388144104192,0.0350850092527937,0.0351122994371093,0.949,0.143385951344755,1,1000,1000,31.5012222222222,2.79245008377113,0,20260709,1000
120,6,7,0,Inf,0.75,0,0.3,0,"fixed",11,0.2,0.3,0.1,"fixed_11",0.879,0.0103130499853341,0.879,0,1.05808943214222,-0.00124598676212612,-0.0124598676212612,0.0312705027349684,0.0312796895759495,0.95,0.124058676741814,1,1000,1000,31.493,2.80758775947639,0,20260709,1000
150,6,7,0,Inf,0.75,0,0.3,0,"fixed",11,0.2,0.3,0.1,"fixed_11",0.943,0.00733150734842434,0.943,0,1.04030292505051,0.000625692580187659,0.00625692580187659,0.0284389942158597,0.028431656772383,0.945,0.110756507338279,1,1000,1000,31.50796,2.79739930677867,0,20260709,1000
20,7,7,0,Inf,0.75,0,0.3,0,"fixed",11,0.2,0.3,0.1,"fixed_11",0.263263263263263,0.0139337671627808,0.263,0,1.87677500740762,-0.00536806734029596,-0.0536806734029596,0.0814771246129073,0.0816130676739638,0.935935935935936,0.308246672620517,0.999,999,1000,36.73695,3.00910304319901,0,20260709,1000
40,7,7,0,Inf,0.75,0,0.3,0,"fixed",11,0.2,0.3,0.1,"fixed_11",0.458,0.0157555069737537,0.458,0.00217864923747277,1.41876175308319,-0.00146861043624065,-0.0146861043624065,0.0536148557824374,0.053608161919846,0.952,0.21386028385312,1,1000,1000,36.74485,3.00927849031926,0,20260709,1000
60,7,7,0,Inf,0.75,0,0.3,0,"fixed",11,0.2,0.3,0.1,"fixed_11",0.599,0.0154983547513922,0.599,0,1.2772373288587,-0.000306100539675835,-0.00306100539675835,0.044709008536187,0.0446876968122653,0.948,0.172770390223793,1,1000,1000,36.7588833333333,3.02201988567413,0,20260709,1000
90,7,7,0,Inf,0.75,0,0.3,0,"fixed",11,0.2,0.3,0.1,"fixed_11",0.79,0.0128802173894698,0.79,0,1.12577930201807,2.63017597240123e-05,0.000263017597240123,0.0352397689221898,0.0352221544508312,0.953,0.140452505095216,1,1000,1000,36.7506777777778,3.02940055120718,0,20260709,1000
120,7,7,0,Inf,0.75,0,0.3,0,"fixed",11,0.2,0.3,0.1,"fixed_11",0.889,0.00993373041711924,0.889,0,1.07387977805851,0.000540775386719108,0.00540775386719108,0.0311110739497573,0.0311002164205307,0.949,0.121527994918076,1,1000,1000,36.7375833333333,3.01811527398385,0,20260709,1000
150,7,7,0,Inf,0.75,0,0.3,0,"fixed",11,0.2,0.3,0.1,"fixed_11",0.943,0.00733150734842434,0.943,0,1.03804684664383,0.000416696976181297,0.00416696976181297,0.0268424070272036,0.026832218256585,0.953,0.108417000373332,1,1000,1000,36.76258,3.02997452361634,0,20260709,1000
20,4,14,0,Inf,0.75,0,0.3,0,"fixed",11,0.2,0.3,0.1,"fixed_11",0.265,0.0139561814261638,0.265,0.0037593984962406,1.83167427332579,-0.004469579690579,-0.04469579690579,0.0783663764833666,0.078454603541029,0.944,0.301175761865485,1,1000,1000,42.0292,3.18901922729066,0,20260709,1000
40,4,14,0,Inf,0.75,0,0.3,0,"fixed",11,0.2,0.3,0.1,"fixed_11",0.463,0.0157680372906713,0.463,0,1.44610466835092,-0.00016325745988223,-0.0016325745988223,0.0547789840212563,0.0547518310772238,0.946,0.210816504097656,1,1000,1000,42.001625,3.20024537241369,0,20260709,1000
60,4,14,0,Inf,0.75,0,0.3,0,"fixed",11,0.2,0.3,0.1,"fixed_11",0.613,0.015402305022301,0.613,0,1.24208573898732,-0.00197852096915979,-0.0197852096915979,0.0437786879923058,0.0438015010476894,0.948,0.170362032148547,1,1000,1000,42.0090166666667,3.2217669559363,0,20260709,1000
90,4,14,0,Inf,0.75,0,0.3,0,"fixed",11,0.2,0.3,0.1,"fixed_11",0.796,0.0127429980773757,0.796,0,1.11489179712017,-0.00106844649899081,-0.0106844649899081,0.0361593801063089,0.0361570857070099,0.945,0.139206892156674,1,1000,1000,41.9964777777778,3.22975577387205,0,20260709,1000
120,4,14,0,Inf,0.75,0,0.3,0,"fixed",11,0.2,0.3,0.1,"fixed_11",0.901,0.00944452222190196,0.901,0,1.06096807444284,0.000380716127544228,0.00380716127544228,0.0302567619119804,0.0302440260965143,0.952,0.120068410632654,1,1000,1000,42.0186083333333,3.22667810772359,0,20260709,1000
150,4,14,0,Inf,0.75,0,0.3,0,"fixed",11,0.2,0.3,0.1,"fixed_11",0.945,0.00720936890441875,0.945,0,1.03763132455576,0.000468608430097939,0.00468608430097939,0.0273722072905568,0.0273625307324818,0.952,0.106493484129025,1,1000,1000,42.00016,3.23041260320165,0,20260709,1000
20,6,14,0,Inf,0.75,0,0.3,0,"fixed",11,0.2,0.3,0.1,"fixed_11",0.304,0.0145459272650457,0.304,0,1.79113342530505,-0.00140774256540992,-0.0140774256540992,0.07789836501769,0.07787213144821,0.935,0.295041265181296,1,1000,1000,62.98045,3.95137214254385,0,20260709,1000
40,6,14,0,Inf,0.75,0,0.3,0,"fixed",11,0.2,0.3,0.1,"fixed_11",0.471,0.0157847711418316,0.471,0,1.42651453264829,-0.00219836573580759,-0.0219836573580759,0.0550870748306737,0.0551033940832615,0.94,0.204573021460313,1,1000,1000,63.03235,3.92766619840685,0,20260709,1000
60,6,14,0,Inf,0.75,0,0.3,0,"fixed",11,0.2,0.3,0.1,"fixed_11",0.637,0.0152062815967613,0.637,0,1.208404215195,-0.00291766311877555,-0.0291766311877555,0.0422839826783315,0.0423634277888954,0.942,0.166652381409125,1,1000,1000,62.9981,3.93287908215606,0,20260709,1000
90,6,14,0,Inf,0.75,0,0.3,0,"fixed",11,0.2,0.3,0.1,"fixed_11",0.812,0.0123554036761249,0.812,0,1.07787103067141,-0.0032833850935591,-0.032833850935591,0.0342547825662004,0.0343947286106696,0.944,0.132752525662252,1,1000,1000,63.0024222222222,3.95578050785312,0,20260709,1000
120,6,14,0,Inf,0.75,0,0.3,0,"fixed",11,0.2,0.3,0.1,"fixed_11",0.907,0.00918428004799505,0.907,0,1.05238591586419,-0.000532933334829885,-0.00532933334829885,0.0314636205446973,0.0314524001675912,0.927,0.115478584278713,1,1000,1000,63.0057666666667,3.96913307666577,0,20260709,1000
150,6,14,0,Inf,0.75,0,0.3,0,"fixed",11,0.2,0.3,0.1,"fixed_11",0.947,0.00708456067798138,0.947,0,1.01326405379623,-0.00173094213542536,-0.0173094213542536,0.0270030604301879,0.0270450044925116,0.945,0.10297031781191,1,1000,1000,63.01548,3.94900224439377,0,20260709,1000
20,7,14,0,Inf,0.75,0,0.3,0,"fixed",11,0.2,0.3,0.1,"fixed_11",0.304,0.0145459272650457,0.304,0.00327868852459016,1.77414829118346,-0.00159462662378052,-0.0159462662378052,0.0763040197140713,0.0762825271944376,0.937,0.292779496251647,1,1000,1000,73.44825,4.19849376072142,0,20260709,1000
40,7,14,0,Inf,0.75,0,0.3,0,"fixed",11,0.2,0.3,0.1,"fixed_11",0.499,0.0158113566780337,0.499,0.002,1.36085979125541,-0.00221781371146663,-0.0221781371146663,0.0515478159205861,0.0515697473962711,0.948,0.199937197751463,1,1000,1000,73.472275,4.27389762822809,0,20260709,1000
60,7,14,0,Inf,0.75,0,0.3,0,"fixed",11,0.2,0.3,0.1,"fixed_11",0.661,0.0149692685192029,0.661,0,1.21624699036471,-0.000350496097294956,-0.00350496097294956,0.0413832475824078,0.0413640357653918,0.956,0.16268121968068,1,1000,1000,73.47575,4.27055805491653,0,20260709,1000
90,7,14,0,Inf,0.75,0,0.3,0,"fixed",11,0.2,0.3,0.1,"fixed_11",0.83,0.0118785521003193,0.83,0,1.09048348339511,-0.00120809850827241,-0.0120809850827241,0.0345675111645077,0.0345713380893183,0.946,0.132394362726249,1,1000,1000,73.4937333333333,4.27869072163589,0,20260709,1000
120,7,14,0,Inf,0.75,0,0.3,0,"fixed",11,0.2,0.3,0.1,"fixed_11",0.921,0.00852988862764339,0.921,0,1.03772940968518,-0.000833013750815598,-0.00833013750815598,0.0289998935208339,0.0289973575055475,0.951,0.114408251454625,1,1000,1000,73.5148083333333,4.2927436019654,0,20260709,1000
150,7,14,0,Inf,0.75,0,0.3,0,"fixed",11,0.2,0.3,0.1,"fixed_11",0.974,0.00503229569878401,0.974,0,1.01388864627871,-0.000134085784376986,-0.00134085784376986,0.0249201712339125,0.0249080689414246,0.956,0.101910210223538,1,1000,1000,73.4952,4.28234617413019,0,20260709,1000
20,4,28,0,Inf,0.75,0,0.3,0,"fixed",11,0.2,0.3,0.1,"fixed_11",0.282,0.0142294061717276,0.282,0.00353356890459364,1.70187359698577,-0.00536250754159538,-0.0536250754159538,0.0738080598747613,0.0739657931743285,0.941,0.289698336956987,1,1000,1000,84.02005,4.52723346460368,0,20260709,1000
40,4,28,0,Inf,0.75,0,0.3,0,"fixed",11,0.2,0.3,0.1,"fixed_11",0.512,0.0158068339650924,0.512,0,1.35778365252245,-0.000845149375132331,-0.00845149375132331,0.0506074952051974,0.0505892451993447,0.935,0.19856128404779,1,1000,1000,83.9897,4.56995269122965,0,20260709,1000
60,4,28,0,Inf,0.75,0,0.3,0,"fixed",11,0.2,0.3,0.1,"fixed_11",0.658,0.0150011999520038,0.658,0,1.21056451518087,-0.00112101334877283,-0.0112101334877283,0.0409528074338735,0.0409476736238744,0.954,0.162584775346463,1,1000,1000,83.9946666666667,4.55674979635576,0,20260709,1000
90,4,28,0,Inf,0.75,0,0.3,0,"fixed",11,0.2,0.3,0.1,"fixed_11",0.828,0.0119338174948337,0.828,0,1.10822666962248,0.000381505664774323,0.00381505664774323,0.0346559954813026,0.0346407640122086,0.937,0.131152411832714,1,1000,1000,83.9812777777778,4.57470697172755,0,20260709,1000
120,4,28,0,Inf,0.75,0,0.3,0,"fixed",11,0.2,0.3,0.1,"fixed_11",0.923,0.00843036179532053,0.923,0,1.02124015946467,-0.00227795191183201,-0.0227795191183201,0.0287504181855321,0.0288261864319538,0.948,0.112970263931061,1,1000,1000,83.9948666666667,4.56027658549554,0,20260709,1000
150,4,28,0,Inf,0.75,0,0.3,0,"fixed",11,0.2,0.3,0.1,"fixed_11",0.959,0.00627048642451286,0.959,0,0.994468878934769,-0.00288929777031767,-0.0288929777031767,0.0249213329480225,0.0250758809351904,0.957,0.101581526872245,1,1000,1000,83.9909866666667,4.56937729842018,0,20260709,1000
20,6,28,0,Inf,0.75,0,0.3,0,"fixed",11,0.2,0.3,0.1,"fixed_11",0.333,0.0149033888763596,0.333,0.00597014925373134,1.76341552003494,0.00248190129686894,0.0248190129686894,0.0753484646021387,0.0753516659459446,0.93,0.281585698692439,1,1000,1000,126.02915,5.52125835733943,0,20260709,1000
40,6,28,0,Inf,0.75,0,0.3,0,"fixed",11,0.2,0.3,0.1,"fixed_11",0.511,0.0158075614817719,0.511,0,1.38541091026221,-0.00103370345711511,-0.0103370345711511,0.052923016250358,0.05290664746725,0.945,0.194678621074767,1,1000,1000,125.966125,5.57881372689675,0,20260709,1000
60,6,28,0,Inf,0.75,0,0.3,0,"fixed",11,0.2,0.3,0.1,"fixed_11",0.699,0.0145051370210695,0.699,0,1.18849178455282,-0.00113380700768903,-0.0113380700768903,0.040732298709348,0.0407277123875144,0.947,0.159570982308697,1,1000,1000,126.00395,5.58974115160091,0,20260709,1000
90,6,28,0,Inf,0.75,0,0.3,0,"fixed",11,0.2,0.3,0.1,"fixed_11",0.883,0.010164201887015,0.883,0,1.08499558723188,0.00160342540215865,0.0160342540215865,0.0319982520288305,0.0320224174257338,0.957,0.129834556582384,1,1000,1000,126.040077777778,5.61686631397499,0,20260709,1000
120,6,28,0,Inf,0.75,0,0.3,0,"fixed",11,0.2,0.3,0.1,"fixed_11",0.941,0.00745110730026082,0.941,0,1.02681864136719,-0.000577227708784711,-0.00577227708784711,0.0272028038541759,0.02719532564282,0.953,0.111298444950771,1,1000,1000,126.007408333333,5.58733611690963,0,20260709,1000
150,6,28,0,Inf,0.75,0,0.3,0,"fixed",11,0.2,0.3,0.1,"fixed_11",0.963,0.00596917079668525,0.963,0,0.99242752421921,-0.00270664812257844,-0.0270664812257844,0.0246889142535506,0.0248245622034229,0.959,0.0999069769232749,1,1000,1000,126.028006666667,5.59087763132525,0,20260709,1000
20,7,28,0,Inf,0.75,0,0.3,0,"fixed",11,0.2,0.3,0.1,"fixed_11",0.291,0.0143638086871136,0.291,0.00342465753424658,1.76840137668759,-0.00220831514022719,-0.0220831514022719,0.0731118088614854,0.0731086035577341,0.943,0.285287754071298,1,1000,1000,146.98255,5.95720805136746,0,20260709,1000
40,7,28,0,Inf,0.75,0,0.3,0,"fixed",11,0.2,0.3,0.1,"fixed_11",0.515,0.0158042715744826,0.515,0,1.32917102172286,-0.00203832510467551,-0.0203832510467551,0.0484299714762441,0.048448647496963,0.959,0.194424786344157,1,1000,1000,147.02455,6.02185051692914,0,20260709,1000
60,7,28,0,Inf,0.75,0,0.3,0,"fixed",11,0.2,0.3,0.1,"fixed_11",0.693,0.014585986425333,0.693,0,1.20763014763036,-0.000268115508241032,-0.00268115508241032,0.0418046666130032,0.0417846192563661,0.941,0.157929749752209,1,1000,1000,147.009666666667,6.06700164249207,0,20260709,1000
90,7,28,0,Inf,0.75,0,0.3,0,"fixed",11,0.2,0.3,0.1,"fixed_11",0.856,0.0111024321659716,0.856,0,1.06332431584059,-0.00193945155041393,-0.0193945155041393,0.0320420738337205,0.0320847202479068,0.951,0.127842873009152,1,1000,1000,147.015588888889,6.00553350361132,0,20260709,1000
120,7,28,0,Inf,0.75,0,0.3,0,"fixed",11,0.2,0.3,0.1,"fixed_11",0.944,0.00727076337120113,0.944,0,1.04197967195078,0.000777581567430324,0.00777581567430324,0.0276808236504857,0.0276779046003364,0.952,0.110649634887672,1,1000,1000,146.976558333333,6.03727464457459,0,20260709,1000
150,7,28,0,Inf,0.75,0,0.3,0,"fixed",11,0.2,0.3,0.1,"fixed_11",0.972,0.0052168956286282,0.972,0,1.00243355650059,-0.00137244935053912,-0.0137244935053912,0.0258390988120708,0.0258626175321125,0.955,0.0987573355894074,1,1000,1000,146.978913333333,6.05475691163256,0,20260709,1000
20,4,21,0,Inf,0.75,0,0.3,0,"fixed",11,0.2,0.3,0.1,"fixed_11",0.283,0.0142446832186609,0.283,0,1.80426320484028,-0.00252207370872053,-0.0252207370872053,0.0781246432816768,0.0781262906056187,0.927,0.294429792884842,1,1000,1000,62.9934,3.94075004812717,0,20260709,1000
40,4,21,0,Inf,0.75,0,0.3,0,"fixed",11,0.2,0.3,0.1,"fixed_11",0.493,0.0158098387088547,0.493,0,1.38333287684787,-0.00118824561541998,-0.0118824561541998,0.0513635380728989,0.051351599371055,0.943,0.201868189774042,1,1000,1000,62.99255,3.95483756216656,0,20260709,1000
60,4,21,0,Inf,0.75,0,0.3,0,"fixed",11,0.2,0.3,0.1,"fixed_11",0.651,0.0150731217735411,0.651,0,1.21517984317445,-0.00113982270223421,-0.0113982270223421,0.0415718745987788,0.0415667142397792,0.946,0.164551719537918,1,1000,1000,63.0215666666667,3.92608339707319,0,20260709,1000
90,4,21,0,Inf,0.75,0,0.3,0,"fixed",11,0.2,0.3,0.1,"fixed_11",0.82,0.01214907403879,0.82,0,1.09503304286865,-0.00133339043005876,-0.0133339043005876,0.0347807772175096,0.0347889449599891,0.942,0.133535675361442,1,1000,1000,63.0125444444444,3.96416213282361,0,20260709,1000
120,4,21,0,Inf,0.75,0,0.3,0,"fixed",11,0.2,0.3,0.1,"fixed_11",0.896,0.00965318600255895,0.896,0,1.05246062161913,-0.000891375903097458,-0.00891375903097458,0.0304612829294052,0.0304590941911967,0.946,0.115927794945964,1,1000,1000,62.984175,3.94688522705223,0,20260709,1000
150,4,21,0,Inf,0.75,0,0.3,0,"fixed",11,0.2,0.3,0.1,"fixed_11",0.954,0.00662449998113065,0.954,0,1.01881730938955,-0.000831629214288282,-0.00831629214288282,0.0263763258836308,0.0263762480975295,0.941,0.103289522002876,1,1000,1000,63.0014933333333,3.96013901611822,0,20260709,1000
20,6,21,0,Inf,0.75,0,0.3,0,"fixed",11,0.2,0.3,0.1,"fixed_11",0.293,0.0143927412260486,0.293,0.00340136054421769,1.765515057248,-0.000394253423548888,-0.00394253423548888,0.0741406151056263,0.0741045842927032,0.946,0.290584300985474,1,1000,1000,94.50805,4.83939653857831,0,20260709,1000
40,6,21,0,Inf,0.75,0,0.3,0,"fixed",11,0.2,0.3,0.1,"fixed_11",0.512,0.0158068339650924,0.512,0,1.37834854951723,-0.00148931823572244,-0.0148931823572244,0.0528913946751538,0.0528859168386014,0.934,0.197450460680162,1,1000,1000,94.44775,4.83568540416812,0,20260709,1000
60,6,21,0,Inf,0.75,0,0.3,0,"fixed",11,0.2,0.3,0.1,"fixed_11",0.673,0.0148347901906296,0.673,0,1.20551478294293,-0.000899183428742525,-0.00899183428742525,0.0417257749408597,0.041714599182533,0.932,0.160381242166501,1,1000,1000,94.51915,4.84829944002704,0,20260709,1000
90,6,21,0,Inf,0.75,0,0.3,0,"fixed",11,0.2,0.3,0.1,"fixed_11",0.824,0.0120425910833176,0.824,0,1.08265243392648,-0.00199517152004311,-0.0199517152004311,0.0337987142206611,0.0338406772875683,0.947,0.13116198192086,1,1000,1000,94.5191888888889,4.8467549872916,0,20260709,1000
120,6,21,0,Inf,0.75,0,0.3,0,"fixed",11,0.2,0.3,0.1,"fixed_11",0.943,0.00733150734842434,0.943,0,1.04231907191561,0.000790475389540829,0.00790475389540829,0.0279799005832634,0.0279770765655407,0.952,0.112450692793353,1,1000,1000,94.4972416666667,4.85703453532911,0,20260709,1000
150,6,21,0,Inf,0.75,0,0.3,0,"fixed",11,0.2,0.3,0.1,"fixed_11",0.97,0.00539444158370447,0.97,0,1.02050252629159,0.000291330591577488,0.00291330591577488,0.025985034383303,0.0259736725051181,0.953,0.100568952174679,1,1000,1000,94.5003933333333,4.83857659704843,0,20260709,1000
20,7,21,0,Inf,0.75,0,0.3,0,"fixed",11,0.2,0.3,0.1,"fixed_11",0.309,0.0146122893483533,0.309,0.0032258064516129,1.80584408844574,0.00139883558504178,0.0139883558504178,0.0746282343887651,0.0746040262694344,0.942,0.284907414425896,1,1000,1000,110.239,5.19609277474724,0,20260709,1000
40,7,21,0,Inf,0.75,0,0.3,0,"fixed",11,0.2,0.3,0.1,"fixed_11",0.512,0.0158068339650924,0.512,0,1.35007278658623,-0.0014610365472553,-0.014610365472553,0.0494450614465846,0.0494419246707436,0.942,0.196480976909497,1,1000,1000,110.273825,5.19980453516685,0,20260709,1000
60,7,21,0,Inf,0.75,0,0.3,0,"fixed",11,0.2,0.3,0.1,"fixed_11",0.691,0.0146122893483533,0.691,0,1.1968335197394,-0.000567548035206894,-0.00567548035206894,0.0412276642880713,0.0412109535575134,0.938,0.159575036368615,1,1000,1000,110.245916666667,5.2185263394877,0,20260709,1000
90,7,21,0,Inf,0.75,0,0.3,0,"fixed",11,0.2,0.3,0.1,"fixed_11",0.835,0.0117377595817941,0.835,0,1.07124507046577,-0.00227201642481056,-0.0227201642481056,0.0325010615028922,0.0325641634078104,0.956,0.129381330902489,1,1000,1000,110.225355555556,5.23099582129292,0,20260709,1000
120,7,21,0,Inf,0.75,0,0.3,0,"fixed",11,0.2,0.3,0.1,"fixed_11",0.931,0.00801492358042171,0.931,0,1.02439996933643,-0.00160638885934487,-0.0160638885934487,0.0287683634818835,0.0287988125424602,0.942,0.112020345625679,1,1000,1000,110.237208333333,5.22186670225542,0,20260709,1000
150,7,21,0,Inf,0.75,0,0.3,0,"fixed",11,0.2,0.3,0.1,"fixed_11",0.966,0.00573096850453743,0.966,0,1.0157212525657,-0.000530441681180674,-0.00530441681180674,0.0261607301206121,0.0261530263071062,0.94,0.0997639020391969,1,1000,1000,110.269566666667,5.2255111473497,0,20260709,1000
20,1,1,0,Inf,0.75,0,0.3,0,"fixed",11,0.2,0.3,0.1,"fixed_11",NA,NA,0,NA,NA,NA,NA,NA,NA,NA,NA,0,0,1000,0.74995,0.427113794148581,1,20260709,1000
40,1,1,0,Inf,0.75,0,0.3,0,"fixed",11,0.2,0.3,0.1,"fixed_11",NA,NA,0,NA,NA,NA,NA,NA,NA,NA,NA,0,0,1000,0.749475,0.430533572281076,1,20260709,1000
60,1,1,0,Inf,0.75,0,0.3,0,"fixed",11,0.2,0.3,0.1,"fixed_11",NA,NA,0,NA,NA,NA,NA,NA,NA,NA,NA,0,0,1000,0.752216666666667,0.430701871892685,1,20260709,1000
90,1,1,0,Inf,0.75,0,0.3,0,"fixed",11,0.2,0.3,0.1,"fixed_11",NA,NA,0,NA,NA,NA,NA,NA,NA,NA,NA,0,0,1000,0.751277777777778,0.4314735953433,1,20260709,1000
120,1,1,0,Inf,0.75,0,0.3,0,"fixed",11,0.2,0.3,0.1,"fixed_11",NA,NA,0,NA,NA,NA,NA,NA,NA,NA,NA,0,0,1000,0.749683333333333,0.432618108568186,1,20260709,1000
150,1,1,0,Inf,0.75,0,0.3,0,"fixed",11,0.2,0.3,0.1,"fixed_11",NA,NA,0,NA,NA,NA,NA,NA,NA,NA,NA,0,0,1000,0.74706,0.434204861961484,1,20260709,1000
20,2,1,0,Inf,0.75,0,0.3,0,"fixed",11,0.2,0.3,0.1,"fixed_11",NA,NA,0,NA,NA,NA,NA,NA,NA,NA,NA,0,0,1000,1.49625,0.605457952907668,1,20260709,1000
40,2,1,0,Inf,0.75,0,0.3,0,"fixed",11,0.2,0.3,0.1,"fixed_11",NA,NA,0,NA,NA,NA,NA,NA,NA,NA,NA,0,0,1000,1.499475,0.611530675124156,1,20260709,1000
60,2,1,0,Inf,0.75,0,0.3,0,"fixed",11,0.2,0.3,0.1,"fixed_11",NA,NA,0,NA,NA,NA,NA,NA,NA,NA,NA,0,0,1000,1.49706666666667,0.613652286554286,1,20260709,1000
90,2,1,0,Inf,0.75,0,0.3,0,"fixed",11,0.2,0.3,0.1,"fixed_11",NA,NA,0,NA,NA,NA,NA,NA,NA,NA,NA,0,0,1000,1.49677777777778,0.613922339840839,1,20260709,1000
120,2,1,0,Inf,0.75,0,0.3,0,"fixed",11,0.2,0.3,0.1,"fixed_11",NA,NA,0,NA,NA,NA,NA,NA,NA,NA,NA,0,0,1000,1.50041666666667,0.610964884454111,1,20260709,1000
150,2,1,0,Inf,0.75,0,0.3,0,"fixed",11,0.2,0.3,0.1,"fixed_11",NA,NA,0,NA,NA,NA,NA,NA,NA,NA,NA,0,0,1000,1.49943333333333,0.611782339567553,1,20260709,1000
20,3,1,0,Inf,0.75,0,0.3,0,"fixed",11,0.2,0.3,0.1,"fixed_11",NA,NA,0,NA,NA,NA,NA,NA,NA,NA,NA,0,0,1000,2.2508,0.736280931651388,1,20260709,1000
40,3,1,0,Inf,0.75,0,0.3,0,"fixed",11,0.2,0.3,0.1,"fixed_11",NA,NA,0,NA,NA,NA,NA,NA,NA,NA,NA,0,0,1000,2.24765,0.744815870169342,1,20260709,1000
60,3,1,0,Inf,0.75,0,0.3,0,"fixed",11,0.2,0.3,0.1,"fixed_11",NA,NA,0,NA,NA,NA,NA,NA,NA,NA,NA,0,0,1000,2.25345,0.747795356727243,1,20260709,1000
90,3,1,0,Inf,0.75,0,0.3,0,"fixed",11,0.2,0.3,0.1,"fixed_11",NA,NA,0,NA,NA,NA,NA,NA,NA,NA,NA,0,0,1000,2.2517,0.746523196209213,1,20260709,1000
120,3,1,0,Inf,0.75,0,0.3,0,"fixed",11,0.2,0.3,0.1,"fixed_11",NA,NA,0,NA,NA,NA,NA,NA,NA,NA,NA,0,0,1000,2.2508,0.748525901472478,1,20260709,1000
150,3,1,0,Inf,0.75,0,0.3,0,"fixed",11,0.2,0.3,0.1,"fixed_11",NA,NA,0,NA,NA,NA,NA,NA,NA,NA,NA,0,0,1000,2.24874666666667,0.748537193120737,1,20260709,1000
20,4,1,0,Inf,0.75,0,0.3,0,"fixed",11,0.2,0.3,0.1,"fixed_11",0.149122807017544,0.0333620747289062,0.017,0,4.00853390856784,0.0456655761960233,0.456655761960233,0.178224677937977,0.18322322118716,0.964912280701754,0.766767317847839,0.114,114,1000,2.99725,0.858568829684263,1,20260709,1000
40,4,1,0,Inf,0.75,0,0.3,0,"fixed",11,0.2,0.3,0.1,"fixed_11",0.175,0.034686092313779,0.021,0.0454545454545455,2.76891774518699,-1.70985806213775e-06,-1.70985806213775e-05,0.127681240088597,0.127148121946666,0.9,0.44740944751204,0.12,120,1000,2.991575,0.861548703686506,1,20260709,1000
60,4,1,0,Inf,0.75,0,0.3,0,"fixed",11,0.2,0.3,0.1,"fixed_11",0.19047619047619,0.0349824231758311,0.024,0,1.84311789289091,-0.0145196651124536,-0.145196651124536,0.0836723108788626,0.0845949900962908,0.944444444444444,0.319659703597516,0.126,126,1000,2.99998333333333,0.860559303846924,1,20260709,1000
90,4,1,0,Inf,0.75,0,0.3,0,"fixed",11,0.2,0.3,0.1,"fixed_11",0.285714285714286,0.0391720355076487,0.038,0,1.59865145163089,-0.0129311427946001,-0.129311427946001,0.0673763976760882,0.0683568668468685,0.902255639097744,0.238370052527791,0.133,133,1000,2.99498888888889,0.867242921023753,1,20260709,1000
120,4,1,0,Inf,0.75,0,0.3,0,"fixed",11,0.2,0.3,0.1,"fixed_11",0.376811594202899,0.0412507897752386,0.052,0,1.30849381096525,-0.0195033576684184,-0.195033576684184,0.0553752007824127,0.0585198550833734,0.898550724637681,0.208518118730687,0.138,138,1000,2.99680833333333,0.865759893110928,1,20260709,1000
150,4,1,0,Inf,0.75,0,0.3,0,"fixed",11,0.2,0.3,0.1,"fixed_11",0.453333333333333,0.0406466252983953,0.068,0,1.13182234513766,-0.0188442628729395,-0.188442628729395,0.0392153521782093,0.0433900656530465,0.94,0.17564324690401,0.15,150,1000,3.00169333333333,0.866985931422988,1,20260709,1000
20,5,1,0,Inf,0.75,0,0.3,0,"fixed",11,0.2,0.3,0.1,"fixed_11",0.105527638190955,0.0217791052610946,0.021,0.0869565217391304,3.26856554587339,0.0196511914744043,0.196511914744043,0.158237432512746,0.159057944871071,0.949748743718593,0.653012014857801,0.199,199,1000,3.7519,0.95116127999906,1,20260709,1000
40,5,1,0,Inf,0.75,0,0.3,0,"fixed",11,0.2,0.3,0.1,"fixed_11",0.197478991596639,0.0258047809617049,0.047,0.0208333333333333,2.39335663661116,-0.00800225964480532,-0.0800225964480532,0.111921259114726,0.111972195664429,0.907563025210084,0.385938270275558,0.238,238,1000,3.74445,0.96358527679482,1,20260709,1000
60,5,1,0,Inf,0.75,0,0.3,0,"fixed",11,0.2,0.3,0.1,"fixed_11",0.216374269005848,0.0314890164382092,0.037,0,1.90878522116123,-0.0158401080747238,-0.158401080747238,0.0771043689569198,0.0784934784848213,0.947368421052632,0.298003128473854,0.171,171,1000,3.74713333333333,0.968238231875159,1,20260709,1000
90,5,1,0,Inf,0.75,0,0.3,0,"fixed",11,0.2,0.3,0.1,"fixed_11",0.286516853932584,0.0338888588587471,0.051,0,1.40939516308293,-0.0213662221963913,-0.213662221963913,0.0566428180198199,0.0603895646237494,0.904494382022472,0.221217931468251,0.178,178,1000,3.74926666666667,0.966550501005162,1,20260709,1000
120,5,1,0,Inf,0.75,0,0.3,0,"fixed",11,0.2,0.3,0.1,"fixed_11",0.485380116959064,0.0382196069686927,0.083,0,1.21769956390764,-0.0145973273252002,-0.145973273252002,0.049331774408572,0.051307642824789,0.923976608187134,0.184969353545494,0.171,171,1000,3.74879166666667,0.966649713752838,1,20260709,1000
150,5,1,0,Inf,0.75,0,0.3,0,"fixed",11,0.2,0.3,0.1,"fixed_11",0.447368421052632,0.0360722897656116,0.085,0,1.14874550865119,-0.0238834032428148,-0.238834032428148,0.046336490847424,0.0520210242504886,0.889473684210526,0.164838178248711,0.19,190,1000,3.75056,0.96610024790615,1,20260709,1000
20,6,1,0,Inf,0.75,0,0.3,0,"fixed",11,0.2,0.3,0.1,"fixed_11",0.121405750798722,0.0184604226058086,0.038,0.0256410256410256,3.16849100429115,-0.00595531564022773,-0.0595531564022773,0.147764978559646,0.147648894078703,0.942492012779553,0.566337173559017,0.313,313,1000,4.50425,1.05124952448875,1,20260709,1000
40,6,1,0,Inf,0.75,0,0.3,0,"fixed",11,0.2,0.3,0.1,"fixed_11",0.236686390532544,0.023119572324443,0.08,0,2.22200527045758,0.00245812343839483,0.0245812343839483,0.0983567796783657,0.0982419310262158,0.928994082840237,0.350753923167648,0.338,338,1000,4.502875,1.05264413391656,1,20260709,1000
60,6,1,0,Inf,0.75,0,0.3,0,"fixed",11,0.2,0.3,0.1,"fixed_11",0.318021201413428,0.0276834527800781,0.09,0,1.859478810937,-0.000446956958675415,-0.00446956958675415,0.0804193319454287,0.0802783668282474,0.911660777385159,0.273437257838827,0.283,283,1000,4.4889,1.05802599027099,1,20260709,1000
90,6,1,0,Inf,0.75,0,0.3,0,"fixed",11,0.2,0.3,0.1,"fixed_11",0.377431906614786,0.0302375203368956,0.097,0,1.44505706402429,-0.0119770574410627,-0.119770574410627,0.0582638662042353,0.059371029515998,0.914396887159533,0.215071044524989,0.257,257,1000,4.49912222222222,1.05946576452885,1,20260709,1000
120,6,1,0,Inf,0.75,0,0.3,0,"fixed",11,0.2,0.3,0.1,"fixed_11",0.483193277310924,0.0323918714562601,0.115,0,1.22841749642633,-0.014271708838239,-0.14271708838239,0.0479267415541195,0.0499099497491791,0.92436974789916,0.176932014975433,0.238,238,1000,4.50276666666667,1.05950796890955,1,20260709,1000
150,6,1,0,Inf,0.75,0,0.3,0,"fixed",11,0.2,0.3,0.1,"fixed_11",0.566801619433198,0.0315290203471825,0.14,0,1.12955475585737,-0.0135754474817127,-0.135754474817127,0.0398950196303316,0.0420649686789374,0.94331983805668,0.156552012814549,0.247,247,1000,4.50243333333333,1.06017205291226,1,20260709,1000
20,7,1,0,Inf,0.75,0,0.3,0,"fixed",11,0.2,0.3,0.1,"fixed_11",0.148648648648649,0.0168827586704122,0.066,0.0571428571428571,2.96485265415184,0.00885602159106726,0.0885602159106726,0.137390616402088,0.137521258980295,0.921171171171171,0.53804753647564,0.444,444,1000,5.2454,1.13473277847925,1,20260709,1000
40,7,1,0,Inf,0.75,0,0.3,0,"fixed",11,0.2,0.3,0.1,"fixed_11",0.234672304439746,0.0194860612603807,0.111,0,2.16498058970654,0.00249202205001546,0.0249202205001546,0.0913315188666316,0.0912689504666237,0.938689217758985,0.348475284273743,0.473,473,1000,5.25685,1.13532783870775,1,20260709,1000
60,7,1,0,Inf,0.75,0,0.3,0,"fixed",11,0.2,0.3,0.1,"fixed_11",0.320481927710843,0.0229075281844614,0.133,0,1.78249895122346,0.00306111885880783,0.0306111885880783,0.0727906381637514,0.0727673006128836,0.942168674698795,0.270685229359012,0.415,415,1000,5.24798333333333,1.13784752959112,1,20260709,1000
90,7,1,0,Inf,0.75,0,0.3,0,"fixed",11,0.2,0.3,0.1,"fixed_11",0.473684210526316,0.0256139085995941,0.18,0,1.42289150691279,-0.00257140974298671,-0.0257140974298671,0.0570086789839214,0.0569916574918183,0.93421052631579,0.209293620703003,0.38,380,1000,5.2428,1.14249578039028,1,20260709,1000
120,7,1,0,Inf,0.75,0,0.3,0,"fixed",11,0.2,0.3,0.1,"fixed_11",0.526170798898072,0.0262072209091783,0.191,0,1.25993259272034,-0.00570957499662313,-0.0570957499662313,0.0438101544792367,0.0441207601098675,0.966942148760331,0.179288427572911,0.363,363,1000,5.24776666666667,1.14179284375647,1,20260709,1000
150,7,1,0,Inf,0.75,0,0.3,0,"fixed",11,0.2,0.3,0.1,"fixed_11",0.605797101449275,0.0263095823908232,0.209,0,1.18630641457279,-0.00760428297942778,-0.0760428297942778,0.0443524838937175,0.0449362446573526,0.907246376811594,0.157244018157241,0.345,345,1000,5.24551333333333,1.14757885328258,1,20260709,1000
20,8,1,0,Inf,0.75,0,0.3,0,"fixed",11,0.2,0.3,0.1,"fixed_11",0.174311926605505,0.0162507461422817,0.095,0.0306122448979592,2.89726882683951,0.0122941385369424,0.122941385369424,0.134721225328559,0.135157878036678,0.919266055045872,0.508976018716133,0.545,545,1000,5.9994,1.22092713596115,1,20260709,1000
40,8,1,0,Inf,0.75,0,0.3,0,"fixed",11,0.2,0.3,0.1,"fixed_11",0.29375,0.0180043804348761,0.188,0,2.15671308016767,0.0111932182788749,0.111932182788749,0.09356322972815,0.0941577816528885,0.9046875,0.331938631656826,0.64,640,1000,6.001425,1.21550840476347,1,20260709,1000
60,8,1,0,Inf,0.75,0,0.3,0,"fixed",11,0.2,0.3,0.1,"fixed_11",0.394428152492669,0.0187143438101163,0.269,0.0037037037037037,1.73848505780633,0.00752085664224428,0.0752085664224428,0.0719962284645291,0.0723354672414882,0.92375366568915,0.264812175250337,0.682,682,1000,5.99873333333333,1.22193930478449,1,20260709,1000
90,8,1,0,Inf,0.75,0,0.3,0,"fixed",11,0.2,0.3,0.1,"fixed_11",0.497709923664122,0.0195364117104359,0.326,0,1.46548600786111,0.00272035402698138,0.0272035402698138,0.0571616475458152,0.0571827403756668,0.925190839694657,0.210727328680421,0.655,655,1000,5.99651111111111,1.22417547999734,1,20260709,1000
120,8,1,0,Inf,0.75,0,0.3,0,"fixed",11,0.2,0.3,0.1,"fixed_11",0.575851393188854,0.0194445534707524,0.372,0,1.29486740744437,-0.00298045450627425,-0.0298045450627425,0.0492610264280487,0.0493130349059389,0.928792569659443,0.178907973296794,0.646,646,1000,6.00224166666667,1.22306483756216,1,20260709,1000
150,8,1,0,Inf,0.75,0,0.3,0,"fixed",11,0.2,0.3,0.1,"fixed_11",0.670418006430868,0.0188477442885211,0.417,0,1.18640282660664,-0.00219273109003802,-0.0219273109003802,0.0410665950792468,0.0410921153281637,0.953376205787781,0.158590157954616,0.622,622,1000,6.00241333333333,1.22209302387492,1,20260709,1000
20,1,2,0,Inf,0.75,0,0.3,0,"fixed",11,0.2,0.3,0.1,"fixed_11",NA,NA,0,NA,NA,NA,NA,NA,NA,NA,NA,0,0,1000,1.4983,0.604527620983216,1,20260709,1000
40,1,2,0,Inf,0.75,0,0.3,0,"fixed",11,0.2,0.3,0.1,"fixed_11",NA,NA,0,NA,NA,NA,NA,NA,NA,NA,NA,0,0,1000,1.50115,0.609672985904673,1,20260709,1000
60,1,2,0,Inf,0.75,0,0.3,0,"fixed",11,0.2,0.3,0.1,"fixed_11",NA,NA,0,NA,NA,NA,NA,NA,NA,NA,NA,0,0,1000,1.49781666666667,0.611314911982062,1,20260709,1000
90,1,2,0,Inf,0.75,0,0.3,0,"fixed",11,0.2,0.3,0.1,"fixed_11",NA,NA,0,NA,NA,NA,NA,NA,NA,NA,NA,0,0,1000,1.50083333333333,0.610560041088908,1,20260709,1000
120,1,2,0,Inf,0.75,0,0.3,0,"fixed",11,0.2,0.3,0.1,"fixed_11",NA,NA,0,NA,NA,NA,NA,NA,NA,NA,NA,0,0,1000,1.49708333333333,0.612688718309519,1,20260709,1000
150,1,2,0,Inf,0.75,0,0.3,0,"fixed",11,0.2,0.3,0.1,"fixed_11",NA,NA,0,NA,NA,NA,NA,NA,NA,NA,NA,0,0,1000,1.49984,0.612169350219122,1,20260709,1000
20,2,2,0,Inf,0.75,0,0.3,0,"fixed",11,0.2,0.3,0.1,"fixed_11",0.0909090909090909,0.0250219037528718,0.012,0.142857142857143,4.13223192430684,-0.00283139588771238,-0.0283139588771238,0.200424321106639,0.199683769508595,0.931818181818182,0.716048888041212,0.132,132,1000,3.0021,0.854628544750355,1,20260709,1000
40,2,2,0,Inf,0.75,0,0.3,0,"fixed",11,0.2,0.3,0.1,"fixed_11",0.215827338129496,0.0348940738558127,0.03,0,2.61455140661642,0.00619386229580264,0.0619386229580264,0.122282560531723,0.121999232881661,0.884892086330935,0.411768125513722,0.139,139,1000,3.00795,0.86082874839124,1,20260709,1000
60,2,2,0,Inf,0.75,0,0.3,0,"fixed",11,0.2,0.3,0.1,"fixed_11",0.213675213675214,0.0378952804422323,0.025,0,1.82619040839487,-0.0190445378058015,-0.190445378058015,0.0838091354080083,0.0855957455507197,0.88034188034188,0.298258878939503,0.117,117,1000,3.00561666666667,0.859677773658049,1,20260709,1000
90,2,2,0,Inf,0.75,0,0.3,0,"fixed",11,0.2,0.3,0.1,"fixed_11",0.307086614173228,0.0409324799867412,0.039,0,1.59381261236318,-0.0171460000824114,-0.171460000824114,0.0685909458676958,0.0704390385466093,0.94488188976378,0.253154798103724,0.127,127,1000,2.99838888888889,0.86207261608353,1,20260709,1000
120,2,2,0,Inf,0.75,0,0.3,0,"fixed",11,0.2,0.3,0.1,"fixed_11",0.363013698630137,0.0397969807863048,0.053,0,1.33851722825194,-0.0162757802789008,-0.162757802789008,0.052225346548691,0.0545317011400523,0.917808219178082,0.203039682223167,0.146,146,1000,3.00000833333333,0.863898996925394,1,20260709,1000
150,2,2,0,Inf,0.75,0,0.3,0,"fixed",11,0.2,0.3,0.1,"fixed_11",0.4,0.0393495501470372,0.062,0,1.20834208545256,-0.019628137146807,-0.19628137146807,0.0451297512769564,0.049079713262999,0.935483870967742,0.179626812641086,0.155,155,1000,3.00051333333333,0.864016701844375,1,20260709,1000
20,3,2,0,Inf,0.75,0,0.3,0,"fixed",11,0.2,0.3,0.1,"fixed_11",0.154518950437318,0.0195162221820636,0.053,0.0185185185185185,3.0248424789172,-0.00333036921641613,-0.0333036921641613,0.157957582002148,0.157762311100279,0.9067055393586,0.574783781612778,0.343,343,1000,4.4898,1.04467860765745,1,20260709,1000
40,3,2,0,Inf,0.75,0,0.3,0,"fixed",11,0.2,0.3,0.1,"fixed_11",0.233108108108108,0.0245753610708928,0.069,0,2.36812293332276,0.00520674114152132,0.0520674114152132,0.101733957662368,0.101695342866333,0.929054054054054,0.362741031168242,0.296,296,1000,4.494575,1.05904565509934,1,20260709,1000
60,3,2,0,Inf,0.75,0,0.3,0,"fixed",11,0.2,0.3,0.1,"fixed_11",0.300751879699248,0.0281176493523208,0.08,0,1.73009399531931,-0.00281984074371758,-0.0281984074371758,0.0701755534713777,0.0701002585000774,0.93984962406015,0.274465797972436,0.266,266,1000,4.49501666666667,1.05977803939802,1,20260709,1000
90,3,2,0,Inf,0.75,0,0.3,0,"fixed",11,0.2,0.3,0.1,"fixed_11",0.388663967611336,0.0310154909637828,0.096,0,1.38031248199513,-0.0127069342247542,-0.127069342247542,0.0556625245427115,0.0569845507466858,0.951417004048583,0.21051568065183,0.247,247,1000,4.49677777777778,1.05838077068733,1,20260709,1000
120,3,2,0,Inf,0.75,0,0.3,0,"fixed",11,0.2,0.3,0.1,"fixed_11",0.495867768595041,0.0321401196637227,0.12,0,1.25741175225952,-0.00998629946017303,-0.0998629946017303,0.0480918454615863,0.0490203493075197,0.925619834710744,0.179797416715613,0.242,242,1000,4.49580833333333,1.05873360280162,1,20260709,1000
150,3,2,0,Inf,0.75,0,0.3,0,"fixed",11,0.2,0.3,0.1,"fixed_11",0.584745762711864,0.032076322891883,0.138,0,1.13172011071337,-0.0144714499494224,-0.144714499494224,0.0425907158588355,0.0448966104662349,0.915254237288136,0.155251864565631,0.236,236,1000,4.49627333333333,1.06001283940191,1,20260709,1000
20,4,2,0,Inf,0.75,0,0.3,0,"fixed",11,0.2,0.3,0.1,"fixed_11",0.16295025728988,0.0152956832517874,0.095,0.0104166666666667,3.03562647510196,0.00823647571559281,0.0823647571559281,0.134931829876243,0.135067424231942,0.909090909090909,0.505388336542219,0.583,583,1000,5.99655,1.2005707980925,1,20260709,1000
40,4,2,0,Inf,0.75,0,0.3,0,"fixed",11,0.2,0.3,0.1,"fixed_11",0.256488549618321,0.0170630699623177,0.168,0,2.1056507771337,0.00356809134835172,0.0356809134835172,0.0909483969999793,0.0909489624961302,0.922137404580153,0.334746590066217,0.655,655,1000,5.9936,1.21688915928558,1,20260709,1000
60,4,2,0,Inf,0.75,0,0.3,0,"fixed",11,0.2,0.3,0.1,"fixed_11",0.369969040247678,0.0189953534120192,0.239,0,1.70272502401537,0.00471855059560353,0.0471855059560353,0.0683382022239289,0.0684481214545503,0.934984520123839,0.262612396491874,0.646,646,1000,5.99453333333333,1.22291938800246,1,20260709,1000
90,4,2,0,Inf,0.75,0,0.3,0,"fixed",11,0.2,0.3,0.1,"fixed_11",0.481873111782477,0.019420276876581,0.319,0,1.4771501260616,0.00175497629313612,0.0175497629313612,0.0574610935779031,0.0574444917985397,0.919939577039275,0.208577247472113,0.662,662,1000,6.00296666666667,1.22059011667426,1,20260709,1000
120,4,2,0,Inf,0.75,0,0.3,0,"fixed",11,0.2,0.3,0.1,"fixed_11",0.570261437908497,0.0200107540672081,0.349,0,1.31266995196201,-0.00185129186270205,-0.0185129186270205,0.04976749734669,0.0497612701676098,0.931372549019608,0.178405030181189,0.612,612,1000,6.00825833333333,1.22126333912665,1,20260709,1000
150,4,2,0,Inf,0.75,0,0.3,0,"fixed",11,0.2,0.3,0.1,"fixed_11",0.634868421052632,0.0195260667965679,0.386,0,1.19795559716975,-0.00410286251801964,-0.0410286251801964,0.0427120593525021,0.0428736862030127,0.917763157894737,0.159623949895131,0.608,608,1000,5.99974666666667,1.22517026050583,1,20260709,1000
20,5,2,0,Inf,0.75,0,0.3,0,"fixed",11,0.2,0.3,0.1,"fixed_11",0.182529335071708,0.0139477688799139,0.14,0.0277777777777778,2.61302541866839,0.00380059246318426,0.0380059246318426,0.123176279811804,0.123154613922384,0.929595827900913,0.465513939715337,0.767,767,1000,7.51515,1.34580875460758,0.9426,20260709,1000
40,5,2,0,Inf,0.75,0,0.3,0,"fixed",11,0.2,0.3,0.1,"fixed_11",0.283533260632497,0.0148838524238345,0.26,0,1.98634928184861,0.00767010261044211,0.0767010261044211,0.0798530902568554,0.0801772587890936,0.933478735005453,0.31284391102561,0.917,917,1000,7.49075,1.36642095560237,0.94455,20260709,1000
60,5,2,0,Inf,0.75,0,0.3,0,"fixed",11,0.2,0.3,0.1,"fixed_11",0.380355276907001,0.0156931502151092,0.364,0,1.70177827394419,0.00538971191130236,0.0538971191130236,0.0678246776582002,0.0680031544199464,0.917450365726228,0.251571584323215,0.957,957,1000,7.5008,1.35914369772129,0.943,20260709,1000
90,5,2,0,Inf,0.75,0,0.3,0,"fixed",11,0.2,0.3,0.1,"fixed_11",0.510288065843621,0.0160341121606096,0.496,0,1.43956624077017,0.00356583727982325,0.0356583727982325,0.0531933808538734,0.0532854569009591,0.941358024691358,0.202712081968826,0.972,972,1000,7.49562222222222,1.36292863033106,0.944533333333333,20260709,1000
120,5,2,0,Inf,0.75,0,0.3,0,"fixed",11,0.2,0.3,0.1,"fixed_11",0.652791878172589,0.0151692529643667,0.643,0,1.29352290940137,0.00582677189878616,0.0582677189878616,0.0433122019155091,0.0436805859733733,0.946192893401015,0.175343495120693,0.985,985,1000,7.50076666666667,1.36834362382354,0.944,20260709,1000
150,5,2,0,Inf,0.75,0,0.3,0,"fixed",11,0.2,0.3,0.1,"fixed_11",0.729292929292929,0.0141215771780715,0.722,0,1.24002207935251,0.0052041093144127,0.052041093144127,0.0424791592051786,0.0427754487353227,0.929292929292929,0.156429708332967,0.99,990,1000,7.50103333333333,1.36193782697864,0.944133333333333,20260709,1000
20,6,2,0,Inf,0.75,0,0.3,0,"fixed",11,0.2,0.3,0.1,"fixed_11",0.177494199535963,0.0130139140542152,0.153,0.0192307692307692,2.4148691401704,-0.00146942064026576,-0.0146942064026576,0.110874327269089,0.110819738713009,0.9292343387471,0.427176822856203,0.862,862,1000,9.0081,1.49578793253446,0.60695,20260709,1000
40,6,2,0,Inf,0.75,0,0.3,0,"fixed",11,0.2,0.3,0.1,"fixed_11",0.325888324873096,0.0149342084937409,0.321,0.0031055900621118,1.89228592322387,0.00628480934792855,0.0628480934792855,0.078682052256758,0.078892832585669,0.932994923857868,0.292595293118087,0.985,985,1000,9.0078,1.49393304135189,0.60495,20260709,1000
60,6,2,0,Inf,0.75,0,0.3,0,"fixed",11,0.2,0.3,0.1,"fixed_11",0.424272818455366,0.0156524884654418,0.423,0,1.579599900962,0.00405550584256631,0.0405550584256631,0.0605443579788482,0.0606497301022787,0.936810431293882,0.235552085035176,0.997,997,1000,9.00035,1.49244983605933,0.608683333333333,20260709,1000
90,6,2,0,Inf,0.75,0,0.3,0,"fixed",11,0.2,0.3,0.1,"fixed_11",0.556,0.0157119063133663,0.556,0,1.37313030971858,0.00311438735756134,0.0311438735756134,0.0487343068394243,0.0488093949877375,0.955,0.193450486113806,1,1000,1000,8.999,1.50193165292452,0.6086,20260709,1000
120,6,2,0,Inf,0.75,0,0.3,0,"fixed",11,0.2,0.3,0.1,"fixed_11",0.67,0.0148694317309035,0.67,0,1.27061446150089,0.00372736328898142,0.0372736328898142,0.0441942512233666,0.0443291320289591,0.941,0.166600978391705,1,1000,1000,8.9972,1.49861184949287,0.609225,20260709,1000
150,6,2,0,Inf,0.75,0,0.3,0,"fixed",11,0.2,0.3,0.1,"fixed_11",0.796,0.0127429980773757,0.796,0,1.19772649010474,0.00646839984505157,0.0646839984505157,0.0371250645495048,0.0376660635578309,0.963,0.149250454746318,1,1000,1000,9.0012,1.50272808685421,0.60832,20260709,1000
20,7,2,0,Inf,0.75,0,0.3,0,"fixed",11,0.2,0.3,0.1,"fixed_11",0.173672566371681,0.0125996209936306,0.157,0.0125786163522013,2.49764008682734,0.0010011190976222,0.010011190976222,0.108839269871927,0.108783661172763,0.918141592920354,0.405418221736237,0.904,904,1000,10.5142,1.59570707679611,0.2549,20260709,1000
40,7,2,0,Inf,0.75,0,0.3,0,"fixed",11,0.2,0.3,0.1,"fixed_11",0.317540322580645,0.0147802609935114,0.315,0.00316455696202532,1.77490574117482,-7.34671944329912e-05,-0.000734671944329912,0.0737093640351208,0.0736722394016954,0.923387096774194,0.280050267396173,0.992,992,1000,10.508975,1.61225145929837,0.258025,20260709,1000
60,7,2,0,Inf,0.75,0,0.3,0,"fixed",11,0.2,0.3,0.1,"fixed_11",0.431,0.0156601085564564,0.431,0.00231481481481481,1.55037543510958,0.00254475914956161,0.0254475914956161,0.0596821740072846,0.0597065803029351,0.942,0.226365078272427,1,1000,1000,10.4992666666667,1.60768889759579,0.25765,20260709,1000
90,7,2,0,Inf,0.75,0,0.3,0,"fixed",11,0.2,0.3,0.1,"fixed_11",0.611,0.0154168414404508,0.611,0,1.34739981190082,0.00438568184597248,0.0438568184597248,0.0489948628933679,0.049166353318139,0.939,0.183496615570866,1,1000,1000,10.5049333333333,1.61756977827128,0.257622222222222,20260709,1000
120,7,2,0,Inf,0.75,0,0.3,0,"fixed",11,0.2,0.3,0.1,"fixed_11",0.752,0.0136563538325572,0.752,0,1.21909720286036,0.00514845169119993,0.0514845169119993,0.0403847724026801,0.0406915896346024,0.946,0.158372882408942,1,1000,1000,10.4931416666667,1.62059356198907,0.25995,20260709,1000
150,7,2,0,Inf,0.75,0,0.3,0,"fixed",11,0.2,0.3,0.1,"fixed_11",0.798,0.0126962986732354,0.798,0,1.17848629802116,0.00410119964884156,0.0410119964884156,0.0385834986838956,0.0387816647770457,0.929,0.14220496496561,1,1000,1000,10.4961066666667,1.61498318431768,0.259313333333333,20260709,1000
20,8,2,0,Inf,0.75,0,0.3,0,"fixed",11,0.2,0.3,0.1,"fixed_11",0.217021276595745,0.0134450434630734,0.204,0.0192307692307692,2.32863972738319,0.00133252595755064,0.0133252595755064,0.106839498152139,0.106790967389436,0.925531914893617,0.393022792579657,0.94,940,1000,12.0158,1.70582095571967,0.0782,20260709,1000
40,8,2,0,Inf,0.75,0,0.3,0,"fixed",11,0.2,0.3,0.1,"fixed_11",0.336673346693387,0.0149590089316135,0.336,0,1.72171322930378,0.00250138089932277,0.0250138089932277,0.0683699720460708,0.0683814752931302,0.944889779559118,0.269589036326064,0.998,998,1000,11.987,1.73298901312224,0.0827,20260709,1000
60,8,2,0,Inf,0.75,0,0.3,0,"fixed",11,0.2,0.3,0.1,"fixed_11",0.437437437437437,0.0156949755662004,0.437,0,1.48399691647131,-0.000582632720759133,-0.00582632720759133,0.0565974328815346,0.0565720990752725,0.936936936936937,0.21641618742353,0.999,999,1000,12.0017,1.72327202651147,0.0801833333333333,20260709,1000
90,8,2,0,Inf,0.75,0,0.3,0,"fixed",11,0.2,0.3,0.1,"fixed_11",0.607,0.015445096309185,0.607,0,1.31822769666223,0.00241424240259694,0.0241424240259694,0.0466559077500511,0.04669502672268,0.94,0.176188607172342,1,1000,1000,11.9981111111111,1.72039232540427,0.0792666666666667,20260709,1000
120,8,2,0,Inf,0.75,0,0.3,0,"fixed",11,0.2,0.3,0.1,"fixed_11",0.739,0.0138880884213775,0.739,0,1.1925089656519,0.00193403250726633,0.0193403250726633,0.0399555176026757,0.0399823389167016,0.949,0.152340467652891,1,1000,1000,12.0047666666667,1.72687912386591,0.0787833333333333,20260709,1000
150,8,2,0,Inf,0.75,0,0.3,0,"fixed",11,0.2,0.3,0.1,"fixed_11",0.851,0.0112605062053178,0.851,0,1.14293913544779,0.0048789996513459,0.048789996513459,0.0347846578468409,0.0351079348110666,0.951,0.136405898451014,1,1000,1000,11.9994466666667,1.73275501131949,0.07908,20260709,1000
20,1,4,0,Inf,0.75,0,0.3,0,"fixed",11,0.2,0.3,0.1,"fixed_11",0.0956521739130435,0.0274262387122659,0.011,0.0833333333333333,3.53334830023281,-0.00837808217438125,-0.0837808217438125,0.194613586677137,0.193946635323059,0.930434782608696,0.679068291355359,0.115,115,1000,3.00155,0.855124202035134,1,20260709,1000
40,1,4,0,Inf,0.75,0,0.3,0,"fixed",11,0.2,0.3,0.1,"fixed_11",0.168,0.0334396172226896,0.021,0.0454545454545455,2.78436466576597,-0.0122176802084351,-0.122176802084351,0.128899536769826,0.128962946478884,0.904,0.409137781431176,0.125,125,1000,3.000425,0.862334291525522,1,20260709,1000
60,1,4,0,Inf,0.75,0,0.3,0,"fixed",11,0.2,0.3,0.1,"fixed_11",0.186991869918699,0.0351565500613978,0.023,0,1.98721609627204,-0.00987320020169322,-0.0987320020169322,0.0825997182162712,0.0828536318853573,0.91869918699187,0.30774694421211,0.123,123,1000,3.00191666666667,0.862770214334009,1,20260709,1000
90,1,4,0,Inf,0.75,0,0.3,0,"fixed",11,0.2,0.3,0.1,"fixed_11",0.293233082706767,0.0394746937031219,0.039,0,1.54102824913928,-0.0172557930456312,-0.172557930456312,0.06534122899976,0.0673434278602342,0.932330827067669,0.242593459401481,0.133,133,1000,3.00186666666667,0.864746608278119,1,20260709,1000
120,1,4,0,Inf,0.75,0,0.3,0,"fixed",11,0.2,0.3,0.1,"fixed_11",0.297297297297297,0.0375707993207688,0.044,0,1.27424480372614,-0.0275765588827935,-0.275765588827935,0.0512211100096377,0.0580201832912273,0.918918918918919,0.195574464182503,0.148,148,1000,3.00124166666667,0.865262222636648,1,20260709,1000
150,1,4,0,Inf,0.75,0,0.3,0,"fixed",11,0.2,0.3,0.1,"fixed_11",0.415584415584416,0.0397127681639708,0.064,0,1.19269171020489,-0.0192783814318524,-0.192783814318524,0.044106029524032,0.0480038096522996,0.941558441558442,0.183246326245872,0.154,154,1000,2.99853333333333,0.865082482697768,1,20260709,1000
20,2,4,0,Inf,0.75,0,0.3,0,"fixed",11,0.2,0.3,0.1,"fixed_11",0.157706093189964,0.0154290421912821,0.088,0.0434782608695652,2.99861944934554,0.0010331740476696,0.010331740476696,0.134510124883726,0.134393513462536,0.933691756272401,0.510067099481058,0.558,558,1000,6.0147,1.20145931541397,1,20260709,1000
40,2,4,0,Inf,0.75,0,0.3,0,"fixed",11,0.2,0.3,0.1,"fixed_11",0.287461773700306,0.0176972285862826,0.188,0,2.11049657612236,0.0124963412221515,0.124963412221515,0.08629302137257,0.0871278257391638,0.935779816513762,0.33106864039323,0.654,654,1000,6.002975,1.21266466849838,1,20260709,1000
60,2,4,0,Inf,0.75,0,0.3,0,"fixed",11,0.2,0.3,0.1,"fixed_11",0.339366515837104,0.0183889961426329,0.225,0.00881057268722467,1.71190802892601,0.000365114841267014,0.00365114841267014,0.0703005100276742,0.0702484218905187,0.939668174962293,0.263132816933169,0.663,663,1000,5.99765,1.22530661185709,1,20260709,1000
90,2,4,0,Inf,0.75,0,0.3,0,"fixed",11,0.2,0.3,0.1,"fixed_11",0.506230529595016,0.019731893806198,0.325,0,1.49384937872881,0.00589942913841711,0.0589942913841711,0.0576454740991651,0.0579018819620749,0.926791277258567,0.209040260998957,0.642,642,1000,6.00168888888889,1.21724446136171,1,20260709,1000
120,2,4,0,Inf,0.75,0,0.3,0,"fixed",11,0.2,0.3,0.1,"fixed_11",0.563779527559055,0.0196798058639176,0.358,0,1.33609549307324,6.78515805191404e-05,0.000678515805191404,0.0501576213074487,0.0501181574861456,0.922834645669291,0.180853612435537,0.635,635,1000,5.998625,1.22281353726905,1,20260709,1000
150,2,4,0,Inf,0.75,0,0.3,0,"fixed",11,0.2,0.3,0.1,"fixed_11",0.668769716088328,0.0186921255258527,0.424,0,1.18808100321226,-0.00205317215678084,-0.0205317215678084,0.0410414738872875,0.0410604591833108,0.946372239747634,0.157705359627579,0.634,634,1000,6.00076666666667,1.22307708108249,1,20260709,1000
20,3,4,0,Inf,0.75,0,0.3,0,"fixed",11,0.2,0.3,0.1,"fixed_11",0.177935943060498,0.0131725812155774,0.15,0,2.51765467312166,0.000871848892477572,0.00871848892477572,0.112971060084312,0.112907401001283,0.935943060498221,0.435851764319764,0.843,843,1000,9.0133,1.48533589545033,0.6016,20260709,1000
40,3,4,0,Inf,0.75,0,0.3,0,"fixed",11,0.2,0.3,0.1,"fixed_11",0.316109422492401,0.0147997184830397,0.312,0.00319488817891374,1.87940051438782,0.00740788699728323,0.0740788699728323,0.0756520546739742,0.0759757300115123,0.93515704154002,0.294584048946896,0.987,987,1000,9.00185,1.49084921818102,0.608875,20260709,1000
60,3,4,0,Inf,0.75,0,0.3,0,"fixed",11,0.2,0.3,0.1,"fixed_11",0.425851703406814,0.015652220741499,0.425,0,1.58074596759198,0.00267843635008345,0.0267843635008345,0.062231256915018,0.0622577133228211,0.939879759519038,0.235311107597924,0.998,998,1000,8.99535,1.49968441867054,0.609783333333333,20260709,1000
90,3,4,0,Inf,0.75,0,0.3,0,"fixed",11,0.2,0.3,0.1,"fixed_11",0.568,0.0156644821171975,0.568,0,1.39067469784333,0.00438316064655506,0.0438316064655506,0.0513009520317715,0.0514622967709396,0.941,0.194046297784917,1,1000,1000,9.0005,1.49880537469943,0.606311111111111,20260709,1000
120,3,4,0,Inf,0.75,0,0.3,0,"fixed",11,0.2,0.3,0.1,"fixed_11",0.675,0.0148113132435986,0.675,0,1.27935212294613,0.00445376305499307,0.0445376305499307,0.0444602751505252,0.0446606690024228,0.936,0.166049267087453,1,1000,1000,9.00606666666667,1.49670043224807,0.608866666666667,20260709,1000
150,3,4,0,Inf,0.75,0,0.3,0,"fixed",11,0.2,0.3,0.1,"fixed_11",0.802,0.012601428490453,0.802,0,1.18998168815053,0.00616300597490817,0.0616300597490817,0.0380093285569771,0.0384869717039629,0.941,0.14851087013709,1,1000,1000,8.9916,1.49905653174878,0.611206666666667,20260709,1000
20,4,4,0,Inf,0.75,0,0.3,0,"fixed",11,0.2,0.3,0.1,"fixed_11",0.22198275862069,0.0136420690888768,0.206,0.023696682464455,2.28029379289002,0.00199532288396248,0.0199532288396248,0.103453599266044,0.103417094764402,0.931034482758621,0.387056891473846,0.928,928,1000,11.99395,1.70688092461674,0.07795,20260709,1000
40,4,4,0,Inf,0.75,0,0.3,0,"fixed",11,0.2,0.3,0.1,"fixed_11",0.345417925478348,0.0150896742883163,0.343,0,1.73743366727825,0.00454586115109162,0.0454586115109162,0.0668913769633528,0.0670120524037148,0.942598187311178,0.267761875005054,0.993,993,1000,12.001325,1.72082142179461,0.078075,20260709,1000
60,4,4,0,Inf,0.75,0,0.3,0,"fixed",11,0.2,0.3,0.1,"fixed_11",0.468,0.0157789733506334,0.468,0,1.51176238598571,0.00400313426217269,0.0400313426217269,0.0567309343805146,0.0568436944672982,0.941,0.217403847868303,1,1000,1000,11.9982666666667,1.73091314095431,0.0797333333333333,20260709,1000
90,4,4,0,Inf,0.75,0,0.3,0,"fixed",11,0.2,0.3,0.1,"fixed_11",0.642,0.0151603430040352,0.642,0,1.30486061624353,0.00423799838597462,0.0423799838597462,0.0458877364855507,0.0460601704917284,0.945,0.176900126652917,1,1000,1000,12.0060555555556,1.72466914308832,0.0780555555555556,20260709,1000
120,4,4,0,Inf,0.75,0,0.3,0,"fixed",11,0.2,0.3,0.1,"fixed_11",0.741,0.0138534833164804,0.741,0,1.18602984510225,0.00209258539180217,0.0209258539180217,0.0381008676471773,0.0381392626170754,0.953,0.152664169617709,1,1000,1000,11.9972666666667,1.72580306205158,0.07845,20260709,1000
150,4,4,0,Inf,0.75,0,0.3,0,"fixed",11,0.2,0.3,0.1,"fixed_11",0.852,0.0112292475259921,0.852,0,1.13837038049182,0.00476715057426098,0.0476715057426098,0.0338597015535616,0.0341768728017156,0.957,0.136270076547462,1,1000,1000,12.0067133333333,1.72954915480388,0.07966,20260709,1000
20,5,4,0,Inf,0.75,0,0.3,0,"fixed",11,0.2,0.3,0.1,"fixed_11",0.234567901234568,0.0135910964313689,0.228,0.00869565217391304,2.20928947449296,0.00664671290565669,0.0664671290565669,0.0965985152680704,0.0967773313807866,0.912551440329218,0.360641431782407,0.972,972,1000,15.01875,1.92220991387142,0.00365,20260709,1000
40,5,4,0,Inf,0.75,0,0.3,0,"fixed",11,0.2,0.3,0.1,"fixed_11",0.39,0.0154240072614091,0.39,0,1.64043587617627,0.00115143934806927,0.0115143934806927,0.0667126455272867,0.06668922183343,0.936,0.249280116951642,1,1000,1000,14.9798,1.91784448027629,0.00385,20260709,1000
60,5,4,0,Inf,0.75,0,0.3,0,"fixed",11,0.2,0.3,0.1,"fixed_11",0.464,0.0157703519301251,0.464,0.0021505376344086,1.4270649314593,4.41903374541891e-05,0.000441903374541891,0.0516412154072965,0.0516154072579106,0.942,0.204852010408571,1,1000,1000,14.9965333333333,1.92786380350081,0.00415,20260709,1000
90,5,4,0,Inf,0.75,0,0.3,0,"fixed",11,0.2,0.3,0.1,"fixed_11",0.655,0.0150324648677454,0.655,0,1.26391805708377,0.00217247268338856,0.0217247268338856,0.0441795819059927,0.0442108952577416,0.935,0.166083818568291,1,1000,1000,15.0035333333333,1.92338771406197,0.004,20260709,1000
120,5,4,0,Inf,0.75,0,0.3,0,"fixed",11,0.2,0.3,0.1,"fixed_11",0.771,0.0132875505643441,0.771,0,1.15901891422006,0.0010563791374892,0.010563791374892,0.038263021926037,0.0382584725903635,0.938,0.14331067291729,1,1000,1000,14.9957166666667,1.92903171584524,0.00385833333333333,20260709,1000
150,5,4,0,Inf,0.75,0,0.3,0,"fixed",11,0.2,0.3,0.1,"fixed_11",0.853,0.0111978122863352,0.853,0,1.10599091178687,0.00172543450716012,0.0172543450716012,0.0336301029716949,0.0336575395164206,0.943,0.127634165325587,1,1000,1000,14.9859733333333,1.93478890073454,0.00387333333333333,20260709,1000
20,6,4,0,Inf,0.75,0,0.3,0,"fixed",11,0.2,0.3,0.1,"fixed_11",0.235655737704918,0.0135849675461213,0.23,0,2.10085377095438,0.00317288627109723,0.0317288627109723,0.0914730424801857,0.0914812091998218,0.925204918032787,0.348385976072309,0.976,976,1000,17.98315,2.08746500677493,4.99999999999996e-05,20260709,1000
40,6,4,0,Inf,0.75,0,0.3,0,"fixed",11,0.2,0.3,0.1,"fixed_11",0.412412412412412,0.015574690542225,0.412,0.00242130750605327,1.58854923993404,0.00465722007274366,0.0465722007274366,0.0628716442543107,0.0630125110560981,0.926926926926927,0.238037427844703,0.999,999,1000,18.007075,2.11377533410157,0.000125,20260709,1000
60,6,4,0,Inf,0.75,0,0.3,0,"fixed",11,0.2,0.3,0.1,"fixed_11",0.514,0.0158051890213309,0.514,0,1.39560247950102,0.000609519565075226,0.00609519565075226,0.0512040907447173,0.0511821117597199,0.942,0.195262040293646,1,1000,1000,18.0028333333333,2.10258807581661,0.000183333333333333,20260709,1000
90,6,4,0,Inf,0.75,0,0.3,0,"fixed",11,0.2,0.3,0.1,"fixed_11",0.689,0.0146382717559144,0.689,0,1.20617594138294,0.000441127897114563,0.00441127897114563,0.0404142010880528,0.0403963975591586,0.948,0.159055206232767,1,1000,1000,17.9966888888889,2.11372116676268,0.000133333333333334,20260709,1000
120,6,4,0,Inf,0.75,0,0.3,0,"fixed",11,0.2,0.3,0.1,"fixed_11",0.821,0.0121226647235664,0.821,0,1.10870608232224,0.000249113645571397,0.00249113645571397,0.0344175951508392,0.0344012840271917,0.951,0.136568634030814,1,1000,1000,17.9986666666667,2.1176294307303,0.000125,20260709,1000
150,6,4,0,Inf,0.75,0,0.3,0,"fixed",11,0.2,0.3,0.1,"fixed_11",0.902,0.00940191469861325,0.902,0,1.08184029741126,0.00237836935747307,0.0237836935747307,0.0310357132729325,0.0311112346855905,0.95,0.122392544909344,1,1000,1000,17.9987933333333,2.11701751662918,1e-04,20260709,1000
20,7,4,0,Inf,0.75,0,0.3,0,"fixed",11,0.2,0.3,0.1,"fixed_11",0.24340770791075,0.0136665741547829,0.24,0.00826446280991736,2.04090581787163,-0.0038412457730382,-0.038412457730382,0.0901730963633414,0.0902091782279928,0.929006085192698,0.333227036484292,0.986,986,1000,21.00225,2.26171207983855,0,20260709,1000
40,7,4,0,Inf,0.75,0,0.3,0,"fixed",11,0.2,0.3,0.1,"fixed_11",0.414414414414414,0.0155858277151243,0.414,0,1.5566937992168,0.00108117420607409,0.0108117420607409,0.060977221126197,0.0609562834373725,0.941941941941942,0.232349798247725,0.999,999,1000,21.000825,2.26979222603131,0,20260709,1000
60,7,4,0,Inf,0.75,0,0.3,0,"fixed",11,0.2,0.3,0.1,"fixed_11",0.565,0.0156772127624779,0.565,0,1.35707867676572,0.00212980538821006,0.0212980538821006,0.0490005392125324,0.0490223200314658,0.948,0.189622973747247,1,1000,1000,20.9901666666667,2.27397304066354,0,20260709,1000
90,7,4,0,Inf,0.75,0,0.3,0,"fixed",11,0.2,0.3,0.1,"fixed_11",0.72,0.0141985914794391,0.72,0,1.19109832927342,0.000550798555175092,0.00550798555175092,0.0404757750507578,0.0404592814647266,0.936,0.15348635069303,1,1000,1000,20.9812777777778,2.29011759300334,0,20260709,1000
120,7,4,0,Inf,0.75,0,0.3,0,"fixed",11,0.2,0.3,0.1,"fixed_11",0.838,0.0116514376795312,0.838,0,1.09903622975117,1.50914976108779e-05,0.000150914976108779,0.0338431516353068,0.033826229193498,0.942,0.132049829200852,1,1000,1000,21.0010583333333,2.28203914922784,0,20260709,1000
150,7,4,0,Inf,0.75,0,0.3,0,"fixed",11,0.2,0.3,0.1,"fixed_11",0.913,0.00891240708226459,0.913,0,1.05432096629136,0.000404074123105141,0.00404074123105141,0.02972500408998,0.0297128855579215,0.951,0.118143063321281,1,1000,1000,20.9881733333333,2.29217835499395,0,20260709,1000
20,8,4,0,Inf,0.75,0,0.3,0,"fixed",11,0.2,0.3,0.1,"fixed_11",0.236947791164659,0.0134732941051185,0.236,0.00421940928270042,2.03962558722026,-0.0038185789090648,-0.038185789090648,0.08974383357421,0.0897800139708843,0.922690763052209,0.326972550085165,0.996,996,1000,24.00325,2.43269312595069,0,20260709,1000
40,8,4,0,Inf,0.75,0,0.3,0,"fixed",11,0.2,0.3,0.1,"fixed_11",0.433,0.0156687906361659,0.433,0.00230414746543779,1.5355200213129,0.00098350833869007,0.0098350833869007,0.0613775806543622,0.0613547674449836,0.933,0.22659815556144,1,1000,1000,23.9787,2.43462810392491,0,20260709,1000
60,8,4,0,Inf,0.75,0,0.3,0,"fixed",11,0.2,0.3,0.1,"fixed_11",0.573,0.0156419627924375,0.573,0,1.30223860214043,-0.00120113581602534,-0.0120113581602534,0.0474835699249804,0.0474750192275498,0.937,0.1841242311467,1,1000,1000,24.0147666666667,2.43488430630722,0,20260709,1000
90,8,4,0,Inf,0.75,0,0.3,0,"fixed",11,0.2,0.3,0.1,"fixed_11",0.735,0.0139561814261638,0.735,0,1.15138849515554,-0.000667595521474162,-0.00667595521474162,0.0367963789532385,0.0367840347752467,0.952,0.14966369952472,1,1000,1000,24.0011333333333,2.44000143699747,0,20260709,1000
120,8,4,0,Inf,0.75,0,0.3,0,"fixed",11,0.2,0.3,0.1,"fixed_11",0.861,0.0109397897603199,0.861,0,1.08275993795062,5.44063702456049e-05,0.000544063702456049,0.032793462368953,0.0327771066908431,0.948,0.129099079577202,1,1000,1000,24.0074083333333,2.44721388629485,0,20260709,1000
150,8,4,0,Inf,0.75,0,0.3,0,"fixed",11,0.2,0.3,0.1,"fixed_11",0.919,0.00862780389206894,0.919,0,1.04546299706286,-0.000158647998783401,-0.00158647998783401,0.028933405129705,0.0289193699733372,0.949,0.116100679843618,1,1000,1000,23.99474,2.44246820673236,0,20260709,1000
20,1,5,0,Inf,0.75,0,0.3,0,"fixed",11,0.2,0.3,0.1,"fixed_11",0.148837209302326,0.0242740836465773,0.032,0.0303030303030303,3.11604221048979,0.0100434639635958,0.100434639635958,0.158610794932473,0.158559907756896,0.934883720930233,0.630561665880267,0.215,215,1000,3.75215,0.954411855417313,1,20260709,1000
40,1,5,0,Inf,0.75,0,0.3,0,"fixed",11,0.2,0.3,0.1,"fixed_11",0.163551401869159,0.0252836562791094,0.035,0,2.40644728579879,-0.00694587881766681,-0.0694587881766681,0.102620439656654,0.102615738556448,0.934579439252336,0.381604828192911,0.214,214,1000,3.75275,0.962249293922884,1,20260709,1000
60,1,5,0,Inf,0.75,0,0.3,0,"fixed",11,0.2,0.3,0.1,"fixed_11",0.28042328042328,0.0326749312690749,0.053,0,1.8821648594023,0.00142795172724146,0.0142795172724146,0.0745628115657666,0.0743790022360053,0.947089947089947,0.290810394071932,0.189,189,1000,3.74756666666667,0.968434373103144,1,20260709,1000
90,1,5,0,Inf,0.75,0,0.3,0,"fixed",11,0.2,0.3,0.1,"fixed_11",0.384180790960452,0.0365601362680778,0.068,0,1.50672248400101,-0.00800920257975453,-0.0800920257975453,0.0601539089530344,0.0605160856827293,0.926553672316384,0.215476213218504,0.177,177,1000,3.7463,0.965172196345776,1,20260709,1000
120,1,5,0,Inf,0.75,0,0.3,0,"fixed",11,0.2,0.3,0.1,"fixed_11",0.441860465116279,0.0378660271805609,0.076,0,1.28191256270975,-0.0144181695721502,-0.144181695721502,0.0498275771307742,0.0517323520228979,0.936046511627907,0.184782909401958,0.172,172,1000,3.74859166666667,0.966012570932097,1,20260709,1000
150,1,5,0,Inf,0.75,0,0.3,0,"fixed",11,0.2,0.3,0.1,"fixed_11",0.527950310559006,0.0393439033877763,0.085,0,1.15114020841156,-0.0172281601276132,-0.172281601276132,0.0447765254968477,0.0478465642512046,0.900621118012422,0.156742832305384,0.161,161,1000,3.75096666666667,0.967872689481698,1,20260709,1000
20,2,5,0,Inf,0.75,0,0.3,0,"fixed",11,0.2,0.3,0.1,"fixed_11",0.184840425531915,0.0141550326843144,0.139,0.0211267605633803,2.61968805002593,0.00558912474720981,0.0558912474720981,0.121481440282121,0.121529231025956,0.934840425531915,0.471013696963569,0.752,752,1000,7.50485,1.35490906308424,0.9446,20260709,1000
40,2,5,0,Inf,0.75,0,0.3,0,"fixed",11,0.2,0.3,0.1,"fixed_11",0.283695652173913,0.0148621356177781,0.261,0.00381679389312977,1.96048885288286,0.00358763120927513,0.0358763120927513,0.0831773314814118,0.0832094916198623,0.932608695652174,0.312645037294628,0.92,920,1000,7.510825,1.35314231420803,0.944325,20260709,1000
60,2,5,0,Inf,0.75,0,0.3,0,"fixed",11,0.2,0.3,0.1,"fixed_11",0.399367755532139,0.0158985572167293,0.379,0,1.68354905086049,0.00496515213599713,0.0496515213599713,0.0672325499950107,0.0673803040870677,0.937829293993678,0.251756279362795,0.949,949,1000,7.49626666666667,1.36520650602834,0.94345,20260709,1000
90,2,5,0,Inf,0.75,0,0.3,0,"fixed",11,0.2,0.3,0.1,"fixed_11",0.506653019447288,0.0159950010528889,0.495,0,1.41726228587884,0.00200168918057295,0.0200168918057295,0.0519188807083139,0.0519308954839606,0.941658137154555,0.204061563298064,0.977,977,1000,7.50868888888889,1.36624038058278,0.943222222222222,20260709,1000
120,2,5,0,Inf,0.75,0,0.3,0,"fixed",11,0.2,0.3,0.1,"fixed_11",0.646516393442623,0.0153020459112582,0.631,0,1.29515541802774,0.00443264425946165,0.0443264425946165,0.0439723070256891,0.0441727405744401,0.954918032786885,0.175761573776249,0.976,976,1000,7.49568333333333,1.36631344146168,0.944325,20260709,1000
150,2,5,0,Inf,0.75,0,0.3,0,"fixed",11,0.2,0.3,0.1,"fixed_11",0.725529767911201,0.0141755009516771,0.719,0,1.22370034696679,0.00364833023140572,0.0364833023140572,0.0406332787873281,0.0407763117584256,0.944500504540868,0.156216065758494,0.991,991,1000,7.49868,1.36444204302078,0.943973333333333,20260709,1000
20,3,5,0,Inf,0.75,0,0.3,0,"fixed",11,0.2,0.3,0.1,"fixed_11",0.210640608034745,0.0134362669913912,0.194,0.00512820512820513,2.36450253979327,0.00341521197079082,0.0341521197079082,0.106598091234466,0.106594928983583,0.93485342019544,0.400418471998729,0.921,921,1000,11.2203,1.66296439358728,0.1524,20260709,1000
40,3,5,0,Inf,0.75,0,0.3,0,"fixed",11,0.2,0.3,0.1,"fixed_11",0.31494483450351,0.0147106694991904,0.314,0,1.74127946599982,-0.000562644055618552,-0.00562644055618552,0.0695037718783521,0.0694711851303496,0.953861584754263,0.272174174786191,0.997,997,1000,11.250075,1.66585518158536,0.1478,20260709,1000
60,3,5,0,Inf,0.75,0,0.3,0,"fixed",11,0.2,0.3,0.1,"fixed_11",0.445,0.0157154382694216,0.445,0.00224215246636771,1.53938608219975,0.00384769754014348,0.0384769754014348,0.0570358657095968,0.0571370428323548,0.954,0.221466045731105,1,1000,1000,11.24865,1.66586317463498,0.1463,20260709,1000
90,3,5,0,Inf,0.75,0,0.3,0,"fixed",11,0.2,0.3,0.1,"fixed_11",0.628,0.0152845019545944,0.628,0,1.31060167945475,0.00330424773387511,0.0330424773387511,0.0474197835117798,0.047511106970082,0.934,0.178083069562683,1,1000,1000,11.2591777777778,1.67249007131705,0.146455555555556,20260709,1000
120,3,5,0,Inf,0.75,0,0.3,0,"fixed",11,0.2,0.3,0.1,"fixed_11",0.726,0.0141040419738457,0.726,0,1.21124084968268,0.00315468338718165,0.0315468338718165,0.0399179590460883,0.0400225191389065,0.947,0.155049488345948,1,1000,1000,11.2462166666667,1.67979832981394,0.149716666666667,20260709,1000
150,3,5,0,Inf,0.75,0,0.3,0,"fixed",11,0.2,0.3,0.1,"fixed_11",0.808,0.0124553602918583,0.808,0,1.15116416802804,0.00299841145121611,0.0299841145121611,0.0361089699171721,0.0362152498541919,0.948,0.139380770275712,1,1000,1000,11.2474733333333,1.67472906409084,0.14886,20260709,1000
20,4,5,0,Inf,0.75,0,0.3,0,"fixed",11,0.2,0.3,0.1,"fixed_11",0.25,0.0139754248593737,0.24,0.0163934426229508,2.17147731071988,0.00060132452078375,0.0060132452078375,0.0999574607322268,0.0999071956418043,0.91875,0.360974465225814,0.96,960,1000,14.99555,1.91326849035067,0.00405,20260709,1000
40,4,5,0,Inf,0.75,0,0.3,0,"fixed",11,0.2,0.3,0.1,"fixed_11",0.352705410821643,0.0151248744673828,0.352,0,1.68257713523326,0.000667843582452463,0.00667843582452463,0.0655909033717432,0.0655614355546803,0.940881763527054,0.251026232782531,0.998,998,1000,15.018925,1.92175582324611,0.003475,20260709,1000
60,4,5,0,Inf,0.75,0,0.3,0,"fixed",11,0.2,0.3,0.1,"fixed_11",0.511,0.0158075614817719,0.511,0,1.41991248271086,0.00202449302234543,0.0202449302234543,0.053056002061925,0.0530680976429128,0.936,0.204112469959495,1,1000,1000,14.99885,1.92437448346551,0.00345,20260709,1000
90,4,5,0,Inf,0.75,0,0.3,0,"fixed",11,0.2,0.3,0.1,"fixed_11",0.672,0.0148464137083674,0.672,0,1.2562359357882,0.00268506232552355,0.0268506232552355,0.0431291434102924,0.0431911153825206,0.94,0.166434866685528,1,1000,1000,14.9959,1.92688545629534,0.00357777777777778,20260709,1000
120,4,5,0,Inf,0.75,0,0.3,0,"fixed",11,0.2,0.3,0.1,"fixed_11",0.794,0.0127892142057282,0.794,0,1.15253227431317,0.00218641765736274,0.0218641765736274,0.0361651388656544,0.036213116050339,0.942,0.142914413710991,1,1000,1000,14.9973833333333,1.92721677750859,0.00395833333333333,20260709,1000
150,4,5,0,Inf,0.75,0,0.3,0,"fixed",11,0.2,0.3,0.1,"fixed_11",0.862,0.0109066951914867,0.862,0,1.09590551424732,0.00130636978079361,0.0130636978079361,0.0329863103080076,0.0329956841582745,0.95,0.128083202461971,1,1000,1000,15.00174,1.94312533826064,0.00400666666666667,20260709,1000
20,5,5,0,Inf,0.75,0,0.3,0,"fixed",11,0.2,0.3,0.1,"fixed_11",0.242827868852459,0.013725294308448,0.237,0.00420168067226891,2.05331167709405,0.0033845824799848,0.033845824799848,0.0885388070927471,0.0885581383857763,0.932377049180328,0.345780380308097,0.976,976,1000,18.74485,2.1343091506821,0,20260709,1000
40,5,5,0,Inf,0.75,0,0.3,0,"fixed",11,0.2,0.3,0.1,"fixed_11",0.375375375375375,0.0153200328440743,0.375,0.00265957446808511,1.55530873809938,-0.00412074294172263,-0.0412074294172263,0.0622665794544538,0.0623716797226488,0.937937937937938,0.237343312631233,0.999,999,1000,18.759275,2.14527556479717,2.49999999999998e-05,20260709,1000
60,5,5,0,Inf,0.75,0,0.3,0,"fixed",11,0.2,0.3,0.1,"fixed_11",0.491,0.0158088266484265,0.491,0,1.3404338167141,-0.00352725889807978,-0.0352725889807978,0.0476204559645446,0.0477271586602318,0.955,0.194338179639056,1,1000,1000,18.7560833333333,2.14287171250746,3.33333333333335e-05,20260709,1000
90,5,5,0,Inf,0.75,0,0.3,0,"fixed",11,0.2,0.3,0.1,"fixed_11",0.698,0.0145188153786733,0.698,0,1.20232850260111,0.000362713748142965,0.00362713748142965,0.0405233568079878,0.04050471411828,0.932,0.157256602379436,1,1000,1000,18.7476888888889,2.15414378550785,2.22222222222223e-05,20260709,1000
120,5,5,0,Inf,0.75,0,0.3,0,"fixed",11,0.2,0.3,0.1,"fixed_11",0.812,0.0123554036761249,0.812,0,1.10871544022655,-0.000361215892586933,-0.00361215892586933,0.0345332973161049,0.0345179163887398,0.95,0.136394908750546,1,1000,1000,18.74485,2.16839052245077,3.33333333333335e-05,20260709,1000
150,5,5,0,Inf,0.75,0,0.3,0,"fixed",11,0.2,0.3,0.1,"fixed_11",0.897,0.00961202372032029,0.897,0,1.07130737753539,0.000712045249949819,0.00712045249949819,0.0312419959855473,0.0312344882987663,0.947,0.12134122505132,1,1000,1000,18.75006,2.16500842995221,2.66666666666666e-05,20260709,1000
20,6,5,0,Inf,0.75,0,0.3,0,"fixed",11,0.2,0.3,0.1,"fixed_11",0.244712990936556,0.0136430005221053,0.243,0.0121951219512195,1.99225479190716,-0.00123650193716897,-0.0123650193716897,0.0861953925000725,0.0861608530915005,0.930513595166163,0.331837995164562,0.993,993,1000,22.48335,2.35547090711675,0,20260709,1000
40,6,5,0,Inf,0.75,0,0.3,0,"fixed",11,0.2,0.3,0.1,"fixed_11",0.422,0.015617810345884,0.422,0,1.52877406743717,0.000294478225451922,0.00294478225451922,0.0588908357536277,0.0588621195901937,0.951,0.227866419329636,1,1000,1000,22.483575,2.36928907065223,0,20260709,1000
60,6,5,0,Inf,0.75,0,0.3,0,"fixed",11,0.2,0.3,0.1,"fixed_11",0.581,0.0156025318458255,0.581,0,1.31908761085828,0.00161452743878046,0.0161452743878046,0.0466973930558549,0.0467019546758523,0.947,0.186144832936384,1,1000,1000,22.4980833333333,2.36352584911751,0,20260709,1000
90,6,5,0,Inf,0.75,0,0.3,0,"fixed",11,0.2,0.3,0.1,"fixed_11",0.736,0.0139392969693597,0.736,0,1.15962424813863,-0.000524514801068784,-0.00524514801068784,0.0378276969493804,0.0378124164476988,0.955,0.151761288036659,1,1000,1000,22.4909222222222,2.35967803358058,0,20260709,1000
120,6,5,0,Inf,0.75,0,0.3,0,"fixed",11,0.2,0.3,0.1,"fixed_11",0.839,0.0116223491601311,0.839,0,1.09289447017628,-0.00049559382128686,-0.0049559382128686,0.0338513270671593,0.0338380266135494,0.945,0.13097241215651,1,1000,1000,22.4993083333333,2.37355974702695,0,20260709,1000
150,6,5,0,Inf,0.75,0,0.3,0,"fixed",11,0.2,0.3,0.1,"fixed_11",0.915,0.00881901355027874,0.915,0,1.05959082016128,0.000845130275496486,0.00845130275496486,0.0294086279307144,0.0294060669684504,0.945,0.116775112938827,1,1000,1000,22.4911266666667,2.37007218010737,0,20260709,1000
20,7,5,0,Inf,0.75,0,0.3,0,"fixed",11,0.2,0.3,0.1,"fixed_11",0.2625250501002,0.0139281598009561,0.262,0,1.93990005856966,-0.00215795990946416,-0.0215795990946416,0.0831890243629476,0.0831753345835819,0.937875751503006,0.323439515673725,0.998,998,1000,26.2814,2.52679600360555,0,20260709,1000
40,7,5,0,Inf,0.75,0,0.3,0,"fixed",11,0.2,0.3,0.1,"fixed_11",0.392,0.015438134602341,0.392,0,1.51880517690018,-0.00321181538037539,-0.0321181538037539,0.058769354532682,0.0588277056597781,0.939,0.224118072724775,1,1000,1000,26.23915,2.5498251817666,0,20260709,1000
60,7,5,0,Inf,0.75,0,0.3,0,"fixed",11,0.2,0.3,0.1,"fixed_11",0.602,0.0154788888490098,0.602,0,1.31727810582013,0.00184692553234653,0.0184692553234653,0.0473848487026799,0.0473971486126678,0.941,0.180661645177208,1,1000,1000,26.2377166666667,2.56495223984894,0,20260709,1000
90,7,5,0,Inf,0.75,0,0.3,0,"fixed",11,0.2,0.3,0.1,"fixed_11",0.752,0.0136563538325572,0.752,0,1.14863572829716,-0.000506906798906095,-0.00506906798906095,0.0372303331615574,0.037215165781117,0.946,0.14757917069799,1,1000,1000,26.2461333333333,2.55889287796656,0,20260709,1000
120,7,5,0,Inf,0.75,0,0.3,0,"fixed",11,0.2,0.3,0.1,"fixed_11",0.871,0.0105999528300837,0.871,0,1.08681633401093,0.000678539697941974,0.00678539697941974,0.0324958493210289,0.0324866843336404,0.953,0.127669678399556,1,1000,1000,26.2540416666667,2.54987684852389,8.33333333333338e-06,20260709,1000
150,7,5,0,Inf,0.75,0,0.3,0,"fixed",11,0.2,0.3,0.1,"fixed_11",0.909,0.00909499862561837,0.909,0,1.03826380383818,-0.00146990241712387,-0.0146990241712387,0.0292777269525454,0.029299978213783,0.95,0.113936827509864,1,1000,1000,26.2536733333333,2.55754743272113,0,20260709,1000
20,8,5,0,Inf,0.75,0,0.3,0,"fixed",11,0.2,0.3,0.1,"fixed_11",0.269269269269269,0.0140342541727963,0.269,0.0037037037037037,1.93257988921081,-0.00285408570799595,-0.0285408570799595,0.0847486061110126,0.0847542478418317,0.927927927927928,0.314707398680384,0.999,999,1000,30.01075,2.67303768522628,0,20260709,1000
40,8,5,0,Inf,0.75,0,0.3,0,"fixed",11,0.2,0.3,0.1,"fixed_11",0.448,0.0157256478403912,0.448,0.0022271714922049,1.47323159205569,-0.00234815493236881,-0.0234815493236881,0.0599360257453775,0.0599520532305175,0.923,0.218452362538495,1,1000,1000,29.982875,2.72483306430788,0,20260709,1000
60,8,5,0,Inf,0.75,0,0.3,0,"fixed",11,0.2,0.3,0.1,"fixed_11",0.631,0.0152590628807932,0.631,0,1.27554064008272,0.00106917644574586,0.0106917644574586,0.0454803568511948,0.0454701829194127,0.952,0.177206888718732,1,1000,1000,30.00985,2.72411808737664,0,20260709,1000
90,8,5,0,Inf,0.75,0,0.3,0,"fixed",11,0.2,0.3,0.1,"fixed_11",0.789,0.0129026741414329,0.789,0,1.15027828560884,0.00179133420818414,0.0179133420818414,0.0366896098775121,0.0367149863643782,0.943,0.144276915230329,1,1000,1000,30.0025,2.73476565704535,0,20260709,1000
120,8,5,0,Inf,0.75,0,0.3,0,"fixed",11,0.2,0.3,0.1,"fixed_11",0.873,0.0105295299040366,0.873,0,1.06256322816332,-0.00139191303220511,-0.0139191303220511,0.0325575296491856,0.0325710019190378,0.939,0.125012227416264,1,1000,1000,30.0010333333333,2.73412945208517,0,20260709,1000
150,8,5,0,Inf,0.75,0,0.3,0,"fixed",11,0.2,0.3,0.1,"fixed_11",0.937,0.00768316341099159,0.937,0,1.02194205923212,-0.00139566780341123,-0.0139566780341123,0.0280586672275653,0.0280793412742916,0.963,0.111711222916324,1,1000,1000,30.00456,2.7343109025291,0,20260709,1000
20,1,6,0,Inf,0.75,0,0.3,0,"fixed",11,0.2,0.3,0.1,"fixed_11",0.135838150289017,0.0184191835169438,0.047,0,3.36637536468527,0.0104216274524392,0.104216274524392,0.150925479316936,0.151067126834027,0.947976878612717,0.593749604753006,0.346,346,1000,4.4968,1.05335337051746,1,20260709,1000
40,1,6,0,Inf,0.75,0,0.3,0,"fixed",11,0.2,0.3,0.1,"fixed_11",0.247588424437299,0.0244744368588151,0.077,0.0128205128205128,2.26122619201784,0.00755932644367723,0.0755932644367723,0.100334875401422,0.100458252934865,0.929260450160772,0.366816746951969,0.311,311,1000,4.501925,1.05188172924227,1,20260709,1000
60,1,6,0,Inf,0.75,0,0.3,0,"fixed",11,0.2,0.3,0.1,"fixed_11",0.319298245614035,0.0276155864940426,0.091,0,1.72806965006074,-0.0037016080047659,-0.037016080047659,0.0741404574606406,0.0741027819361141,0.929824561403509,0.270888305713311,0.285,285,1000,4.49838333333333,1.05742557462725,1,20260709,1000
90,1,6,0,Inf,0.75,0,0.3,0,"fixed",11,0.2,0.3,0.1,"fixed_11",0.405511811023622,0.0308075038246426,0.103,0,1.37177698644775,-0.00973262785028434,-0.0973262785028434,0.053745097210201,0.0545150193258706,0.956692913385827,0.213254702863628,0.254,254,1000,4.50066666666667,1.05768192364437,1,20260709,1000
120,1,6,0,Inf,0.75,0,0.3,0,"fixed",11,0.2,0.3,0.1,"fixed_11",0.439130434782609,0.0327238043944244,0.101,0,1.25396658499987,-0.0176103704446489,-0.176103704446489,0.0501527127126745,0.0530517075709391,0.891304347826087,0.175220859496879,0.23,230,1000,4.49735,1.05559773993333,1,20260709,1000
150,1,6,0,Inf,0.75,0,0.3,0,"fixed",11,0.2,0.3,0.1,"fixed_11",0.58091286307054,0.0317833112468839,0.14,0,1.10737516500386,-0.0134051214358113,-0.134051214358113,0.0395784553607344,0.0417091308922598,0.946058091286307,0.15745560644115,0.241,241,1000,4.49752666666667,1.06006023495175,1,20260709,1000
20,2,6,0,Inf,0.75,0,0.3,0,"fixed",11,0.2,0.3,0.1,"fixed_11",0.191990577149588,0.0135174360827526,0.163,0,2.43088908283651,0.002024545968088,0.02024545968088,0.112826121207112,0.112777828565946,0.923439340400471,0.428704334812656,0.849,849,1000,9.0084,1.4789438627589,0.60835,20260709,1000
40,2,6,0,Inf,0.75,0,0.3,0,"fixed",11,0.2,0.3,0.1,"fixed_11",0.292260692464358,0.0145132982107369,0.287,0,1.89965182440486,0.00675003538617844,0.0675003538617844,0.0748226984077933,0.0750886017951314,0.936863543788187,0.295038712913784,0.982,982,1000,8.99655,1.5013625185375,0.6088,20260709,1000
60,2,6,0,Inf,0.75,0,0.3,0,"fixed",11,0.2,0.3,0.1,"fixed_11",0.457286432160804,0.0157931207949749,0.455,0.00219298245614035,1.61663505608366,0.00881738910887987,0.0881738910887987,0.0625531954056048,0.0631404469501787,0.939698492462312,0.237655674518966,0.995,995,1000,8.99876666666667,1.49322910781883,0.6101,20260709,1000
90,2,6,0,Inf,0.75,0,0.3,0,"fixed",11,0.2,0.3,0.1,"fixed_11",0.565,0.0156772127624779,0.565,0.00176678445229682,1.3862739259388,0.00384331602652445,0.0384331602652445,0.0510842408576585,0.0512031360603919,0.947,0.193359975563726,1,1000,1000,9.00482222222222,1.49774906199406,0.606777777777778,20260709,1000
120,2,6,0,Inf,0.75,0,0.3,0,"fixed",11,0.2,0.3,0.1,"fixed_11",0.681,0.0147390298188178,0.681,0,1.26838740346938,0.00401338314757974,0.0401338314757974,0.0442598661839715,0.0444194108826053,0.931,0.166803072662901,1,1000,1000,8.99741666666667,1.50036973824121,0.61055,20260709,1000
150,2,6,0,Inf,0.75,0,0.3,0,"fixed",11,0.2,0.3,0.1,"fixed_11",0.8,0.0126491106406735,0.8,0,1.19904845657234,0.00708745930196145,0.0708745930196145,0.037339571019316,0.0379879112310693,0.952,0.149363972879859,1,1000,1000,8.9981,1.5005759185168,0.609733333333333,20260709,1000
20,3,6,0,Inf,0.75,0,0.3,0,"fixed",11,0.2,0.3,0.1,"fixed_11",0.193037974683544,0.0128186932911936,0.183,0.0213903743315508,2.2499382321092,-0.00374968120142027,-0.0374968120142027,0.098252707012276,0.0982724347304958,0.935654008438819,0.374538977409327,0.948,948,1000,13.51985,1.81290229347123,0.0182,20260709,1000
40,3,6,0,Inf,0.75,0,0.3,0,"fixed",11,0.2,0.3,0.1,"fixed_11",0.352705410821643,0.0151248744673828,0.352,0,1.69778981395175,0.00340642762584309,0.0340642762584309,0.0653826092347194,0.0654385657469262,0.935871743486974,0.256922871037967,0.998,998,1000,13.4912,1.83774463251036,0.021125,20260709,1000
60,3,6,0,Inf,0.75,0,0.3,0,"fixed",11,0.2,0.3,0.1,"fixed_11",0.468,0.0157789733506334,0.468,0.00213219616204691,1.44293737076399,0.000658940958641538,0.00658940958641538,0.0540943479232678,0.0540713092309894,0.937,0.210422550111787,1,1000,1000,13.4921,1.81858978370493,0.0184,20260709,1000
90,3,6,0,Inf,0.75,0,0.3,0,"fixed",11,0.2,0.3,0.1,"fixed_11",0.669,0.0148808265899445,0.669,0,1.28644374716649,0.00552159332111221,0.0552159332111221,0.0435013382856026,0.0438287811718458,0.952,0.169850930929821,1,1000,1000,13.5137222222222,1.83432190406464,0.0188222222222222,20260709,1000
120,3,6,0,Inf,0.75,0,0.3,0,"fixed",11,0.2,0.3,0.1,"fixed_11",0.767,0.0133682833602524,0.767,0,1.164723609131,0.00169785537868997,0.0169785537868997,0.0370186331373193,0.0370390541596708,0.952,0.14770944578839,1,1000,1000,13.4875416666667,1.83911490794106,0.0192416666666667,20260709,1000
150,3,6,0,Inf,0.75,0,0.3,0,"fixed",11,0.2,0.3,0.1,"fixed_11",0.854,0.0111661989951818,0.854,0,1.13299874381778,0.00388542139201707,0.0388542139201707,0.0341386041619916,0.0343420347275546,0.934,0.131395855087484,1,1000,1000,13.4941866666667,1.83186313370811,0.0188733333333333,20260709,1000
20,4,6,0,Inf,0.75,0,0.3,0,"fixed",11,0.2,0.3,0.1,"fixed_11",0.238289205702648,0.0135953845404497,0.234,0,2.05159252324994,-0.00134210147751575,-0.0134210147751575,0.0922783811595126,0.092241148525183,0.923625254582485,0.348868814837245,0.982,982,1000,18.0047,2.09086709190305,4.99999999999996e-05,20260709,1000
40,4,6,0,Inf,0.75,0,0.3,0,"fixed",11,0.2,0.3,0.1,"fixed_11",0.395395395395395,0.0154692331377281,0.395,0,1.58198315654272,0.00078542623215834,0.0078542623215834,0.0605762449142685,0.0605510131019877,0.948948948948949,0.238027335636416,0.999,999,1000,18.000475,2.1191431511239,7.50000000000007e-05,20260709,1000
60,4,6,0,Inf,0.75,0,0.3,0,"fixed",11,0.2,0.3,0.1,"fixed_11",0.532,0.0157789733506334,0.532,0,1.39137157816159,0.00269743441602818,0.0269743441602818,0.0505090831019519,0.0505558350811542,0.946,0.195458577323956,1,1000,1000,18.0009,2.10841176670385,6.66666666666669e-05,20260709,1000
90,4,6,0,Inf,0.75,0,0.3,0,"fixed",11,0.2,0.3,0.1,"fixed_11",0.695,0.0145593612497252,0.695,0,1.21696278356787,0.00126278433221551,0.0126278433221551,0.0417858159684626,0.0417840039489247,0.934,0.158789655851346,1,1000,1000,17.9924555555556,2.11041646394776,0.000177777777777778,20260709,1000
120,4,6,0,Inf,0.75,0,0.3,0,"fixed",11,0.2,0.3,0.1,"fixed_11",0.826,0.0119884944842962,0.826,0,1.10810023816396,0.000611450843233191,0.00611450843233191,0.0332558449874318,0.0332448363920768,0.962,0.137724233168579,1,1000,1000,17.99865,2.12220656609989,8.33333333333333e-05,20260709,1000
150,4,6,0,Inf,0.75,0,0.3,0,"fixed",11,0.2,0.3,0.1,"fixed_11",0.896,0.00965318600255895,0.896,0,1.08095740470035,0.00185496871823812,0.0185496871823812,0.0303796521807167,0.0304210659297196,0.953,0.123055391959753,1,1000,1000,17.9980333333333,2.11803319478325,0.00012,20260709,1000
20,5,6,0,Inf,0.75,0,0.3,0,"fixed",11,0.2,0.3,0.1,"fixed_11",0.237134207870838,0.0135109021019615,0.235,0.0126050420168067,1.99012480932406,-0.00307879786458326,-0.0307879786458326,0.0887643183860019,0.0887729269240488,0.921291624621594,0.336021786058286,0.991,991,1000,22.49885,2.34030271958257,0,20260709,1000
40,5,6,0,Inf,0.75,0,0.3,0,"fixed",11,0.2,0.3,0.1,"fixed_11",0.44,0.0156971334962789,0.44,0,1.54521327201409,0.00299766789817371,0.0299766789817371,0.060082394377882,0.060127117284075,0.934,0.227619255827556,1,1000,1000,22.5262,2.34961009125584,0,20260709,1000
60,5,6,0,Inf,0.75,0,0.3,0,"fixed",11,0.2,0.3,0.1,"fixed_11",0.558,0.0157046489932122,0.558,0,1.32348828783024,0.000467812685804411,0.00467812685804411,0.0462620765086321,0.0462413061220878,0.956,0.186770253788315,1,1000,1000,22.4928833333333,2.36917594109775,0,20260709,1000
90,5,6,0,Inf,0.75,0,0.3,0,"fixed",11,0.2,0.3,0.1,"fixed_11",0.735,0.0139561814261638,0.735,0.00135869565217391,1.16614046303511,-0.000116104964876268,-0.00116104964876268,0.0385691661394108,0.0385500515755252,0.949,0.152042579278151,1,1000,1000,22.4957333333333,2.3677683005296,0,20260709,1000
120,5,6,0,Inf,0.75,0,0.3,0,"fixed",11,0.2,0.3,0.1,"fixed_11",0.852,0.0112292475259921,0.852,0,1.07600655559583,-0.000884610376638076,-0.00884610376638076,0.0318769389513063,0.0318732745915266,0.957,0.131536465566686,1,1000,1000,22.48575,2.36432154387039,0,20260709,1000
150,5,6,0,Inf,0.75,0,0.3,0,"fixed",11,0.2,0.3,0.1,"fixed_11",0.911,0.00900438781928011,0.911,0,1.03453207036675,-0.00179742049775254,-0.0179742049775254,0.0294226087622858,0.0294627720508085,0.956,0.116687223899509,1,1000,1000,22.5003266666667,2.36738988896024,6.66666666666662e-06,20260709,1000
20,6,6,0,Inf,0.75,0,0.3,0,"fixed",11,0.2,0.3,0.1,"fixed_11",0.253521126760563,0.0137982066985239,0.252,0,1.91392881090049,-0.00248644022628786,-0.0248644022628786,0.0812470033530327,0.0812441814394501,0.933601609657948,0.320674763553653,0.994,994,1000,26.99835,2.57580206382734,0,20260709,1000
40,6,6,0,Inf,0.75,0,0.3,0,"fixed",11,0.2,0.3,0.1,"fixed_11",0.441,0.0157009235397157,0.441,0.00226244343891403,1.49565735457536,-0.00152361888546498,-0.0152361888546498,0.0590921959691851,0.0590822913515061,0.941,0.22286355161748,1,1000,1000,27.007225,2.57335339735334,0,20260709,1000
60,6,6,0,Inf,0.75,0,0.3,0,"fixed",11,0.2,0.3,0.1,"fixed_11",0.573,0.0156419627924375,0.573,0,1.28110671164205,-0.00340825872176846,-0.0340825872176846,0.0473925683110215,0.0474913223978679,0.935,0.179705287047045,1,1000,1000,27.0082,2.57987406421441,0,20260709,1000
90,6,6,0,Inf,0.75,0,0.3,0,"fixed",11,0.2,0.3,0.1,"fixed_11",0.77,0.0133078923951165,0.77,0,1.16766988281936,0.0018325646660744,0.018325646660744,0.0381344256271409,0.0381593825519933,0.949,0.146815157960863,1,1000,1000,27.0080222222222,2.59547810552352,0,20260709,1000
120,6,6,0,Inf,0.75,0,0.3,0,"fixed",11,0.2,0.3,0.1,"fixed_11",0.879,0.0103130499853341,0.879,0,1.07567428260231,0.000237292072832324,0.00237292072832324,0.0326131359944578,0.0325976890328354,0.947,0.127111718146027,1,1000,1000,27.0003333333333,2.5909995379609,0,20260709,1000
150,6,6,0,Inf,0.75,0,0.3,0,"fixed",11,0.2,0.3,0.1,"fixed_11",0.924,0.00837997613361756,0.924,0,1.03764934318468,-0.000717979689296974,-0.00717979689296974,0.0287112906931862,0.0287059117585492,0.955,0.113543143585152,1,1000,1000,27.0013466666667,2.59211532486291,0,20260709,1000
20,7,6,0,Inf,0.75,0,0.3,0,"fixed",11,0.2,0.3,0.1,"fixed_11",0.246246246246246,0.0136306576247503,0.246,0.00806451612903226,1.86242139444547,-0.00375261491283355,-0.0375261491283355,0.0794076388469747,0.0794565500191353,0.93993993993994,0.313481066266493,0.999,999,1000,31.48075,2.76573704737777,0,20260709,1000
40,7,6,0,Inf,0.75,0,0.3,0,"fixed",11,0.2,0.3,0.1,"fixed_11",0.463,0.0157680372906713,0.463,0,1.47059149629555,0.00216945720124438,0.0216945720124438,0.0547363238625596,0.0547519463524819,0.953,0.216829122101181,1,1000,1000,31.506825,2.78771679195932,0,20260709,1000
60,7,6,0,Inf,0.75,0,0.3,0,"fixed",11,0.2,0.3,0.1,"fixed_11",0.621,0.0153414145371279,0.621,0,1.27962047428232,0.000890348899095519,0.00890348899095519,0.0453478556666286,0.0453339200457002,0.943,0.17606224280482,1,1000,1000,31.49575,2.81304041020819,0,20260709,1000
90,7,6,0,Inf,0.75,0,0.3,0,"fixed",11,0.2,0.3,0.1,"fixed_11",0.798,0.0126962986732354,0.798,0,1.13996704891429,0.00154633428605645,0.0154633428605645,0.0361793731788386,0.0361943261616277,0.958,0.143800333716215,1,1000,1000,31.5095777777778,2.80347665456115,0,20260709,1000
120,7,6,0,Inf,0.75,0,0.3,0,"fixed",11,0.2,0.3,0.1,"fixed_11",0.87,0.0106348483769163,0.87,0,1.05283235928858,-0.00222826048113682,-0.0222826048113682,0.0315102762766743,0.0315732443422134,0.945,0.124358859461871,1,1000,1000,31.4996416666667,2.79074795002303,0,20260709,1000
150,7,6,0,Inf,0.75,0,0.3,0,"fixed",11,0.2,0.3,0.1,"fixed_11",0.942,0.00739161687318817,0.942,0,1.0357165240078,0.000160818740897281,0.00160818740897281,0.0282142733956845,0.0282006212819968,0.95,0.110096660175058,1,1000,1000,31.49652,2.79756932573518,0,20260709,1000
20,8,6,0,Inf,0.75,0,0.3,0,"fixed",11,0.2,0.3,0.1,"fixed_11",0.255,0.0137831418769452,0.255,0.00390625,1.87647403370288,-0.00267022856787341,-0.0267022856787341,0.0798322127681265,0.0798369534355155,0.931,0.312057384215215,1,1000,1000,36.0058,2.96205577497341,0,20260709,1000
40,8,6,0,Inf,0.75,0,0.3,0,"fixed",11,0.2,0.3,0.1,"fixed_11",0.425,0.0156324982008635,0.425,0.00234741784037559,1.43597734895011,-0.00402447363549367,-0.0402447363549367,0.0549347738334366,0.0550545904970465,0.943,0.214891226024563,1,1000,1000,36.0006,2.982655389454,0,20260709,1000
60,8,6,0,Inf,0.75,0,0.3,0,"fixed",11,0.2,0.3,0.1,"fixed_11",0.614,0.015394934231753,0.614,0,1.24914273481381,-0.0013083935064197,-0.013083935064197,0.0430764491685766,0.0430747813235034,0.948,0.17419382390709,1,1000,1000,35.9996,2.98557568358102,0,20260709,1000
90,8,6,0,Inf,0.75,0,0.3,0,"fixed",11,0.2,0.3,0.1,"fixed_11",0.797,0.0127197091161709,0.797,0,1.13714518326638,0.000898022289942707,0.00898022289942707,0.036668533789588,0.0366611951924799,0.942,0.141031567756008,1,1000,1000,36.0000111111111,2.98951132543482,0,20260709,1000
120,8,6,0,Inf,0.75,0,0.3,0,"fixed",11,0.2,0.3,0.1,"fixed_11",0.888,0.00997276290703835,0.888,0,1.0546548692167,-0.00110933421290466,-0.0110933421290466,0.0304674875572064,0.0304724490752942,0.95,0.121710637972194,1,1000,1000,35.9911333333333,2.98848356000587,0,20260709,1000
150,8,6,0,Inf,0.75,0,0.3,0,"fixed",11,0.2,0.3,0.1,"fixed_11",0.943,0.00733150734842434,0.943,0,1.01071358636021,-0.00250565696389191,-0.0250565696389191,0.0276979013959466,0.0277972100186069,0.939,0.108607333808218,1,1000,1000,36.00638,2.99730568735268,0,20260709,1000
20,1,10,0,Inf,0.75,0,0.3,0,"fixed",11,0.2,0.3,0.1,"fixed_11",0.183833116036506,0.0139863269739666,0.141,0.00704225352112676,2.74560810064733,0.00817089726220976,0.0817089726220976,0.122209422739726,0.12240275492524,0.924380704041721,0.459567649332,0.767,767,1000,7.5221,1.34313796017398,0.94185,20260709,1000
40,1,10,0,Inf,0.75,0,0.3,0,"fixed",11,0.2,0.3,0.1,"fixed_11",0.311602209944751,0.0153955677306294,0.282,0.00353356890459364,1.98634091768551,0.00399667184252507,0.0399667184252507,0.0881146944257218,0.0881566420284248,0.907182320441989,0.306995899698929,0.905,905,1000,7.49865,1.35870678378874,0.9454,20260709,1000
60,1,10,0,Inf,0.75,0,0.3,0,"fixed",11,0.2,0.3,0.1,"fixed_11",0.376569037656904,0.0156706691592476,0.36,0,1.69484949339698,0.00537880371024545,0.0537880371024545,0.0658861227034194,0.0660709612384011,0.923640167364017,0.250621180392265,0.956,956,1000,7.49845,1.36824245277483,0.9438,20260709,1000
90,1,10,0,Inf,0.75,0,0.3,0,"fixed",11,0.2,0.3,0.1,"fixed_11",0.523219814241486,0.016044984499264,0.507,0,1.43235677460221,0.00437273650793692,0.0437273650793692,0.053090105940469,0.0532425717200059,0.937048503611971,0.202568347166811,0.969,969,1000,7.49363333333333,1.36694229027309,0.944544444444444,20260709,1000
120,1,10,0,Inf,0.75,0,0.3,0,"fixed",11,0.2,0.3,0.1,"fixed_11",0.634419551934827,0.0153682358179609,0.623,0,1.30821912850527,0.00422986678533302,0.0422986678533302,0.0457069159825698,0.0458790423397112,0.937881873727088,0.175297657977492,0.982,982,1000,7.49869166666667,1.36663455502437,0.943625,20260709,1000
150,1,10,0,Inf,0.75,0,0.3,0,"fixed",11,0.2,0.3,0.1,"fixed_11",0.724974721941355,0.014198732996047,0.717,0,1.23654263236748,0.00526697636623609,0.0526697636623609,0.040757964826756,0.0410764293554564,0.946410515672396,0.157076139391004,0.989,989,1000,7.50054,1.36658094135118,0.943806666666667,20260709,1000
20,2,10,0,Inf,0.75,0,0.3,0,"fixed",11,0.2,0.3,0.1,"fixed_11",0.220833333333333,0.0133878821227064,0.212,0.00469483568075117,2.25613037271567,0.00267135582163108,0.0267135582163108,0.0980126639476219,0.097998018774083,0.919791666666667,0.365702295806234,0.96,960,1000,14.98185,1.92353982659268,0.0045,20260709,1000
40,2,10,0,Inf,0.75,0,0.3,0,"fixed",11,0.2,0.3,0.1,"fixed_11",0.369369369369369,0.0152698659833082,0.369,0,1.63922080217372,0.00194218644553905,0.0194218644553905,0.0642733508633584,0.0642705260641578,0.950950950950951,0.251943550279265,0.999,999,1000,15.004775,1.92000882597756,0.003975,20260709,1000
60,2,10,0,Inf,0.75,0,0.3,0,"fixed",11,0.2,0.3,0.1,"fixed_11",0.51,0.0158082257068907,0.51,0,1.41072087848063,0.0017367726157524,0.017367726157524,0.0524672762267923,0.0524697878659967,0.945,0.204224797238569,1,1000,1000,15.0101833333333,1.93201588232076,0.00385,20260709,1000
90,2,10,0,Inf,0.75,0,0.3,0,"fixed",11,0.2,0.3,0.1,"fixed_11",0.691,0.0146122893483533,0.691,0,1.23318715309655,0.00229422681277978,0.0229422681277978,0.0421221102666917,0.0421635076554892,0.94,0.165463252836602,1,1000,1000,14.9994,1.93103890723694,0.00384444444444445,20260709,1000
120,2,10,0,Inf,0.75,0,0.3,0,"fixed",11,0.2,0.3,0.1,"fixed_11",0.784,0.0130132240432569,0.784,0,1.13728954866925,0.00022784988956738,0.0022784988956738,0.0362103292503417,0.03619293677012,0.954,0.14350494118919,1,1000,1000,15.0017083333333,1.94008206777995,0.004175,20260709,1000
150,2,10,0,Inf,0.75,0,0.3,0,"fixed",11,0.2,0.3,0.1,"fixed_11",0.858,0.0110379345894058,0.858,0,1.09915114651164,0.00123560352188375,0.0123560352188375,0.0326430780679214,0.0326501407541523,0.95,0.128147606077522,1,1000,1000,14.9942666666667,1.93221264699146,0.00408,20260709,1000
20,3,10,0,Inf,0.75,0,0.3,0,"fixed",11,0.2,0.3,0.1,"fixed_11",0.254288597376387,0.0138328608382894,0.252,0.00395256916996047,2.01328076457807,0.00272261256992869,0.0272261256992869,0.0862340680295267,0.086233539061063,0.93037336024218,0.33308787660985,0.991,991,1000,22.4819,2.32136309638242,0,20260709,1000
40,3,10,0,Inf,0.75,0,0.3,0,"fixed",11,0.2,0.3,0.1,"fixed_11",0.407,0.0155354755318271,0.407,0,1.53868261557053,0.000850011548171131,0.00850011548171131,0.0589199071142041,0.0588965739115962,0.943,0.233738656525568,1,1000,1000,22.478475,2.35660974660902,0,20260709,1000
60,3,10,0,Inf,0.75,0,0.3,0,"fixed",11,0.2,0.3,0.1,"fixed_11",0.559,0.0157009235397157,0.559,0,1.32387956500385,4.88389009131174e-05,0.000488389009131174,0.0479648232442298,0.0479408597108938,0.944,0.18589073024549,1,1000,1000,22.4992833333333,2.36036087681733,0,20260709,1000
90,3,10,0,Inf,0.75,0,0.3,0,"fixed",11,0.2,0.3,0.1,"fixed_11",0.736,0.0139392969693597,0.736,0,1.18836693323774,0.00163728297561097,0.0163728297561097,0.0395583608537138,0.0395724619535029,0.94,0.152012562830927,1,1000,1000,22.4970555555556,2.36610078759221,0,20260709,1000
120,3,10,0,Inf,0.75,0,0.3,0,"fixed",11,0.2,0.3,0.1,"fixed_11",0.823,0.0120694241784768,0.823,0,1.11007807671263,0.000308577909076097,0.00308577909076097,0.0349038517288803,0.0348877601311996,0.947,0.131603077286767,1,1000,1000,22.498725,2.37200858502343,0,20260709,1000
150,3,10,0,Inf,0.75,0,0.3,0,"fixed",11,0.2,0.3,0.1,"fixed_11",0.923,0.00843036179532053,0.923,0,1.05686507544151,0.00116326224061644,0.0116326224061644,0.0298029892866084,0.0298107888404135,0.946,0.117044521982899,1,1000,1000,22.4860133333333,2.36668166840212,0,20260709,1000
20,4,10,0,Inf,0.75,0,0.3,0,"fixed",11,0.2,0.3,0.1,"fixed_11",0.264853977844914,0.0140028175939209,0.263,0,1.92783550837572,0.00170348730269133,0.0170348730269133,0.0812188124874335,0.081195778057619,0.943605236656596,0.319584096418716,0.993,993,1000,29.99715,2.7157290985929,0,20260709,1000
40,4,10,0,Inf,0.75,0,0.3,0,"fixed",11,0.2,0.3,0.1,"fixed_11",0.431,0.0156601085564564,0.431,0,1.49754594912652,-0.000710594951107826,-0.00710594951107826,0.0580292438209566,0.0580045747374993,0.944,0.221032324655859,1,1000,1000,30.002,2.71214475430712,0,20260709,1000
60,4,10,0,Inf,0.75,0,0.3,0,"fixed",11,0.2,0.3,0.1,"fixed_11",0.604,0.0154655746740947,0.604,0,1.30762645153616,0.00238387660498733,0.0238387660498733,0.0461944180430634,0.0462328152046441,0.936,0.177786005605375,1,1000,1000,30.0002833333333,2.73714781398372,0,20260709,1000
90,4,10,0,Inf,0.75,0,0.3,0,"fixed",11,0.2,0.3,0.1,"fixed_11",0.775,0.0132051126462443,0.775,0,1.14094577239808,0.000522693741580343,0.00522693741580343,0.0359573046573541,0.0359431222796663,0.954,0.144086406030019,1,1000,1000,29.9938777777778,2.73397126508035,0,20260709,1000
120,4,10,0,Inf,0.75,0,0.3,0,"fixed",11,0.2,0.3,0.1,"fixed_11",0.865,0.0108062481925967,0.865,0,1.05762855887433,-0.00203589649866875,-0.0203589649866875,0.0311246094765589,0.031175590584727,0.949,0.124555432244465,1,1000,1000,29.9989333333333,2.73206277050907,0,20260709,1000
150,4,10,0,Inf,0.75,0,0.3,0,"fixed",11,0.2,0.3,0.1,"fixed_11",0.924,0.00837997613361756,0.924,0,1.04446166461048,-0.000138203549351387,-0.00138203549351387,0.0290152263134759,0.0290010443757679,0.954,0.111097418138191,1,1000,1000,29.996,2.7397365766757,0,20260709,1000
20,5,10,0,Inf,0.75,0,0.3,0,"fixed",11,0.2,0.3,0.1,"fixed_11",0.277277277277277,0.0141631629224176,0.277,0.00359712230215827,1.88699842191864,-0.00046165232978318,-0.0046165232978318,0.0809920209796847,0.0809527906344875,0.932932932932933,0.308508327931862,0.999,999,1000,37.48075,3.02838577138249,0,20260709,1000
40,5,10,0,Inf,0.75,0,0.3,0,"fixed",11,0.2,0.3,0.1,"fixed_11",0.434,0.0156730341670016,0.434,0,1.44041669519962,-0.00330580915778982,-0.0330580915778982,0.0549806373695737,0.0550524839518321,0.939,0.211012259912361,1,1000,1000,37.5223,3.03945942454921,0,20260709,1000
60,5,10,0,Inf,0.75,0,0.3,0,"fixed",11,0.2,0.3,0.1,"fixed_11",0.624,0.015317441039547,0.624,0,1.25823076459219,0.000377886777653116,0.00377886777653116,0.0426430335237558,0.0426233818251999,0.96,0.173821960203917,1,1000,1000,37.5010166666667,3.03212439333916,0,20260709,1000
90,5,10,0,Inf,0.75,0,0.3,0,"fixed",11,0.2,0.3,0.1,"fixed_11",0.797,0.0127197091161709,0.797,0,1.12343216071506,0.000132164755973163,0.00132164755973163,0.0348042575573332,0.0347871021399569,0.952,0.140357594678232,1,1000,1000,37.4916888888889,3.06155466753069,0,20260709,1000
120,5,10,0,Inf,0.75,0,0.3,0,"fixed",11,0.2,0.3,0.1,"fixed_11",0.899,0.00952885092757778,0.899,0,1.05448732953378,-0.000425796746472765,-0.00425796746472765,0.0299354478618872,0.0299235059864713,0.954,0.121144527001598,1,1000,1000,37.4973416666667,3.05119589745859,0,20260709,1000
150,5,10,0,Inf,0.75,0,0.3,0,"fixed",11,0.2,0.3,0.1,"fixed_11",0.943,0.00733150734842434,0.943,0,1.02967610373363,-0.000371999921062557,-0.00371999921062557,0.0278575041103341,0.027846056788409,0.95,0.108159672031062,1,1000,1000,37.4881533333333,3.04522204454554,0,20260709,1000
20,6,10,0,Inf,0.75,0,0.3,0,"fixed",11,0.2,0.3,0.1,"fixed_11",0.292292292292292,0.0143897384525064,0.292,0.0101694915254237,1.8594341948561,-0.00416147255405305,-0.0416147255405305,0.0842968201620364,0.0843573273420422,0.916916916916917,0.300596090355433,0.999,999,1000,44.9956,3.30338278227869,0,20260709,1000
40,6,10,0,Inf,0.75,0,0.3,0,"fixed",11,0.2,0.3,0.1,"fixed_11",0.473,0.0157883184665119,0.473,0,1.43103051914964,-0.00127672895667394,-0.0127672895667394,0.0554784672363234,0.0554654171839871,0.933,0.208819759608686,1,1000,1000,44.970075,3.33697513007341,0,20260709,1000
60,6,10,0,Inf,0.75,0,0.3,0,"fixed",11,0.2,0.3,0.1,"fixed_11",0.63,0.0152676127799994,0.63,0,1.22727910552446,-0.00182737022487107,-0.0182737022487107,0.0420721995201781,0.0420908444252661,0.943,0.16840155075098,1,1000,1000,44.9779666666667,3.33597250761943,0,20260709,1000
90,6,10,0,Inf,0.75,0,0.3,0,"fixed",11,0.2,0.3,0.1,"fixed_11",0.821,0.0121226647235664,0.821,0,1.09758485117442,-0.000841207942622393,-0.00841207942622393,0.0342406876663239,0.034233899835888,0.952,0.138242200127217,1,1000,1000,44.9836222222222,3.35028083609225,0,20260709,1000
120,6,10,0,Inf,0.75,0,0.3,0,"fixed",11,0.2,0.3,0.1,"fixed_11",0.898,0.00957057991973318,0.898,0,1.04627449691435,-0.00138924041856257,-0.0138924041856257,0.0297707801232356,0.0297883037237346,0.955,0.118827836439954,1,1000,1000,44.9789166666667,3.350722010757,0,20260709,1000
150,6,10,0,Inf,0.75,0,0.3,0,"fixed",11,0.2,0.3,0.1,"fixed_11",0.952,0.00675988165576884,0.952,0,1.0299862228367,0.000255354383127626,0.00255354383127626,0.0267290605747967,0.0267169130401123,0.954,0.106066650220984,1,1000,1000,44.9867933333333,3.34988845465974,0,20260709,1000
20,7,10,0,Inf,0.75,0,0.3,0,"fixed",11,0.2,0.3,0.1,"fixed_11",0.271,0.014055568291606,0.271,0,1.83202358081595,-0.00108894503045578,-0.0108894503045578,0.0769897352476365,0.0769589352541147,0.93,0.298504344428722,1,1000,1000,52.45735,3.5831331553046,0,20260709,1000
40,7,10,0,Inf,0.75,0,0.3,0,"fixed",11,0.2,0.3,0.1,"fixed_11",0.488,0.0158068339650924,0.488,0,1.41568008797614,0.00115115808828205,0.0115115808828205,0.0534490624858557,0.0534347325555253,0.936,0.207959547781597,1,1000,1000,52.511075,3.60839633112109,0,20260709,1000
60,7,10,0,Inf,0.75,0,0.3,0,"fixed",11,0.2,0.3,0.1,"fixed_11",0.681,0.0147390298188178,0.681,0,1.21615556901088,0.000274138757086595,0.00274138757086595,0.0418382324742421,0.0418182066919457,0.952,0.165911817451287,1,1000,1000,52.5118833333333,3.5875231826282,0,20260709,1000
90,7,10,0,Inf,0.75,0,0.3,0,"fixed",11,0.2,0.3,0.1,"fixed_11",0.805,0.0125289664378192,0.805,0,1.09683670570996,-0.0017617967235637,-0.017617967235637,0.0336370934327163,0.0336664005833983,0.959,0.135431813025823,1,1000,1000,52.4993888888889,3.61841827515302,0,20260709,1000
120,7,10,0,Inf,0.75,0,0.3,0,"fixed",11,0.2,0.3,0.1,"fixed_11",0.906,0.00922843432007835,0.906,0,1.03853785167926,-0.00157045763892361,-0.0157045763892361,0.0294680655413279,0.0294951666728111,0.954,0.116894902330481,1,1000,1000,52.482425,3.61633304671743,0,20260709,1000
150,7,10,0,Inf,0.75,0,0.3,0,"fixed",11,0.2,0.3,0.1,"fixed_11",0.955,0.00655553201502365,0.955,0,1.00404329275262,-0.00219754093121902,-0.0219754093121902,0.0262003551551379,0.0262792948495482,0.954,0.104495081249168,1,1000,1000,52.5039133333333,3.62232703942244,0,20260709,1000
20,8,10,0,Inf,0.75,0,0.3,0,"fixed",11,0.2,0.3,0.1,"fixed_11",0.283,0.0142446832186609,0.283,0.00352112676056338,1.81079340854962,-0.000344355157435916,-0.00344355157435916,0.075752179372073,0.0757150768830988,0.928,0.293798637159513,1,1000,1000,60.01755,3.84730534376505,0,20260709,1000
40,8,10,0,Inf,0.75,0,0.3,0,"fixed",11,0.2,0.3,0.1,"fixed_11",0.503,0.015811103693291,0.503,0,1.38472884635403,-0.00122608820723207,-0.0122608820723207,0.0523556954275358,0.0523438727756087,0.942,0.20298493717336,1,1000,1000,59.989925,3.86067138799978,0,20260709,1000
60,8,10,0,Inf,0.75,0,0.3,0,"fixed",11,0.2,0.3,0.1,"fixed_11",0.647,0.0151126106282138,0.647,0,1.21862172544261,-0.00170266242569822,-0.0170266242569822,0.0425260920086595,0.0425389126843098,0.951,0.163638895689914,1,1000,1000,60.0057333333333,3.87082280969322,0,20260709,1000
90,8,10,0,Inf,0.75,0,0.3,0,"fixed",11,0.2,0.3,0.1,"fixed_11",0.828,0.0119338174948337,0.828,0,1.10039995144893,-0.000506528358584557,-0.00506528358584557,0.0342158343560701,0.0342024731319154,0.95,0.133708462566937,1,1000,1000,60.0161222222222,3.84869461248787,0,20260709,1000
120,8,10,0,Inf,0.75,0,0.3,0,"fixed",11,0.2,0.3,0.1,"fixed_11",0.893,0.00977501918156686,0.893,0,1.04900406660614,-0.00130637843722459,-0.0130637843722459,0.0306833917912914,0.0306958577972226,0.937,0.116490703364381,1,1000,1000,59.9771083333333,3.87271850865316,0,20260709,1000
150,8,10,0,Inf,0.75,0,0.3,0,"fixed",11,0.2,0.3,0.1,"fixed_11",0.958,0.00634318531969546,0.958,0,1.01836106782268,-0.000669708277884165,-0.00669708277884165,0.0266659517232924,0.0266610280654201,0.943,0.103975696611466,1,1000,1000,60.0061133333333,3.86562632530581,0,20260709,1000
20,1,17,0,Inf,0.75,0,0.3,0,"fixed",11,0.2,0.3,0.1,"fixed_11",0.208907741251326,0.0132383844080582,0.197,0.00505050505050505,2.34435591517138,0.00179001918482835,0.0179001918482835,0.102346847113104,0.102308226685637,0.938494167550371,0.385628352211324,0.943,943,1000,12.75815,1.76427546841856,0.041,20260709,1000
40,1,17,0,Inf,0.75,0,0.3,0,"fixed",11,0.2,0.3,0.1,"fixed_11",0.37111334002006,0.0153000163522905,0.37,0,1.7420927645489,0.00478878574942017,0.0478878574942017,0.0706835464435403,0.0708102041337274,0.924774322968907,0.262621141215346,0.997,997,1000,12.760125,1.7689231967396,0.039375,20260709,1000
60,1,17,0,Inf,0.75,0,0.3,0,"fixed",11,0.2,0.3,0.1,"fixed_11",0.48,0.0157987341265052,0.48,0,1.47485746796249,0.00350310775079248,0.0350310775079248,0.0554487085303911,0.0555315809456587,0.941,0.214179977589767,1,1000,1000,12.7641833333333,1.77374816504081,0.03935,20260709,1000
90,1,17,0,Inf,0.75,0,0.3,0,"fixed",11,0.2,0.3,0.1,"fixed_11",0.635,0.0152241584332271,0.635,0,1.29414637073704,0.00360919252944725,0.0360919252944725,0.0448700551781553,0.0449926082879581,0.941,0.173617735236547,1,1000,1000,12.7567222222222,1.76987356302653,0.0396333333333333,20260709,1000
120,1,17,0,Inf,0.75,0,0.3,0,"fixed",11,0.2,0.3,0.1,"fixed_11",0.746,0.0137653187394989,0.746,0,1.18029727434451,0.00204031111312628,0.0204031111312628,0.0383949220820916,0.0384299198683336,0.953,0.14975816317615,1,1000,1000,12.7545416666667,1.78071041148072,0.0392583333333333,20260709,1000
150,1,17,0,Inf,0.75,0,0.3,0,"fixed",11,0.2,0.3,0.1,"fixed_11",0.835,0.0117377595817941,0.835,0,1.11594167628996,0.00115183026248906,0.0115183026248906,0.0349099451802362,0.0349114921074451,0.939,0.133629271456279,1,1000,1000,12.7628733333333,1.78032790103195,0.0392933333333333,20260709,1000
20,2,17,0,Inf,0.75,0,0.3,0,"fixed",11,0.2,0.3,0.1,"fixed_11",0.241448692152918,0.0135741210316267,0.24,0.004149377593361,1.96222786751702,-0.00413636714642651,-0.0413636714642651,0.0853897101191067,0.0854469233636319,0.93158953722334,0.320351790735367,0.994,994,1000,25.5147,2.49333660096833,0,20260709,1000
40,2,17,0,Inf,0.75,0,0.3,0,"fixed",11,0.2,0.3,0.1,"fixed_11",0.431,0.0156601085564564,0.431,0,1.47137264756567,-0.00295993773132001,-0.0295993773132001,0.0573011465716812,0.0573489250849931,0.945,0.224512460828465,1,1000,1000,25.50045,2.50167588111037,0,20260709,1000
60,2,17,0,Inf,0.75,0,0.3,0,"fixed",11,0.2,0.3,0.1,"fixed_11",0.579,0.0156127832240123,0.579,0,1.31331057799086,-0.000706163217396444,-0.00706163217396444,0.0490380691504163,0.0490186307465295,0.941,0.181553976428155,1,1000,1000,25.4921666666667,2.50866780927025,0,20260709,1000
90,2,17,0,Inf,0.75,0,0.3,0,"fixed",11,0.2,0.3,0.1,"fixed_11",0.748,0.013729384545565,0.748,0,1.14952203255326,-0.000521332340727737,-0.00521332340727737,0.0364442250331486,0.0364297288507339,0.958,0.148263215062949,1,1000,1000,25.4972111111111,2.51125713686797,0,20260709,1000
120,2,17,0,Inf,0.75,0,0.3,0,"fixed",11,0.2,0.3,0.1,"fixed_11",0.851,0.0112605062053178,0.851,0,1.086276853912,-2.88060275654561e-05,-0.000288060275654561,0.0319824541402819,0.0319664718924317,0.963,0.128935345382447,1,1000,1000,25.4976083333333,2.52106862394614,0,20260709,1000
150,2,17,0,Inf,0.75,0,0.3,0,"fixed",11,0.2,0.3,0.1,"fixed_11",0.927,0.00822623850857729,0.927,0,1.0557488353542,0.00107453201271225,0.0107453201271225,0.0292854336320699,0.0292905036734041,0.944,0.114173473807529,1,1000,1000,25.4940466666667,2.52155925355968,0,20260709,1000
20,3,17,0,Inf,0.75,0,0.3,0,"fixed",11,0.2,0.3,0.1,"fixed_11",0.294,0.0144070815920505,0.294,0.00338983050847458,1.90410745967292,4.284415454954e-05,0.0004284415454954,0.0837077534866387,0.0836659001111425,0.925,0.307347592039233,1,1000,1000,38.2826,3.0450861913852,0,20260709,1000
40,3,17,0,Inf,0.75,0,0.3,0,"fixed",11,0.2,0.3,0.1,"fixed_11",0.464,0.0157703519301251,0.464,0.0021505376344086,1.45166223656892,-0.00102976977083792,-0.0102976977083792,0.0558856723091293,0.0558672138812637,0.945,0.212191999642949,1,1000,1000,38.24035,3.06784622192462,0,20260709,1000
60,3,17,0,Inf,0.75,0,0.3,0,"fixed",11,0.2,0.3,0.1,"fixed_11",0.628,0.0152845019545944,0.628,0,1.24085193206226,-8.5906347328038e-05,-0.00085906347328038,0.0423863085244621,0.0423651971679711,0.947,0.171430284598056,1,1000,1000,38.2621333333333,3.08035445304317,0,20260709,1000
90,3,17,0,Inf,0.75,0,0.3,0,"fixed",11,0.2,0.3,0.1,"fixed_11",0.785,0.012991343271579,0.785,0,1.10612873229632,-0.00224608109665149,-0.0224608109665149,0.034600608415532,0.0346561651213026,0.953,0.13963329943488,1,1000,1000,38.2416111111111,3.0750239592464,0,20260709,1000
120,3,17,0,Inf,0.75,0,0.3,0,"fixed",11,0.2,0.3,0.1,"fixed_11",0.893,0.00977501918156686,0.893,0,1.05059181040101,-0.00126487215540586,-0.0126487215540586,0.0315307804688505,0.0315403840881399,0.94,0.120948144080617,1,1000,1000,38.2542416666667,3.07477049202156,0,20260709,1000
150,3,17,0,Inf,0.75,0,0.3,0,"fixed",11,0.2,0.3,0.1,"fixed_11",0.944,0.00727076337120113,0.944,0,1.02356506820935,-0.000868607839465962,-0.00868607839465962,0.0276188103848381,0.0276186597785872,0.946,0.107592928517064,1,1000,1000,38.2435733333333,3.08877387808671,0,20260709,1000
20,4,17,0,Inf,0.75,0,0.3,0,"fixed",11,0.2,0.3,0.1,"fixed_11",0.29,0.0143492160064583,0.29,0.00343642611683849,1.786661536666,-0.00264373990255071,-0.0264373990255071,0.077673815478695,0.077679970070023,0.934,0.297131322243513,1,1000,1000,51.00195,3.51889968026671,0,20260709,1000
40,4,17,0,Inf,0.75,0,0.3,0,"fixed",11,0.2,0.3,0.1,"fixed_11",0.479,0.015797436500901,0.479,0,1.42074985299021,-0.00160111720484782,-0.0160111720484782,0.0541967497901815,0.0541933019517669,0.94,0.206760611876801,1,1000,1000,50.99225,3.56186776370918,0,20260709,1000
60,4,17,0,Inf,0.75,0,0.3,0,"fixed",11,0.2,0.3,0.1,"fixed_11",0.649,0.0150930116279025,0.649,0,1.21922069613028,-0.000649775865675412,-0.00649775865675412,0.0410527567765727,0.0410373697840529,0.963,0.166896272113535,1,1000,1000,51.0048166666667,3.55557345212068,0,20260709,1000
90,4,17,0,Inf,0.75,0,0.3,0,"fixed",11,0.2,0.3,0.1,"fixed_11",0.81,0.0124056438768812,0.81,0,1.10377350800187,-0.0008726026705973,-0.008726026705973,0.0344639241279559,0.0344577384581742,0.955,0.135766084413166,1,1000,1000,50.9930222222222,3.55542263398213,0,20260709,1000
120,4,17,0,Inf,0.75,0,0.3,0,"fixed",11,0.2,0.3,0.1,"fixed_11",0.914,0.00886588969026797,0.914,0,1.04911170264866,-0.000189702489866023,-0.00189702489866023,0.0295651197637011,0.0295509424108608,0.948,0.117480690666684,1,1000,1000,51.0099916666667,3.55904907144842,0,20260709,1000
150,4,17,0,Inf,0.75,0,0.3,0,"fixed",11,0.2,0.3,0.1,"fixed_11",0.956,0.00648567652600714,0.956,0,1.02579171633638,6.19403503642063e-05,0.000619403503642063,0.0268459474143139,0.0268325925748247,0.95,0.104805386859805,1,1000,1000,51.0049333333333,3.56656198905554,0,20260709,1000
20,5,17,0,Inf,0.75,0,0.3,0,"fixed",11,0.2,0.3,0.1,"fixed_11",0.272,0.0140718158032288,0.272,0.00366300366300366,1.83293975583635,-0.00291847960889005,-0.0291847960889005,0.0775136210772207,0.0775298046836052,0.929,0.294921608438238,1,1000,1000,63.82925,3.95357814604685,0,20260709,1000
40,5,17,0,Inf,0.75,0,0.3,0,"fixed",11,0.2,0.3,0.1,"fixed_11",0.486,0.0158051890213309,0.486,0,1.39846974348635,-0.000853894743319733,-0.00853894743319733,0.0526609248682602,0.0526415137624787,0.937,0.203006505406934,1,1000,1000,63.7695,3.95117584060888,0,20260709,1000
60,5,17,0,Inf,0.75,0,0.3,0,"fixed",11,0.2,0.3,0.1,"fixed_11",0.638,0.0151972365909069,0.638,0,1.20230515977327,-0.00387160844217925,-0.0387160844217925,0.0424745456967517,0.0426294768563122,0.947,0.16569058269142,1,1000,1000,63.76205,3.97394106451002,0,20260709,1000
90,5,17,0,Inf,0.75,0,0.3,0,"fixed",11,0.2,0.3,0.1,"fixed_11",0.802,0.012601428490453,0.802,0,1.10495333795646,-0.00143447183778453,-0.0143447183778453,0.0348345578553663,0.0348466739303952,0.945,0.134023266623116,1,1000,1000,63.7644111111111,3.97523784652908,0,20260709,1000
120,5,17,0,Inf,0.75,0,0.3,0,"fixed",11,0.2,0.3,0.1,"fixed_11",0.924,0.00837997613361756,0.924,0,1.04236255687408,-0.000102411177093392,-0.00102411177093392,0.0290128524347764,0.0289985232183452,0.951,0.115011104128996,1,1000,1000,63.7385666666667,3.98699363247783,0,20260709,1000
150,5,17,0,Inf,0.75,0,0.3,0,"fixed",11,0.2,0.3,0.1,"fixed_11",0.962,0.00604615580348373,0.962,0,1.00159435535373,-0.00204443463996797,-0.0204443463996797,0.0259093202041766,0.0259769377249555,0.952,0.103235836144414,1,1000,1000,63.7420666666667,3.98351831604328,0,20260709,1000
20,6,17,0,Inf,0.75,0,0.3,0,"fixed",11,0.2,0.3,0.1,"fixed_11",0.295,0.0144213383567546,0.295,0,1.77668776808191,-0.00406932302286067,-0.0406932302286067,0.0773204319812693,0.077388824402705,0.92,0.291707615941072,1,1000,1000,76.48415,4.30673386196494,0,20260709,1000
40,6,17,0,Inf,0.75,0,0.3,0,"fixed",11,0.2,0.3,0.1,"fixed_11",0.497,0.015811103693291,0.497,0,1.38865968507916,-0.000544042543890788,-0.00544042543890788,0.0515981746736736,0.0515752386355588,0.935,0.200236465751403,1,1000,1000,76.47645,4.35012423255035,0,20260709,1000
60,6,17,0,Inf,0.75,0,0.3,0,"fixed",11,0.2,0.3,0.1,"fixed_11",0.657,0.0150116954405557,0.657,0,1.20147178138908,-0.00211158633566971,-0.0211158633566971,0.042141930073686,0.0421737492395221,0.943,0.162355754173146,1,1000,1000,76.4909333333333,4.36378589261992,0,20260709,1000
90,6,17,0,Inf,0.75,0,0.3,0,"fixed",11,0.2,0.3,0.1,"fixed_11",0.843,0.0115043904662524,0.843,0,1.0859575752834,-0.000308500079776425,-0.00308500079776425,0.0329859782486205,0.0329709244419484,0.96,0.132219370008012,1,1000,1000,76.4624333333333,4.35266673407228,0,20260709,1000
120,6,17,0,Inf,0.75,0,0.3,0,"fixed",11,0.2,0.3,0.1,"fixed_11",0.913,0.00891240708226459,0.913,0,1.03843647189558,-0.00109439136892761,-0.0109439136892761,0.0288001448204876,0.0288065372061232,0.958,0.113860835346361,1,1000,1000,76.48285,4.36286676901541,0,20260709,1000
150,6,17,0,Inf,0.75,0,0.3,0,"fixed",11,0.2,0.3,0.1,"fixed_11",0.956,0.00648567652600714,0.956,0,1.01446731845788,-0.00107561284925865,-0.0107561284925865,0.0264094740746619,0.0264181718440325,0.947,0.101946371601518,1,1000,1000,76.49904,4.3800274536919,0,20260709,1000
20,7,17,0,Inf,0.75,0,0.3,0,"fixed",11,0.2,0.3,0.1,"fixed_11",0.31,0.0146253205093085,0.31,0.00321543408360129,1.75749429547268,-0.00408993975587282,-0.0408993975587282,0.079081050408694,0.0791472446040626,0.933,0.288632751348242,1,1000,1000,89.2743,4.65311984016064,0,20260709,1000
40,7,17,0,Inf,0.75,0,0.3,0,"fixed",11,0.2,0.3,0.1,"fixed_11",0.51,0.0158082257068907,0.51,0,1.36615221694254,-2.0663238893201e-05,-0.00020663238893201,0.0488310530838021,0.0488066358244171,0.957,0.198725451782037,1,1000,1000,89.246425,4.67293075316576,0,20260709,1000
60,7,17,0,Inf,0.75,0,0.3,0,"fixed",11,0.2,0.3,0.1,"fixed_11",0.703,0.0144496020706454,0.703,0,1.19576556869169,-0.000174453297210289,-0.00174453297210289,0.0404518262989235,0.0404319716885075,0.954,0.160555232113539,1,1000,1000,89.2425,4.71632996915068,0,20260709,1000
90,7,17,0,Inf,0.75,0,0.3,0,"fixed",11,0.2,0.3,0.1,"fixed_11",0.828,0.0119338174948337,0.828,0,1.0926778359752,-0.000972978477387823,-0.00972978477387823,0.0340474057986308,0.0340442844379564,0.942,0.130505703505212,1,1000,1000,89.2447444444444,4.70567508300612,0,20260709,1000
120,7,17,0,Inf,0.75,0,0.3,0,"fixed",11,0.2,0.3,0.1,"fixed_11",0.933,0.00790638982089803,0.933,0,1.02869091309822,-0.000976263158858695,-0.00976263158858695,0.0280723707092475,0.0280753099536857,0.956,0.11234382095573,1,1000,1000,89.2307916666667,4.70215661184784,0,20260709,1000
150,7,17,0,Inf,0.75,0,0.3,0,"fixed",11,0.2,0.3,0.1,"fixed_11",0.968,0.00556560868189635,0.968,0,1.02110327558603,0.000190911210802058,0.00190911210802058,0.0263037952787135,0.0262913332394692,0.935,0.10113908286829,1,1000,1000,89.25506,4.71092214371603,0,20260709,1000
20,8,17,0,Inf,0.75,0,0.3,0,"fixed",11,0.2,0.3,0.1,"fixed_11",0.296,0.0144355117678591,0.296,0.00671140939597315,1.78206758418685,-0.00368498146507906,-0.0368498146507906,0.0759677416984287,0.076019114500094,0.927,0.282573321665535,1,1000,1000,101.99525,4.95739335037079,0,20260709,1000
40,8,17,0,Inf,0.75,0,0.3,0,"fixed",11,0.2,0.3,0.1,"fixed_11",0.506,0.0158102498398982,0.506,0,1.36721627112912,-0.00164134605149022,-0.0164134605149022,0.0516381853081103,0.0516384517253719,0.933,0.197040986491253,1,1000,1000,102.023,5.015334022588,0,20260709,1000
60,8,17,0,Inf,0.75,0,0.3,0,"fixed",11,0.2,0.3,0.1,"fixed_11",0.685,0.0146892818068141,0.685,0,1.20404889106614,0.000546220162657499,0.00546220162657499,0.0395396620875678,0.0395236618949604,0.953,0.160968308919498,1,1000,1000,101.999033333333,5.01845690267524,0,20260709,1000
90,8,17,0,Inf,0.75,0,0.3,0,"fixed",11,0.2,0.3,0.1,"fixed_11",0.839,0.0116223491601311,0.839,0,1.08968602046312,-0.00092327587126835,-0.0092327587126835,0.034272995157093,0.0342682943429572,0.938,0.129627095235053,1,1000,1000,101.991077777778,5.03245921642944,0,20260709,1000
120,8,17,0,Inf,0.75,0,0.3,0,"fixed",11,0.2,0.3,0.1,"fixed_11",0.927,0.00822623850857729,0.927,0,1.03449847913742,-0.000965047396019936,-0.00965047396019936,0.0286375792795628,0.0286395208151746,0.954,0.112236321163485,1,1000,1000,101.9922,5.03562805507505,0,20260709,1000
150,8,17,0,Inf,0.75,0,0.3,0,"fixed",11,0.2,0.3,0.1,"fixed_11",0.971,0.00530650544143696,0.971,0,1.0098612569828,-0.000744946780269526,-0.00744946780269526,0.0255292676674561,0.0255273717768676,0.952,0.0999678983369569,1,1000,1000,102.01826,5.0447846913083,0,20260709,1000
20,1,24,0,Inf,0.75,0,0.3,0,"fixed",11,0.2,0.3,0.1,"fixed_11",0.244897959183673,0.0137366985299006,0.24,0,2.06002053402896,0.0028177504278234,0.028177504278234,0.0877558910502448,0.087756355153624,0.931632653061224,0.342673321356791,0.98,980,1000,17.97945,2.09435550264225,9.99999999999997e-05,20260709,1000
40,1,24,0,Inf,0.75,0,0.3,0,"fixed",11,0.2,0.3,0.1,"fixed_11",0.392,0.015438134602341,0.392,0.00254452926208651,1.56416032144631,-0.00219817330169195,-0.0219817330169195,0.0638104509207023,0.0638164072862217,0.932,0.239680319545704,1,1000,1000,18.007325,2.11377266442788,2.49999999999998e-05,20260709,1000
60,1,24,0,Inf,0.75,0,0.3,0,"fixed",11,0.2,0.3,0.1,"fixed_11",0.557,0.0157083099027235,0.557,0,1.37946944260713,0.003380609053603,0.03380609053603,0.050020909625908,0.0501100571340401,0.938,0.195090647386636,1,1000,1000,17.9860666666667,2.12611788926325,2e-04,20260709,1000
90,1,24,0,Inf,0.75,0,0.3,0,"fixed",11,0.2,0.3,0.1,"fixed_11",0.692,0.0145991780590552,0.692,0,1.21344615071156,0.000841736081643604,0.00841736081643604,0.0409401962444808,0.040928377545405,0.948,0.159648959845623,1,1000,1000,18.0103111111111,2.11031836518107,6.66666666666669e-05,20260709,1000
120,1,24,0,Inf,0.75,0,0.3,0,"fixed",11,0.2,0.3,0.1,"fixed_11",0.817,0.0122274690758145,0.817,0,1.12114434902928,0.000805422513247028,0.00805422513247028,0.034712597856598,0.0347045845808415,0.943,0.13764860800364,1,1000,1000,18.0056583333333,2.11458401672925,0.000108333333333333,20260709,1000
150,1,24,0,Inf,0.75,0,0.3,0,"fixed",11,0.2,0.3,0.1,"fixed_11",0.909,0.00909499862561837,0.909,0,1.08835240048423,0.0032271606760144,0.032271606760144,0.0316248093452405,0.0317733064629022,0.947,0.12189557070365,1,1000,1000,18.0013133333333,2.11755959032337,0.000106666666666667,20260709,1000
20,2,24,0,Inf,0.75,0,0.3,0,"fixed",11,0.2,0.3,0.1,"fixed_11",0.293,0.0143927412260486,0.293,0.00340136054421769,1.89787732892356,0.00323387054525208,0.0323387054525208,0.0813940353250145,0.0814175774400508,0.925,0.309939282467725,1,1000,1000,36.01345,2.98172770946173,0,20260709,1000
40,2,24,0,Inf,0.75,0,0.3,0,"fixed",11,0.2,0.3,0.1,"fixed_11",0.448,0.0157256478403912,0.448,0.0022271714922049,1.45082102479236,-0.00231193618105624,-0.0231193618105624,0.056188660018915,0.0562081257302872,0.949,0.215786773186399,1,1000,1000,35.994125,2.98478477828942,0,20260709,1000
60,2,24,0,Inf,0.75,0,0.3,0,"fixed",11,0.2,0.3,0.1,"fixed_11",0.59,0.0155531347322654,0.59,0,1.27964166285443,-0.000236954902719438,-0.00236954902719438,0.0442213953075705,0.0441999142394122,0.948,0.174148251876059,1,1000,1000,35.9950333333333,2.97438356997985,0,20260709,1000
90,2,24,0,Inf,0.75,0,0.3,0,"fixed",11,0.2,0.3,0.1,"fixed_11",0.766,0.0133882037630147,0.766,0,1.12418395995772,-0.00196841365962237,-0.0196841365962237,0.036113217587708,0.0361487893626881,0.947,0.140040864570109,1,1000,1000,35.9957333333333,2.97157845344945,0,20260709,1000
120,2,24,0,Inf,0.75,0,0.3,0,"fixed",11,0.2,0.3,0.1,"fixed_11",0.883,0.010164201887015,0.883,0,1.04931018246726,-0.0021246803332442,-0.021246803332442,0.0313155283413045,0.0313718969700308,0.951,0.121216744579688,1,1000,1000,36.0026166666667,2.99792878677924,0,20260709,1000
150,2,24,0,Inf,0.75,0,0.3,0,"fixed",11,0.2,0.3,0.1,"fixed_11",0.946,0.00714730718522718,0.946,0,1.0247406604706,-0.000603853794317002,-0.00603853794317002,0.0279840427579071,0.0279765648683359,0.949,0.108576715276788,1,1000,1000,36.0056933333333,2.98538384279411,0,20260709,1000
20,3,24,0,Inf,0.75,0,0.3,0,"fixed",11,0.2,0.3,0.1,"fixed_11",0.324,0.014799459449588,0.324,0.00307692307692308,1.86193996059932,0.00627302941330787,0.0627302941330787,0.0819694072650284,0.0821682155195848,0.93,0.298964902242246,1,1000,1000,54.0276,3.61637306365352,0,20260709,1000
40,3,24,0,Inf,0.75,0,0.3,0,"fixed",11,0.2,0.3,0.1,"fixed_11",0.477,0.0157946509932952,0.477,0,1.41292020612239,-0.00244214434418856,-0.0244214434418856,0.0538109525548525,0.0538394563981063,0.936,0.205795607298084,1,1000,1000,54.0084,3.6546110977247,0,20260709,1000
60,3,24,0,Inf,0.75,0,0.3,0,"fixed",11,0.2,0.3,0.1,"fixed_11",0.64,0.0151789327688082,0.64,0,1.22229009025504,-0.00127978863996608,-0.0127978863996608,0.0416785954484911,0.04167740481608,0.954,0.165816786416242,1,1000,1000,54.0008166666667,3.65262558292152,0,20260709,1000
90,3,24,0,Inf,0.75,0,0.3,0,"fixed",11,0.2,0.3,0.1,"fixed_11",0.8,0.0126491106406735,0.8,0,1.1095898981252,-0.00104641284131186,-0.0104641284131186,0.0346446642503933,0.0346431448932674,0.949,0.134739982511503,1,1000,1000,54.0031444444444,3.66963573704059,0,20260709,1000
120,3,24,0,Inf,0.75,0,0.3,0,"fixed",11,0.2,0.3,0.1,"fixed_11",0.903,0.00935900635751467,0.903,0,1.04159080419574,-0.00128138888930909,-0.0128138888930909,0.0290027941949169,0.0290165963980484,0.955,0.116602321660938,1,1000,1000,53.9937,3.65952244573565,0,20260709,1000
150,3,24,0,Inf,0.75,0,0.3,0,"fixed",11,0.2,0.3,0.1,"fixed_11",0.977,0.00474035863622153,0.977,0,1.01640095133671,0.000235669009084144,0.00235669009084144,0.0260272885564648,0.0260153391239423,0.961,0.104282984175141,1,1000,1000,53.9879533333333,3.67169548079148,0,20260709,1000
20,4,24,0,Inf,0.75,0,0.3,0,"fixed",11,0.2,0.3,0.1,"fixed_11",0.302,0.0145188153786733,0.302,0,1.77738840905034,-0.00340381097893211,-0.0340381097893211,0.0793395543881973,0.0793728924432485,0.93,0.294087462585911,1,1000,1000,71.982,4.16556605060976,0,20260709,1000
40,4,24,0,Inf,0.75,0,0.3,0,"fixed",11,0.2,0.3,0.1,"fixed_11",0.487,0.0158060431481127,0.487,0,1.3982685815536,-0.00261668436338608,-0.0261668436338608,0.053630704101969,0.0536677110291474,0.934,0.202106331841787,1,1000,1000,71.996275,4.20261068911165,0,20260709,1000
60,4,24,0,Inf,0.75,0,0.3,0,"fixed",11,0.2,0.3,0.1,"fixed_11",0.65,0.0150831031289984,0.65,0,1.20323353987657,-0.00244592019174508,-0.0244592019174508,0.0411591433923094,0.0412112064284496,0.955,0.163172799834542,1,1000,1000,72.0025666666667,4.23889985904509,0,20260709,1000
90,4,24,0,Inf,0.75,0,0.3,0,"fixed",11,0.2,0.3,0.1,"fixed_11",0.816,0.0122533260790693,0.816,0,1.09372453114837,-0.00192773614477357,-0.0192773614477357,0.0347338990814472,0.0347700081722542,0.936,0.132653369543536,1,1000,1000,72.0030666666667,4.23769702972596,0,20260709,1000
120,4,24,0,Inf,0.75,0,0.3,0,"fixed",11,0.2,0.3,0.1,"fixed_11",0.921,0.00852988862764339,0.921,0,1.03312836995339,-0.00133588594871116,-0.0133588594871116,0.0298085367952503,0.0298235629708437,0.942,0.114419194026767,1,1000,1000,72.0099833333333,4.22799351101539,0,20260709,1000
150,4,24,0,Inf,0.75,0,0.3,0,"fixed",11,0.2,0.3,0.1,"fixed_11",0.959,0.00627048642451286,0.959,0,1.02299322128321,-0.000113430422087224,-0.00113430422087224,0.02685348464572,0.0268402942316391,0.944,0.102159169197145,1,1000,1000,71.98798,4.22635168629986,0,20260709,1000
20,5,24,0,Inf,0.75,0,0.3,0,"fixed",11,0.2,0.3,0.1,"fixed_11",0.287,0.0143049292203771,0.287,0,1.75951357240052,-0.00308895117176508,-0.0308895117176508,0.0750441938817245,0.0750702405994815,0.943,0.292040436572491,1,1000,1000,89.99835,4.70113876590967,0,20260709,1000
40,5,24,0,Inf,0.75,0,0.3,0,"fixed",11,0.2,0.3,0.1,"fixed_11",0.514,0.0158051890213309,0.514,0,1.36601848163797,-0.00122159222453934,-0.0122159222453934,0.0509045988553509,0.0508938031002069,0.941,0.197743573773188,1,1000,1000,89.98295,4.69561806787893,0,20260709,1000
60,5,24,0,Inf,0.75,0,0.3,0,"fixed",11,0.2,0.3,0.1,"fixed_11",0.654,0.0150427391122761,0.654,0,1.23627296585215,-0.000628914513289808,-0.00628914513289808,0.0438045751139559,0.0437871841247906,0.924,0.160510494915366,1,1000,1000,90.0077333333333,4.7236375516339,0,20260709,1000
90,5,24,0,Inf,0.75,0,0.3,0,"fixed",11,0.2,0.3,0.1,"fixed_11",0.818,0.0122014753206323,0.818,0,1.08968646687456,-0.00186004491023854,-0.0186004491023854,0.0351259426128269,0.0351576133954407,0.939,0.131150099911842,1,1000,1000,89.9929888888889,4.72402657470782,0,20260709,1000
120,5,24,0,Inf,0.75,0,0.3,0,"fixed",11,0.2,0.3,0.1,"fixed_11",0.914,0.00886588969026797,0.914,0,1.03596790140768,-0.00145495251256444,-0.0145495251256444,0.0295706976330166,0.0295916984838419,0.944,0.11310158779771,1,1000,1000,89.996375,4.73945096849357,0,20260709,1000
150,5,24,0,Inf,0.75,0,0.3,0,"fixed",11,0.2,0.3,0.1,"fixed_11",0.962,0.00604615580348373,0.962,0,1.01177495315829,-0.00102270025735131,-0.0102270025735131,0.0254509195513461,0.0254587405917784,0.949,0.101133135963683,1,1000,1000,90.0014,4.7244125745371,0,20260709,1000
20,6,24,0,Inf,0.75,0,0.3,0,"fixed",11,0.2,0.3,0.1,"fixed_11",0.301,0.0145051370210695,0.301,0,1.82574714566618,0.00206037800832327,0.0206037800832327,0.0749396206868305,0.0749304741708907,0.933,0.286776260702763,1,1000,1000,108.0005,5.11650483734399,0,20260709,1000
40,6,24,0,Inf,0.75,0,0.3,0,"fixed",11,0.2,0.3,0.1,"fixed_11",0.531,0.0157809695519635,0.531,0,1.35951527912484,0.000227727041363257,0.00227727041363257,0.0501339560721906,0.0501094002907864,0.942,0.195656607534783,1,1000,1000,107.991425,5.14026178755765,0,20260709,1000
60,6,24,0,Inf,0.75,0,0.3,0,"fixed",11,0.2,0.3,0.1,"fixed_11",0.674,0.0148230900961979,0.674,0,1.19719427184081,-0.00106442542523728,-0.0106442542523728,0.0402106718480414,0.0402046543801372,0.953,0.160340098241803,1,1000,1000,108.021133333333,5.17205251150365,0,20260709,1000
90,6,24,0,Inf,0.75,0,0.3,0,"fixed",11,0.2,0.3,0.1,"fixed_11",0.838,0.0116514376795312,0.838,0,1.08054004656282,-0.00201632781939851,-0.0201632781939851,0.0338217376305932,0.0338649022483693,0.94,0.129862473049652,1,1000,1000,107.971122222222,5.20313453709631,0,20260709,1000
120,6,24,0,Inf,0.75,0,0.3,0,"fixed",11,0.2,0.3,0.1,"fixed_11",0.926,0.00827792244467173,0.926,0,1.03220983269932,-0.00109051450165321,-0.0109051450165321,0.0286906150454654,0.028696993957098,0.948,0.111778156985318,1,1000,1000,108.016825,5.2024805297587,0,20260709,1000
150,6,24,0,Inf,0.75,0,0.3,0,"fixed",11,0.2,0.3,0.1,"fixed_11",0.971,0.00530650544143696,0.971,0,1.0064537559578,-0.00109514324156389,-0.0109514324156389,0.0247324801710659,0.0247443573074004,0.951,0.100093614815077,1,1000,1000,108.017926666667,5.17282424102497,0,20260709,1000
20,7,24,0,Inf,0.75,0,0.3,0,"fixed",11,0.2,0.3,0.1,"fixed_11",0.299,0.0144775343204566,0.299,0.00333333333333333,1.72808968865243,-0.00415152608359043,-0.0415152608359043,0.0726554427211602,0.0727376773926245,0.936,0.287316267533942,1,1000,1000,125.95835,5.51039200692887,0,20260709,1000
40,7,24,0,Inf,0.75,0,0.3,0,"fixed",11,0.2,0.3,0.1,"fixed_11",0.518,0.0158011391994375,0.518,0,1.35750615525598,-0.00111570712180287,-0.0111570712180287,0.0504773132537835,0.0504644032615953,0.95,0.195490803230069,1,1000,1000,126.02025,5.57021157836259,0,20260709,1000
60,7,24,0,Inf,0.75,0,0.3,0,"fixed",11,0.2,0.3,0.1,"fixed_11",0.683,0.0147143127600306,0.683,0,1.19350622569001,-0.00179160831574471,-0.0179160831574471,0.041084370371284,0.0411028882643675,0.945,0.15915786983901,1,1000,1000,126.005516666667,5.58471063065142,0,20260709,1000
90,7,24,0,Inf,0.75,0,0.3,0,"fixed",11,0.2,0.3,0.1,"fixed_11",0.858,0.0110379345894058,0.858,0,1.07145536178738,-0.000924748040980278,-0.00924748040980278,0.0315325161812834,0.0315303098000237,0.953,0.128465441787551,1,1000,1000,125.990788888889,5.57804730849464,0,20260709,1000
120,7,24,0,Inf,0.75,0,0.3,0,"fixed",11,0.2,0.3,0.1,"fixed_11",0.926,0.00827792244467173,0.926,0,1.0275680060704,-0.00148041166356702,-0.0148041166356702,0.0285440319392788,0.0285681398814281,0.946,0.111480212373919,1,1000,1000,126.00685,5.63523934114726,0,20260709,1000
150,7,24,0,Inf,0.75,0,0.3,0,"fixed",11,0.2,0.3,0.1,"fixed_11",0.976,0.00483983470792134,0.976,0,1.01141102571282,-0.000379591322063361,-0.00379591322063361,0.0258395147073505,0.025829381126207,0.945,0.0997973198360126,1,1000,1000,125.99128,5.61323959481551,0,20260709,1000
20,8,24,0,Inf,0.75,0,0.3,0,"fixed",11,0.2,0.3,0.1,"fixed_11",0.287,0.0143049292203771,0.287,0.0069204152249135,1.75031143336679,-0.00336094390557178,-0.0336094390557178,0.0733070464111044,0.0733474271832537,0.938,0.284540586808029,1,1000,1000,143.91495,5.91576107331388,0,20260709,1000
40,8,24,0,Inf,0.75,0,0.3,0,"fixed",11,0.2,0.3,0.1,"fixed_11",0.547,0.0157413785927409,0.547,0,1.36069892910057,0.00214678171544701,0.0214678171544701,0.0496615897065235,0.0496831549966453,0.941,0.194860789309142,1,1000,1000,144.017725,5.93956418629599,0,20260709,1000
60,8,24,0,Inf,0.75,0,0.3,0,"fixed",11,0.2,0.3,0.1,"fixed_11",0.67,0.0148694317309035,0.67,0,1.20542818771399,-0.00125740551438024,-0.0125740551438024,0.0415230939404498,0.0415213707828225,0.951,0.158532217443366,1,1000,1000,144.0606,5.95508514152041,0,20260709,1000
90,8,24,0,Inf,0.75,0,0.3,0,"fixed",11,0.2,0.3,0.1,"fixed_11",0.855,0.0111344061359374,0.855,0,1.07593547952378,-0.00103516883504574,-0.0103516883504574,0.0323461914184929,0.0323465824732622,0.946,0.127675493772297,1,1000,1000,143.978244444444,5.98047960157167,0,20260709,1000
120,8,24,0,Inf,0.75,0,0.3,0,"fixed",11,0.2,0.3,0.1,"fixed_11",0.936,0.0077397674383666,0.936,0,1.02584909446619,-0.00124044747139493,-0.0124044747139493,0.0280646658555155,0.0280780439853179,0.947,0.111227121804328,1,1000,1000,144.01595,5.99594870366987,0,20260709,1000
150,8,24,0,Inf,0.75,0,0.3,0,"fixed",11,0.2,0.3,0.1,"fixed_11",0.975,0.00493710441453288,0.975,0,1.01504109778554,-4.70979807596084e-05,-0.000470979807596084,0.026189580039541,0.0261765243446236,0.946,0.0988403376703029,1,1000,1000,144.004433333333,5.97782871028865,0,20260709,1000
