"N","lambda_bar","D","cv","cap","compliance","decay","phi","trigger_link","trigger_mode","model","beta1","beta_l2","beta_cross","grid","power","mcse_power","power_all","type_s","type_m","bias","rel_bias","emp_se","rmse","coverage","ci_width","conv_rate","R_converged","R_total","mean_n","sd_n","below_k","master_seed","R_requested"
20,1,3,0,Inf,0.75,0,0.3,0,"fixed",2,0.2,0.3,0.1,"fixed_2",0.0979228486646884,0.0161900768573569,0.033,0.0833333333333333,2.58201669074457,-0.118220390460493,-0.394067968201643,0.341475028246867,0.36088120781826,0.905044510385757,1.20382102354167,0.337,337,1000,2.24605,0.745585049929825,1,20260709,1000
40,1,3,0,Inf,0.75,0,0.3,0,"fixed",2,0.2,0.3,0.1,"fixed_2",0.0594059405940594,0.0166318427168904,0.012,0.0769230769230769,1.66055831153004,-0.174202155489314,-0.580673851631046,0.179243559212719,0.249630915025304,0.836633663366337,0.734800611448589,0.202,202,1000,2.245725,0.752215434488791,1,20260709,1000
60,1,3,0,Inf,0.75,0,0.3,0,"fixed",2,0.2,0.3,0.1,"fixed_2",0.119047619047619,0.0249851483798628,0.02,0,1.23786437929723,-0.179500015800949,-0.598333386003162,0.142044933693061,0.228641464042563,0.738095238095238,0.575971933583813,0.168,168,1000,2.25301666666667,0.745729268244468,1,20260709,1000
90,1,3,0,Inf,0.75,0,0.3,0,"fixed",2,0.2,0.3,0.1,"fixed_2",0.18018018018018,0.0364796972844859,0.02,0,1.02496256541504,-0.171690875901734,-0.572302919672446,0.119944624453536,0.209128811445865,0.666666666666667,0.473514971065227,0.111,111,1000,2.24914444444444,0.747703072493695,1,20260709,1000
120,1,3,0,Inf,0.75,0,0.3,0,"fixed",2,0.2,0.3,0.1,"fixed_2",0.188405797101449,0.047075186965389,0.013,0,0.833484584495904,-0.182251022529893,-0.607503408432977,0.090277738241123,0.203094530399725,0.550724637681159,0.390735261114523,0.069,69,1000,2.253425,0.745622720334115,1,20260709,1000
150,1,3,0,Inf,0.75,0,0.3,0,"fixed",2,0.2,0.3,0.1,"fixed_2",0.229508196721311,0.0538416293871785,0.014,0,0.811001431834671,-0.184886931099039,-0.616289770330131,0.0918494089991474,0.206109657697779,0.426229508196721,0.345408657938584,0.061,61,1000,2.24949333333333,0.748638398123187,1,20260709,1000
20,2,3,0,Inf,0.75,0,0.3,0,"fixed",2,0.2,0.3,0.1,"fixed_2",0.215873015873016,0.0231812634309875,0.068,0,1.98009137902104,-0.00822488522783926,-0.0274162840927975,0.264085772139618,0.26379450875053,0.923809523809524,1.02570488782177,0.315,315,1000,4.5102,1.05010451984003,1,20260709,1000
40,2,3,0,Inf,0.75,0,0.3,0,"fixed",2,0.2,0.3,0.1,"fixed_2",0.304878048780488,0.0508377889206937,0.025,0,1.34244132543797,-0.0739400325996658,-0.246466775332219,0.175658551695283,0.189596316985534,0.817073170731707,0.58496148253507,0.082,82,1000,4.5004,1.04907806585563,1,20260709,1000
60,2,3,0,Inf,0.75,0,0.3,0,"fixed",2,0.2,0.3,0.1,"fixed_2",0.40625,0.0868207451988003,0.013,0,1.10644088968793,-0.0819060024528277,-0.273020008176092,0.119223408726333,0.143103529006079,0.78125,0.48978379692507,0.032,32,1000,4.50261666666667,1.05754739458148,1,20260709,1000
90,2,3,0,Inf,0.75,0,0.3,0,"fixed",2,0.2,0.3,0.1,"fixed_2",0.5,0.353553390593274,0.001,0,0.781792626683914,-0.0752915473654144,-0.250971824551381,0.0139007793902,0.0759304480330911,1,0.403741885836426,0.002,2,1000,4.49618888888889,1.05884774208838,1,20260709,1000
120,2,3,0,Inf,0.75,0,0.3,0,"fixed",2,0.2,0.3,0.1,"fixed_2",1,0,0.003,0,0.530222530357754,-0.140933240892674,-0.469777469642246,0.0285890707232396,0.142853310654874,0,0.224923100795335,0.003,3,1000,4.50288333333333,1.06103222656927,1,20260709,1000
150,2,3,0,Inf,0.75,0,0.3,0,"fixed",2,0.2,0.3,0.1,"fixed_2",NA,NA,0,NA,NA,NA,NA,NA,NA,NA,NA,0,0,1000,4.49668,1.06198510531923,1,20260709,1000
20,3,3,0,Inf,0.75,0,0.3,0,"fixed",2,0.2,0.3,0.1,"fixed_2",0.235704323570432,0.0158509354739201,0.169,0,2.11837554203162,0.0106808932882552,0.0356029776275172,0.277195721085456,0.277208196203649,0.926080892608089,1.02094061871909,0.717,717,1000,6.74495,1.29486437231302,1,20260709,1000
40,3,3,0,Inf,0.75,0,0.3,0,"fixed",2,0.2,0.3,0.1,"fixed_2",0.422509225092251,0.0212173421637779,0.229,0,1.48106525401904,-0.011155950469177,-0.0371865015639233,0.183447691153085,0.183617592055255,0.920664206642066,0.672900039051675,0.542,542,1000,6.7601,1.28071101362665,1,20260709,1000
60,3,3,0,Inf,0.75,0,0.3,0,"fixed",2,0.2,0.3,0.1,"fixed_2",0.562790697674419,0.0239212529949863,0.242,0,1.27122854341268,-0.00636992015421622,-0.0212330671807207,0.137917533548543,0.137904265658938,0.955813953488372,0.538247547313775,0.43,430,1000,6.74668333333333,1.28963654687898,1,20260709,1000
90,3,3,0,Inf,0.75,0,0.3,0,"fixed",2,0.2,0.3,0.1,"fixed_2",0.726790450928382,0.0229499565926961,0.274,0,1.1003723314608,-0.0201723675184261,-0.0672412250614204,0.115257857034936,0.116859150066694,0.928381962864722,0.428396132835847,0.377,377,1000,6.74691111111111,1.30043630327455,1,20260709,1000
120,3,3,0,Inf,0.75,0,0.3,0,"fixed",2,0.2,0.3,0.1,"fixed_2",0.823970037453184,0.0233073757299683,0.22,0,1.0147675334839,-0.023463311007164,-0.0782110366905468,0.0962355035326365,0.0988792834272628,0.943820224719101,0.369215188394204,0.267,267,1000,6.75126666666667,1.29028470527976,1,20260709,1000
150,3,3,0,Inf,0.75,0,0.3,0,"fixed",2,0.2,0.3,0.1,"fixed_2",0.91304347826087,0.0177148120362284,0.231,0,0.954955735995113,-0.0278347626510708,-0.0927825421702361,0.0836441268245284,0.0879969343016077,0.924901185770751,0.327667386924453,0.253,253,1000,6.75213333333333,1.29483682866744,1,20260709,1000
20,5,3,0,Inf,0.75,0,0.3,0,"fixed",2,0.2,0.3,0.1,"fixed_2",0.24024024024024,0.0135169365902314,0.24,0,1.91478846709767,-0.00608717197435371,-0.0202905732478457,0.249936710957421,0.249885738401543,0.940940940940941,0.97955250786324,0.999,999,1000,11.2305,1.65152936644355,0.14945,20260709,1000
40,5,3,0,Inf,0.75,0,0.3,0,"fixed",2,0.2,0.3,0.1,"fixed_2",0.436,0.0156813264745046,0.436,0,1.47636525055218,-0.003429092728851,-0.01143030909617,0.173166105896726,0.173113466859594,0.944,0.669484046050376,1,1000,1000,11.26515,1.65874139788668,0.144425,20260709,1000
60,5,3,0,Inf,0.75,0,0.3,0,"fixed",2,0.2,0.3,0.1,"fixed_2",0.586,0.0155757503832079,0.586,0,1.25657414063934,-0.00754839676263996,-0.0251613225421332,0.133956244875711,0.134101862624448,0.945,0.53379871448447,1,1000,1000,11.2604833333333,1.67079659113635,0.147416666666667,20260709,1000
90,5,3,0,Inf,0.75,0,0.3,0,"fixed",2,0.2,0.3,0.1,"fixed_2",0.781,0.0130781879478772,0.781,0,1.09694055243991,-0.00933335312336908,-0.0311111770778969,0.106956148801525,0.107309317532137,0.946,0.429325903837596,1,1000,1000,11.2530111111111,1.67385805755733,0.148011111111111,20260709,1000
120,5,3,0,Inf,0.75,0,0.3,0,"fixed",2,0.2,0.3,0.1,"fixed_2",0.868,0.0107040179372047,0.868,0,1.05189561262579,-0.00783150070886379,-0.0261050023628793,0.0960031395955011,0.0962741845602133,0.945,0.372271661700839,1,1000,1000,11.2397,1.67452348164421,0.149958333333333,20260709,1000
150,5,3,0,Inf,0.75,0,0.3,0,"fixed",2,0.2,0.3,0.1,"fixed_2",0.926,0.00827792244467173,0.926,0,1.00243847669442,-0.0121319602633835,-0.0404398675446118,0.0867165534143929,0.0875181428920169,0.942,0.331107344729464,1,1000,1000,11.24856,1.67518635018756,0.149366666666667,20260709,1000
20,8,3,0,Inf,0.75,0,0.3,0,"fixed",2,0.2,0.3,0.1,"fixed_2",0.242,0.0135438546950268,0.242,0.00819672131147541,1.95290632788087,-0.00647422934131819,-0.0215807644710606,0.258712383548797,0.258664031031882,0.929,0.968665444707451,1,1000,1000,18.0291,2.10340320426437,0,20260709,1000
40,8,3,0,Inf,0.75,0,0.3,0,"fixed",2,0.2,0.3,0.1,"fixed_2",0.444,0.0157119063133663,0.444,0,1.44455829687739,-0.00348898823472316,-0.0116299607824105,0.165225325158935,0.165179543844582,0.958,0.65927443532199,1,1000,1000,18.006925,2.10227803072854,9.99999999999992e-05,20260709,1000
60,8,3,0,Inf,0.75,0,0.3,0,"fixed",2,0.2,0.3,0.1,"fixed_2",0.591,0.0155473148807117,0.591,0,1.29407941238585,-0.000156470207843651,-0.000521567359478836,0.139112692790616,0.139043207087174,0.948,0.532152801950783,1,1000,1000,18.0088666666667,2.11424219744711,0.000116666666666666,20260709,1000
90,8,3,0,Inf,0.75,0,0.3,0,"fixed",2,0.2,0.3,0.1,"fixed_2",0.767,0.0133682833602524,0.767,0,1.12395796863372,-0.00563179349620663,-0.0187726449873554,0.106881575868052,0.106976467911228,0.955,0.429317358349579,1,1000,1000,18.0058111111111,2.11971961029779,7.7777777777778e-05,20260709,1000
120,8,3,0,Inf,0.75,0,0.3,0,"fixed",2,0.2,0.3,0.1,"fixed_2",0.892,0.00981509042240569,0.892,0,1.06725869602471,0.00144011295558488,0.00480037651861628,0.0932934192214578,0.0932578808106076,0.951,0.370644986546566,1,1000,1000,17.996625,2.11411692382994,9.16666666666665e-05,20260709,1000
150,8,3,0,Inf,0.75,0,0.3,0,"fixed",2,0.2,0.3,0.1,"fixed_2",0.939,0.00756828910652864,0.939,0,1.02525682921903,-0.00282723978860872,-0.00942413262869572,0.0820736675990993,0.0820813262019843,0.949,0.329311208264671,1,1000,1000,18.00634,2.11915200386868,1e-04,20260709,1000
20,1,7,0,Inf,0.75,0,0.3,0,"fixed",2,0.2,0.3,0.1,"fixed_2",0.205314009661836,0.0198521203858076,0.085,0,2.13222196348865,-0.00453995132156365,-0.0151331710718788,0.291656839808719,0.29133975949281,0.92512077294686,1.04766937113887,0.414,414,1000,5.25205,1.13148194518592,1,20260709,1000
40,1,7,0,Inf,0.75,0,0.3,0,"fixed",2,0.2,0.3,0.1,"fixed_2",0.371428571428571,0.03652548134073,0.065,0,1.52158603519612,-0.0172965971140864,-0.0576553237136214,0.186841087396385,0.187107671752602,0.908571428571429,0.684245424157242,0.175,175,1000,5.250875,1.14742373552947,1,20260709,1000
60,1,7,0,Inf,0.75,0,0.3,0,"fixed",2,0.2,0.3,0.1,"fixed_2",0.506666666666667,0.0577298946884605,0.038,0,1.36867984013564,-0.0132712391837644,-0.0442374639458813,0.162900466182086,0.162354140220432,0.826666666666667,0.537093200030238,0.075,75,1000,5.25131666666667,1.14128280330101,1,20260709,1000
90,1,7,0,Inf,0.75,0,0.3,0,"fixed",2,0.2,0.3,0.1,"fixed_2",0.789473684210526,0.0935287701724883,0.015,0,1.05671958004391,-0.0230895259577851,-0.0769650865259502,0.120132686738401,0.119186479625287,0.894736842105263,0.438150427488009,0.019,19,1000,5.24375555555556,1.14401214964135,1,20260709,1000
120,1,7,0,Inf,0.75,0,0.3,0,"fixed",2,0.2,0.3,0.1,"fixed_2",1,0,0.006,0,0.912947448066696,-0.0261157655799913,-0.0870525519333045,0.0667312777357567,0.0662791023025707,0.833333333333333,0.370911975118166,0.006,6,1000,5.25075,1.14163119709449,1,20260709,1000
150,1,7,0,Inf,0.75,0,0.3,0,"fixed",2,0.2,0.3,0.1,"fixed_2",NA,NA,0,NA,NA,NA,NA,NA,NA,NA,NA,0,0,1000,5.24999333333333,1.14093758162073,1,20260709,1000
20,2,7,0,Inf,0.75,0,0.3,0,"fixed",2,0.2,0.3,0.1,"fixed_2",0.223895582329317,0.0132084899732037,0.223,0.00446428571428571,1.92906158697434,-0.0174539234250944,-0.0581797447503148,0.25485785800448,0.255327150628852,0.943775100401606,0.988319829420945,0.996,996,1000,10.5047,1.59924606085067,0.2547,20260709,1000
40,2,7,0,Inf,0.75,0,0.3,0,"fixed",2,0.2,0.3,0.1,"fixed_2",0.432432432432432,0.0156741922955258,0.432,0.0023094688221709,1.50172406255343,-0.00182738810202515,-0.00609129367341717,0.178421936557535,0.1783419763783,0.940940940940941,0.66179797780563,0.999,999,1000,10.50215,1.6130404701278,0.25835,20260709,1000
60,2,7,0,Inf,0.75,0,0.3,0,"fixed",2,0.2,0.3,0.1,"fixed_2",0.571,0.0156511660907422,0.571,0,1.26847371078428,-0.0104827625791472,-0.0349425419304905,0.13945042780582,0.139774331351296,0.945,0.537246531296557,1,1000,1000,10.4986333333333,1.60813467779583,0.25895,20260709,1000
90,2,7,0,Inf,0.75,0,0.3,0,"fixed",2,0.2,0.3,0.1,"fixed_2",0.762,0.0134668481835951,0.762,0,1.10281735573858,-0.0102500248049942,-0.0341667493499805,0.105140978666476,0.105587090963112,0.954,0.428900518629475,1,1000,1000,10.5043666666667,1.60844308306931,0.256688888888889,20260709,1000
120,2,7,0,Inf,0.75,0,0.3,0,"fixed",2,0.2,0.3,0.1,"fixed_2",0.857,0.0110702755159933,0.857,0,1.04422055960423,-0.0115706035729401,-0.038568678576467,0.0969878439502039,0.0976274249341707,0.946,0.371357405248178,1,1000,1000,10.4967583333333,1.61966999035973,0.259908333333333,20260709,1000
150,2,7,0,Inf,0.75,0,0.3,0,"fixed",2,0.2,0.3,0.1,"fixed_2",0.926,0.00827792244467173,0.926,0,1.01217384171647,-0.00941560702389566,-0.0313853567463189,0.0873702901823867,0.0878327256469724,0.934,0.331055183256554,1,1000,1000,10.5008066666667,1.61900552151249,0.257566666666667,20260709,1000
20,3,7,0,Inf,0.75,0,0.3,0,"fixed",2,0.2,0.3,0.1,"fixed_2",0.267,0.0139896747639107,0.267,0.0183823529411765,1.9470694108299,-0.00224068718920856,-0.00746895729736186,0.264861560140388,0.264738578739556,0.936,0.976621297238343,1,1000,1000,15.7402,1.96759639710237,0.00135,20260709,1000
40,3,7,0,Inf,0.75,0,0.3,0,"fixed",2,0.2,0.3,0.1,"fixed_2",0.436,0.0156813264745046,0.436,0,1.4875941959985,0.00164330305698523,0.00547767685661745,0.1701473937747,0.170070238188965,0.947,0.668905368681502,1,1000,1000,15.75025,1.97265498453936,0.001475,20260709,1000
60,3,7,0,Inf,0.75,0,0.3,0,"fixed",2,0.2,0.3,0.1,"fixed_2",0.584,0.0155866609637857,0.584,0,1.28599180158469,-0.00318710344601947,-0.0106236781533982,0.1403166449786,0.14028267792414,0.948,0.53141828398482,1,1000,1000,15.7429166666667,1.96945459870166,0.00165,20260709,1000
90,3,7,0,Inf,0.75,0,0.3,0,"fixed",2,0.2,0.3,0.1,"fixed_2",0.767,0.0133682833602524,0.767,0,1.14021825748432,-0.00178235541113919,-0.0059411847037973,0.111247019155554,0.111205666054103,0.939,0.428932952662751,1,1000,1000,15.7460666666667,1.9753901322447,0.00148888888888889,20260709,1000
120,3,7,0,Inf,0.75,0,0.3,0,"fixed",2,0.2,0.3,0.1,"fixed_2",0.887,0.0100115433375679,0.887,0,1.0451465383429,-0.0052005084358398,-0.017335028119466,0.0894529858959219,0.0895593665509172,0.96,0.371925885382069,1,1000,1000,15.7594,1.98206481054633,0.0016,20260709,1000
150,3,7,0,Inf,0.75,0,0.3,0,"fixed",2,0.2,0.3,0.1,"fixed_2",0.949,0.00695693898205238,0.949,0,1.02062663496257,-0.00298565127415057,-0.00995217091383523,0.0813763302446776,0.0813904117847894,0.952,0.332225848983449,1,1000,1000,15.7438333333333,1.98384922141642,0.00164,20260709,1000
20,5,7,0,Inf,0.75,0,0.3,0,"fixed",2,0.2,0.3,0.1,"fixed_2",0.269,0.0140228028582021,0.269,0.0037037037037037,1.92160036144873,0.0125905271755769,0.0419684239185897,0.243478440990239,0.243682151275733,0.94,0.954034896443441,1,1000,1000,26.248,2.54344902028225,0,20260709,1000
40,5,7,0,Inf,0.75,0,0.3,0,"fixed",2,0.2,0.3,0.1,"fixed_2",0.449,0.0157289224042844,0.449,0,1.45560686879709,-0.0059677299218654,-0.0198924330728847,0.170317772570813,0.170337163620421,0.929,0.645483884306905,1,1000,1000,26.255475,2.55287517645173,0,20260709,1000
60,5,7,0,Inf,0.75,0,0.3,0,"fixed",2,0.2,0.3,0.1,"fixed_2",0.599,0.0154983547513922,0.599,0,1.28546220443286,0.00134429971435557,0.00448099904785189,0.136778034339165,0.136716237472841,0.949,0.529406678900458,1,1000,1000,26.2505666666667,2.55752481170461,0,20260709,1000
90,5,7,0,Inf,0.75,0,0.3,0,"fixed",2,0.2,0.3,0.1,"fixed_2",0.78,0.0130996183150503,0.78,0,1.11271467896818,-0.00439084294898173,-0.0146361431632724,0.105001635092602,0.105040932643187,0.947,0.426489450695002,1,1000,1000,26.2615555555556,2.55916851183544,0,20260709,1000
120,5,7,0,Inf,0.75,0,0.3,0,"fixed",2,0.2,0.3,0.1,"fixed_2",0.876,0.0104222838188182,0.876,0,1.06540221952355,-0.00248513811458911,-0.00828379371529705,0.0962279823797135,0.0962119570517415,0.942,0.367741997643567,1,1000,1000,26.2613083333333,2.54420746523274,0,20260709,1000
150,5,7,0,Inf,0.75,0,0.3,0,"fixed",2,0.2,0.3,0.1,"fixed_2",0.935,0.0077958322198467,0.935,0,1.03278503019638,-0.00212153369823459,-0.0070717789941153,0.0848728689618125,0.0848569466051892,0.938,0.329744490721998,1,1000,1000,26.2507666666667,2.55350339028187,0,20260709,1000
20,8,7,0,Inf,0.75,0,0.3,0,"fixed",2,0.2,0.3,0.1,"fixed_2",0.283,0.0142446832186609,0.283,0.0104895104895105,1.84822400830495,0.000237944460690309,0.00079314820230103,0.246799191257054,0.246675875557171,0.936,0.937766613579761,1,1000,1000,42.0202,3.21492541456165,0,20260709,1000
40,8,7,0,Inf,0.75,0,0.3,0,"fixed",2,0.2,0.3,0.1,"fixed_2",0.471,0.0157847711418316,0.471,0,1.43157114235432,0.00511701851016233,0.0170567283672078,0.158660872687035,0.158664057453864,0.958,0.649220929460271,1,1000,1000,42.00905,3.22531756729921,0,20260709,1000
60,8,7,0,Inf,0.75,0,0.3,0,"fixed",2,0.2,0.3,0.1,"fixed_2",0.64,0.0151789327688082,0.64,0,1.26697196333858,0.00616095948306755,0.0205365316102252,0.133881811509511,0.133956606911967,0.954,0.526329251730856,1,1000,1000,41.9929666666667,3.23631744717375,0,20260709,1000
90,8,7,0,Inf,0.75,0,0.3,0,"fixed",2,0.2,0.3,0.1,"fixed_2",0.784,0.0130132240432569,0.784,0,1.1258947586366,-0.00102861389483899,-0.00342871298279664,0.105300847676648,0.105253210399702,0.957,0.42474969575644,1,1000,1000,41.9973555555556,3.22264076000527,0,20260709,1000
120,8,7,0,Inf,0.75,0,0.3,0,"fixed",2,0.2,0.3,0.1,"fixed_2",0.894,0.00973468027209934,0.894,0,1.06523440538935,-1.79184362880669e-06,-5.9728120960223e-06,0.0961824443436658,0.0961343411093723,0.946,0.364069154584759,1,1000,1000,41.9984666666667,3.24196416795496,0,20260709,1000
150,8,7,0,Inf,0.75,0,0.3,0,"fixed",2,0.2,0.3,0.1,"fixed_2",0.949,0.00695693898205238,0.949,0,1.03182618065492,0.000203399527385573,0.000677998424618576,0.084705998390214,0.0846638791249692,0.949,0.328472671691388,1,1000,1000,42.0076666666667,3.23198036212013,0,20260709,1000
20,1,14,0,Inf,0.75,0,0.3,0,"fixed",2,0.2,0.3,0.1,"fixed_2",0.244734202607823,0.0136160037955274,0.244,0.0278884462151394,2.00147494405979,-0.00543592192821218,-0.0181197397607073,0.269658161116969,0.269577704525722,0.9358074222668,0.993710792839798,0.997,997,1000,10.4996,1.59529991257493,0.26085,20260709,1000
40,1,14,0,Inf,0.75,0,0.3,0,"fixed",2,0.2,0.3,0.1,"fixed_2",0.424,0.0156276677722557,0.424,0,1.4779718232934,-0.0055271081319605,-0.0184236937732017,0.173457081242859,0.173458411726157,0.943,0.66148341415264,1,1000,1000,10.500925,1.6117084193728,0.260175,20260709,1000
60,1,14,0,Inf,0.75,0,0.3,0,"fixed",2,0.2,0.3,0.1,"fixed_2",0.585,0.0155812387184075,0.585,0,1.25959663417158,-0.00951019269261871,-0.031700642308729,0.138251535619885,0.138509268206881,0.943,0.532717682586098,1,1000,1000,10.5009166666667,1.61139721424348,0.257566666666667,20260709,1000
90,1,14,0,Inf,0.75,0,0.3,0,"fixed",2,0.2,0.3,0.1,"fixed_2",0.773,0.0132465467198059,0.773,0,1.13224118603506,-0.00367989224418774,-0.0122663074806258,0.117506049751591,0.117504917613792,0.93,0.430099693328481,1,1000,1000,10.5017888888889,1.6153900507582,0.259033333333333,20260709,1000
120,1,14,0,Inf,0.75,0,0.3,0,"fixed",2,0.2,0.3,0.1,"fixed_2",0.855,0.0111344061359374,0.855,0,1.04084122809154,-0.0134380772168587,-0.0447935907228625,0.0977223582617277,0.0985935675600365,0.943,0.369846695977635,1,1000,1000,10.5003583333333,1.61718816511564,0.258841666666667,20260709,1000
150,1,14,0,Inf,0.75,0,0.3,0,"fixed",2,0.2,0.3,0.1,"fixed_2",0.934,0.00785136930732467,0.934,0,1.00980548374991,-0.00832930475359162,-0.0277643491786387,0.0841041594669365,0.084473744131999,0.947,0.332293150723127,1,1000,1000,10.5022933333333,1.61153449777443,0.256853333333333,20260709,1000
20,2,14,0,Inf,0.75,0,0.3,0,"fixed",2,0.2,0.3,0.1,"fixed_2",0.256,0.0138008695378226,0.256,0.00389105058365759,1.9066624131637,0.00282310190798662,0.00941033969328875,0.245960149895492,0.245853348249844,0.94,0.956780142536676,1,1000,1000,20.98655,2.26652496822978,0,20260709,1000
40,2,14,0,Inf,0.75,0,0.3,0,"fixed",2,0.2,0.3,0.1,"fixed_2",0.452,0.0157383607786834,0.452,0.0022075055187638,1.47389429185019,0.0018980206319778,0.00632673543992601,0.169486958984456,0.169412826901779,0.945,0.654710873357843,1,1000,1000,21.0149,2.28547412673223,0,20260709,1000
60,2,14,0,Inf,0.75,0,0.3,0,"fixed",2,0.2,0.3,0.1,"fixed_2",0.606,0.0154519901630826,0.606,0,1.28229139307285,0.00239579019571345,0.00798596731904485,0.136622187538283,0.136574874395988,0.945,0.529409584264863,1,1000,1000,20.9990166666667,2.27722715904003,0,20260709,1000
90,2,14,0,Inf,0.75,0,0.3,0,"fixed",2,0.2,0.3,0.1,"fixed_2",0.754,0.0136192510807313,0.754,0,1.14006969289183,-0.00573339601155176,-0.0191113200385059,0.114848177374716,0.114933831278146,0.93,0.428365217333526,1,1000,1000,21.0056888888889,2.28776100163408,1.11111111111112e-05,20260709,1000
120,2,14,0,Inf,0.75,0,0.3,0,"fixed",2,0.2,0.3,0.1,"fixed_2",0.876,0.0104222838188182,0.876,0,1.05207487919999,-0.00600857925567228,-0.0200285975189076,0.0936166687631403,0.0937625704335633,0.95,0.372325951183672,1,1000,1000,21.0039,2.27790200688992,0,20260709,1000
150,2,14,0,Inf,0.75,0,0.3,0,"fixed",2,0.2,0.3,0.1,"fixed_2",0.938,0.00762600813007697,0.938,0,1.020179783267,-0.00455749506968633,-0.0151916502322878,0.0831345079295858,0.08321782155041,0.953,0.3291950563745,1,1000,1000,20.9958666666667,2.28832447879447,1.33333333333332e-05,20260709,1000
20,3,14,0,Inf,0.75,0,0.3,0,"fixed",2,0.2,0.3,0.1,"fixed_2",0.267,0.0139896747639107,0.267,0.00373134328358209,1.91701927150367,7.91056262056111e-05,0.00026368542068537,0.247044655165174,0.246921114613016,0.939,0.942643647309798,1,1000,1000,31.46625,2.77724221777735,0,20260709,1000
40,3,14,0,Inf,0.75,0,0.3,0,"fixed",2,0.2,0.3,0.1,"fixed_2",0.458,0.0157555069737537,0.458,0,1.4376267593538,-2.28879685782446e-05,-7.62932285941487e-05,0.161835379806746,0.161754443496602,0.948,0.647669358635718,1,1000,1000,31.48175,2.79272904663627,0,20260709,1000
60,3,14,0,Inf,0.75,0,0.3,0,"fixed",2,0.2,0.3,0.1,"fixed_2",0.583,0.0155920171882922,0.583,0.00171232876712329,1.26314536478466,-0.00915773906163725,-0.0305257968721242,0.137063272552579,0.137300468050407,0.944,0.528808975220204,1,1000,1000,31.4841666666667,2.79562429067623,0,20260709,1000
90,3,14,0,Inf,0.75,0,0.3,0,"fixed",2,0.2,0.3,0.1,"fixed_2",0.793,0.0128121426779442,0.793,0,1.12798378509694,0.0011249278903841,0.00374975963461366,0.107988954514137,0.107940808527256,0.941,0.426307040020994,1,1000,1000,31.5060444444444,2.8093977393003,0,20260709,1000
120,3,14,0,Inf,0.75,0,0.3,0,"fixed",2,0.2,0.3,0.1,"fixed_2",0.886,0.0100500746265886,0.886,0,1.07072311026986,0.0014784600828322,0.00492820027610733,0.0943805443490691,0.0943449273076805,0.954,0.368772829860502,1,1000,1000,31.5014166666667,2.78239256567917,0,20260709,1000
150,3,14,0,Inf,0.75,0,0.3,0,"fixed",2,0.2,0.3,0.1,"fixed_2",0.933,0.00790638982089803,0.933,0,1.02490991380156,-0.00434080408504595,-0.0144693469501532,0.0878635081877032,0.0879267800791333,0.942,0.327549905570537,1,1000,1000,31.49146,2.79434863875497,0,20260709,1000
20,5,14,0,Inf,0.75,0,0.3,0,"fixed",2,0.2,0.3,0.1,"fixed_2",0.284,0.0142598737722323,0.284,0.00699300699300699,1.9177338465006,0.0055329732683681,0.0184432442278937,0.250866150315471,0.250801725157382,0.928,0.947682285657771,1,1000,1000,52.4537,3.61174905255588,0,20260709,1000
40,5,14,0,Inf,0.75,0,0.3,0,"fixed",2,0.2,0.3,0.1,"fixed_2",0.478,0.0157960754619621,0.478,0,1.48969208433911,0.00892979965029389,0.029765998834313,0.170925931928691,0.171073667913213,0.939,0.65038263184494,1,1000,1000,52.477375,3.57425186054774,0,20260709,1000
60,5,14,0,Inf,0.75,0,0.3,0,"fixed",2,0.2,0.3,0.1,"fixed_2",0.606,0.0154519901630826,0.606,0,1.2525964222131,-0.0075191404208319,-0.025063801402773,0.136331630687696,0.136470746627651,0.941,0.524664884642169,1,1000,1000,52.5101666666667,3.61191978943542,0,20260709,1000
90,5,14,0,Inf,0.75,0,0.3,0,"fixed",2,0.2,0.3,0.1,"fixed_2",0.825,0.0120156148406979,0.825,0,1.122872521694,0.00484425767675106,0.0161475255891702,0.105150711745031,0.105209706494909,0.957,0.422807125801134,1,1000,1000,52.4777222222222,3.60036829458095,0,20260709,1000
120,5,14,0,Inf,0.75,0,0.3,0,"fixed",2,0.2,0.3,0.1,"fixed_2",0.912,0.00895857131466843,0.912,0,1.05809247287174,0.00249030270325923,0.0083010090108641,0.0914601884396805,0.0914483608978658,0.948,0.3643594337441,1,1000,1000,52.50715,3.5983809166187,0,20260709,1000
150,5,14,0,Inf,0.75,0,0.3,0,"fixed",2,0.2,0.3,0.1,"fixed_2",0.938,0.00762600813007697,0.938,0,1.01351293221472,-0.00675482458592891,-0.0225160819530964,0.0834935186384838,0.083724692547461,0.941,0.324770061458411,1,1000,1000,52.5217133333333,3.62824313450838,0,20260709,1000
20,8,14,0,Inf,0.75,0,0.3,0,"fixed",2,0.2,0.3,0.1,"fixed_2",0.279,0.0141830532678969,0.279,0.0176056338028169,1.89037961277637,-0.0031712201054494,-0.0105707336848313,0.250118231436549,0.250013254057074,0.93,0.929444190138505,1,1000,1000,83.99775,4.51111461444164,0,20260709,1000
40,8,14,0,Inf,0.75,0,0.3,0,"fixed",2,0.2,0.3,0.1,"fixed_2",0.452,0.0157383607786834,0.452,0,1.47764344963363,0.00240483770415878,0.00801612568052927,0.171652147574942,0.171583153461247,0.924,0.645414938198822,1,1000,1000,83.984325,4.57268369371322,0,20260709,1000
60,8,14,0,Inf,0.75,0,0.3,0,"fixed",2,0.2,0.3,0.1,"fixed_2",0.628,0.0152845019545944,0.628,0,1.24117041661383,-0.00334690429973633,-0.0111563476657878,0.131265545027396,0.13124257859559,0.948,0.519204579846825,1,1000,1000,84.0231166666667,4.5443070402903,0,20260709,1000
90,8,14,0,Inf,0.75,0,0.3,0,"fixed",2,0.2,0.3,0.1,"fixed_2",0.813,0.0123300851578568,0.813,0,1.10981071869029,2.02554481279482e-05,6.7518160426494e-05,0.104550528638723,0.10449824226216,0.952,0.419056147306899,1,1000,1000,83.9762444444444,4.57863215024045,0,20260709,1000
120,8,14,0,Inf,0.75,0,0.3,0,"fixed",2,0.2,0.3,0.1,"fixed_2",0.895,0.00969407035254026,0.895,0,1.05780404814962,-0.000918791697225918,-0.00306263899075306,0.0930092288559451,0.0929672529114854,0.94,0.362997269637213,1,1000,1000,84.0023,4.57427033591487,0,20260709,1000
150,8,14,0,Inf,0.75,0,0.3,0,"fixed",2,0.2,0.3,0.1,"fixed_2",0.958,0.00634318531969546,0.958,0,1.03191430140457,0.00222042513170995,0.00740141710569982,0.0805401126350362,0.0805304496528275,0.957,0.325651668420648,1,1000,1000,84.00592,4.56338209498545,0,20260709,1000
20,1,28,0,Inf,0.75,0,0.3,0,"fixed",2,0.2,0.3,0.1,"fixed_2",0.265,0.0139561814261638,0.265,0,1.91819512656506,0.000647085882247656,0.00215695294082552,0.247909311977232,0.247786171240847,0.942,0.962582984789916,1,1000,1000,20.99475,2.25511118367238,4.99999999999996e-05,20260709,1000
40,1,28,0,Inf,0.75,0,0.3,0,"fixed",2,0.2,0.3,0.1,"fixed_2",0.418,0.0155973074599432,0.418,0.00238663484486874,1.43735597338217,-0.00794592188535359,-0.026486406284512,0.159477500343704,0.159595669481876,0.955,0.654399895398052,1,1000,1000,20.997825,2.28196265744278,0,20260709,1000
60,1,28,0,Inf,0.75,0,0.3,0,"fixed",2,0.2,0.3,0.1,"fixed_2",0.603,0.0154722655096143,0.603,0,1.26877044515424,-0.00316756767193455,-0.0105585589064485,0.137689845093046,0.137657431449456,0.942,0.528211888589178,1,1000,1000,21.0069166666667,2.28008942973128,0,20260709,1000
90,1,28,0,Inf,0.75,0,0.3,0,"fixed",2,0.2,0.3,0.1,"fixed_2",0.806,0.0125045591685593,0.806,0,1.13493475017979,0.00510405115813045,0.0170135038604348,0.11058626742911,0.110648744048831,0.949,0.426509263533697,1,1000,1000,20.9835444444444,2.28160181773315,0,20260709,1000
120,1,28,0,Inf,0.75,0,0.3,0,"fixed",2,0.2,0.3,0.1,"fixed_2",0.878,0.0103496859855746,0.878,0,1.06522171981855,-0.002173821168797,-0.00724607056265666,0.095162691133051,0.0951399355916047,0.943,0.370145718895152,1,1000,1000,21.001975,2.28266309203788,0,20260709,1000
150,1,28,0,Inf,0.75,0,0.3,0,"fixed",2,0.2,0.3,0.1,"fixed_2",0.939,0.00756828910652864,0.939,0,1.0243612962947,-0.00318035962115365,-0.0106011987371788,0.08554586463843,0.0855622086501962,0.948,0.329091468865675,1,1000,1000,21.0027333333333,2.28116819338348,0,20260709,1000
20,2,28,0,Inf,0.75,0,0.3,0,"fixed",2,0.2,0.3,0.1,"fixed_2",0.273,0.0140879735945238,0.273,0.00364963503649635,1.89148865188972,-0.000898320138199182,-0.00299440046066394,0.246089459097311,0.245968024011251,0.935,0.940554260249525,1,1000,1000,41.9692,3.19290568946723,0,20260709,1000
40,2,28,0,Inf,0.75,0,0.3,0,"fixed",2,0.2,0.3,0.1,"fixed_2",0.476,0.0157931630777371,0.476,0,1.46774225161393,0.00657137130000479,0.021904571000016,0.168764280851315,0.168807831659354,0.938,0.641778416422083,1,1000,1000,42.006675,3.21826474016325,0,20260709,1000
60,2,28,0,Inf,0.75,0,0.3,0,"fixed",2,0.2,0.3,0.1,"fixed_2",0.643,0.0151509405648626,0.643,0,1.25807337811879,0.00248400293890033,0.00828000979633444,0.136051923877469,0.136006566515629,0.943,0.517420663659183,1,1000,1000,41.99905,3.22382454347459,0,20260709,1000
90,2,28,0,Inf,0.75,0,0.3,0,"fixed",2,0.2,0.3,0.1,"fixed_2",0.781,0.0130781879478772,0.781,0,1.14029190876547,0.00165922158460979,0.00553073861536598,0.108498518301963,0.108456947963302,0.95,0.424682824638509,1,1000,1000,42.0052777777778,3.22249754490992,0,20260709,1000
120,2,28,0,Inf,0.75,0,0.3,0,"fixed",2,0.2,0.3,0.1,"fixed_2",0.884,0.0101264011376204,0.884,0,1.0783890110694,0.00254802601885634,0.00849342006285447,0.0961344324607241,0.0961201316688329,0.943,0.36696744379731,1,1000,1000,42.01525,3.24017024797935,0,20260709,1000
150,2,28,0,Inf,0.75,0,0.3,0,"fixed",2,0.2,0.3,0.1,"fixed_2",0.96,0.00619677335393187,0.96,0,1.02237058516555,-0.000311639400513541,-0.0010387980017118,0.0820328110345352,0.0819923766167166,0.958,0.327554175144717,1,1000,1000,42.0074866666667,3.24356110770895,0,20260709,1000
20,3,28,0,Inf,0.75,0,0.3,0,"fixed",2,0.2,0.3,0.1,"fixed_2",0.274,0.0141040419738457,0.274,0.0072463768115942,1.91267464744464,0.011500273303587,0.0383342443452902,0.242990269537112,0.243140870905502,0.942,0.942424195556745,1,1000,1000,62.99015,3.89730273993095,0,20260709,1000
40,3,28,0,Inf,0.75,0,0.3,0,"fixed",2,0.2,0.3,0.1,"fixed_2",0.498,0.0158112618092295,0.498,0,1.47117582865728,0.0139998543315691,0.0466661811052303,0.169173577251524,0.16966754392677,0.939,0.645626506766467,1,1000,1000,63.0056,3.93671318528664,0,20260709,1000
60,3,28,0,Inf,0.75,0,0.3,0,"fixed",2,0.2,0.3,0.1,"fixed_2",0.595,0.0155233694795943,0.595,0,1.26570576955877,-0.00622992606204337,-0.0207664202068112,0.136056960035279,0.136131542474204,0.94,0.520837830844791,1,1000,1000,62.9939333333333,3.95113231966688,0,20260709,1000
90,3,28,0,Inf,0.75,0,0.3,0,"fixed",2,0.2,0.3,0.1,"fixed_2",0.79,0.0128802173894698,0.79,0,1.12828208053811,-0.000946812751617065,-0.00315604250539022,0.108829038051967,0.108778730541314,0.953,0.422932277833836,1,1000,1000,62.9923777777778,3.93690863769099,0,20260709,1000
120,3,28,0,Inf,0.75,0,0.3,0,"fixed",2,0.2,0.3,0.1,"fixed_2",0.895,0.00969407035254026,0.895,0,1.06239387744484,0.000333955087187643,0.00111318362395881,0.0927380174961722,0.0926922384843061,0.944,0.363585942721993,1,1000,1000,62.9805583333333,3.94472477954738,0,20260709,1000
150,3,28,0,Inf,0.75,0,0.3,0,"fixed",2,0.2,0.3,0.1,"fixed_2",0.947,0.00708456067798138,0.947,0,1.02983226896929,-0.000243659757693859,-0.000812199192312864,0.080810028190943,0.0807699805970158,0.966,0.325652957456512,1,1000,1000,63.00062,3.96588680828252,0,20260709,1000
20,5,28,0,Inf,0.75,0,0.3,0,"fixed",2,0.2,0.3,0.1,"fixed_2",0.266,0.0139729739139526,0.266,0.00374531835205993,1.90127101911717,-0.00736561915033346,-0.0245520638344449,0.25027532401685,0.250258571120741,0.928,0.932416077396814,1,1000,1000,105.0516,5.03751573583437,0,20260709,1000
40,5,28,0,Inf,0.75,0,0.3,0,"fixed",2,0.2,0.3,0.1,"fixed_2",0.457,0.0157528092732693,0.457,0.00218340611353712,1.48090405048862,0.00460960789489134,0.0153653596496378,0.169566269771391,0.169544140592603,0.936,0.643824830978003,1,1000,1000,104.9879,5.11980770756048,0,20260709,1000
60,5,28,0,Inf,0.75,0,0.3,0,"fixed",2,0.2,0.3,0.1,"fixed_2",0.617,0.0153724103510152,0.617,0,1.2623612028533,-0.000192568194387288,-0.00064189398129096,0.133917705188909,0.133850868110035,0.936,0.520397283410681,1,1000,1000,105.013633333333,5.08715271295847,0,20260709,1000
90,5,28,0,Inf,0.75,0,0.3,0,"fixed",2,0.2,0.3,0.1,"fixed_2",0.804,0.0125532465920175,0.804,0,1.11163487074902,-0.00120706351868916,-0.00402354506229718,0.105740438092606,0.105694447394867,0.943,0.419464029119225,1,1000,1000,104.988477777778,5.10404461420151,0,20260709,1000
120,5,28,0,Inf,0.75,0,0.3,0,"fixed",2,0.2,0.3,0.1,"fixed_2",0.891,0.00985489725973843,0.891,0,1.06400008944247,0.00027274604967864,0.000909153498928802,0.0909240456471085,0.0908789815368122,0.959,0.363913900902864,1,1000,1000,105.014116666667,5.10649724644015,0,20260709,1000
150,5,28,0,Inf,0.75,0,0.3,0,"fixed",2,0.2,0.3,0.1,"fixed_2",0.951,0.00682634602111555,0.951,0,1.02735234228408,-0.000364093291964185,-0.00121364430654728,0.0836616402885824,0.0836205916604614,0.95,0.325975328977724,1,1000,1000,105.012786666667,5.13909175197117,0,20260709,1000
20,8,28,0,Inf,0.75,0,0.3,0,"fixed",2,0.2,0.3,0.1,"fixed_2",0.279,0.0141830532678969,0.279,0,1.87975990509194,0.000424999971835704,0.00141666657278568,0.24276726912124,0.24264622732407,0.941,0.926347169800148,1,1000,1000,167.9839,6.39854595550837,0,20260709,1000
40,8,28,0,Inf,0.75,0,0.3,0,"fixed",2,0.2,0.3,0.1,"fixed_2",0.49,0.0158082257068907,0.49,0,1.4489107034492,0.00878235589735243,0.0292745196578414,0.163780495194757,0.163933999922961,0.937,0.637996535242041,1,1000,1000,167.951925,6.45022725656104,0,20260709,1000
60,8,28,0,Inf,0.75,0,0.3,0,"fixed",2,0.2,0.3,0.1,"fixed_2",0.626,0.0153011110707687,0.626,0,1.27577009556886,0.00344031444418547,0.0114677148139516,0.135825931730455,0.135801586184369,0.941,0.516050639653365,1,1000,1000,168.004983333333,6.44379669433455,0,20260709,1000
90,8,28,0,Inf,0.75,0,0.3,0,"fixed",2,0.2,0.3,0.1,"fixed_2",0.787,0.0129472390879291,0.787,0,1.1312329929129,-0.000929528891507436,-0.00309842963835812,0.112092674304532,0.112040469871691,0.933,0.417738498801011,1,1000,1000,168.007788888889,6.46956461103859,0,20260709,1000
120,8,28,0,Inf,0.75,0,0.3,0,"fixed",2,0.2,0.3,0.1,"fixed_2",0.895,0.00969407035254026,0.895,0,1.06367700930989,0.000156243521377109,0.000520811737923695,0.0945235088933655,0.0944763645141928,0.947,0.361968964097986,1,1000,1000,168.008541666667,6.45421718196602,0,20260709,1000
150,8,28,0,Inf,0.75,0,0.3,0,"fixed",2,0.2,0.3,0.1,"fixed_2",0.955,0.00655553201502365,0.955,0,1.02569158606885,-0.00022561262747256,-0.0007520420915752,0.0817176795498415,0.0816771220900765,0.95,0.322834727835048,1,1000,1000,168.007426666667,6.48490198463237,0,20260709,1000
20,1,21,0,Inf,0.75,0,0.3,0,"fixed",2,0.2,0.3,0.1,"fixed_2",0.256,0.0138008695378226,0.256,0.00389105058365759,1.97596081428916,0.0128755102890325,0.0429183676301083,0.245924683422992,0.246138679877798,0.943,0.977238081343668,1,1000,1000,15.7131,1.96579610441882,0.0013,20260709,1000
40,1,21,0,Inf,0.75,0,0.3,0,"fixed",2,0.2,0.3,0.1,"fixed_2",0.445,0.0157154382694216,0.445,0,1.48761024412453,0.00275781224909738,0.00919270749699127,0.172339361878183,0.172275245828668,0.951,0.659923641844965,1,1000,1000,15.7347,1.96786286670384,0.001675,20260709,1000
60,1,21,0,Inf,0.75,0,0.3,0,"fixed",2,0.2,0.3,0.1,"fixed_2",0.59,0.0155531347322654,0.59,0.00169204737732657,1.299661642055,-0.00117855049444798,-0.00392850164815994,0.142165334078485,0.142099121083494,0.931,0.534297676681029,1,1000,1000,15.7577,1.97341590365718,0.0015,20260709,1000
90,1,21,0,Inf,0.75,0,0.3,0,"fixed",2,0.2,0.3,0.1,"fixed_2",0.78,0.0130996183150503,0.78,0,1.12603240877606,-0.00243953804371183,-0.00813179347903944,0.110118794339911,0.110090753761955,0.942,0.429237590135582,1,1000,1000,15.7509666666667,1.97396720134833,0.00164444444444444,20260709,1000
120,1,21,0,Inf,0.75,0,0.3,0,"fixed",2,0.2,0.3,0.1,"fixed_2",0.882,0.0102017645532525,0.882,0,1.06700057009361,-0.000871130156648026,-0.00290376718882675,0.0967709593245846,0.0967264845726424,0.946,0.372699846711585,1,1000,1000,15.7433416666667,1.97937440362341,0.00165833333333333,20260709,1000
150,1,21,0,Inf,0.75,0,0.3,0,"fixed",2,0.2,0.3,0.1,"fixed_2",0.928,0.00817410545564467,0.928,0,1.03708289229274,-0.00196378916424622,-0.00654596388082074,0.0872456433065766,0.0872241190358724,0.938,0.331874030514842,1,1000,1000,15.7473066666667,1.98778741287465,0.0017,20260709,1000
20,2,21,0,Inf,0.75,0,0.3,0,"fixed",2,0.2,0.3,0.1,"fixed_2",0.261,0.0138880884213775,0.261,0.00381679389312977,1.90227632267818,0.00183120107159018,0.00610400357196728,0.242297287870473,0.242183032087391,0.932,0.944644893125654,1,1000,1000,31.5081,2.76200584333572,0,20260709,1000
40,2,21,0,Inf,0.75,0,0.3,0,"fixed",2,0.2,0.3,0.1,"fixed_2",0.449,0.0157289224042844,0.449,0,1.45890822855624,0.000159944039682558,0.00053314679894186,0.165075362899641,0.164992882098312,0.94,0.64812987143724,1,1000,1000,31.509725,2.77687805066186,0,20260709,1000
60,2,21,0,Inf,0.75,0,0.3,0,"fixed",2,0.2,0.3,0.1,"fixed_2",0.632,0.0152504426165276,0.632,0,1.27483336380863,0.0044040734050953,0.014680244683651,0.135254450406605,0.135258524503987,0.944,0.527230418278236,1,1000,1000,31.5083333333333,2.81476503419271,0,20260709,1000
90,2,21,0,Inf,0.75,0,0.3,0,"fixed",2,0.2,0.3,0.1,"fixed_2",0.758,0.0135438546950268,0.758,0,1.12462226607726,-0.00807114778419327,-0.0269038259473109,0.11142347585916,0.111659837041429,0.946,0.424310385536025,1,1000,1000,31.5031666666667,2.79481416498703,0,20260709,1000
120,2,21,0,Inf,0.75,0,0.3,0,"fixed",2,0.2,0.3,0.1,"fixed_2",0.877,0.0103860964755773,0.877,0,1.09172033191545,0.00417605921725639,0.0139201973908546,0.0992588828031862,0.0992970944192596,0.931,0.367258172189518,1,1000,1000,31.4976416666667,2.80026597938799,0,20260709,1000
150,2,21,0,Inf,0.75,0,0.3,0,"fixed",2,0.2,0.3,0.1,"fixed_2",0.944,0.00727076337120113,0.944,0,1.03661468548885,0.000663339736942326,0.00221113245647442,0.0875773781676778,0.087536091923071,0.941,0.329288203308115,1,1000,1000,31.4992,2.79752195807138,0,20260709,1000
20,3,21,0,Inf,0.75,0,0.3,0,"fixed",2,0.2,0.3,0.1,"fixed_2",0.248,0.0136563538325572,0.248,0,1.86595623364985,-0.00795365948034499,-0.0265121982678166,0.239311225874161,0.239323742377755,0.932,0.941639243232161,1,1000,1000,47.24485,3.3895955644455,0,20260709,1000
40,3,21,0,Inf,0.75,0,0.3,0,"fixed",2,0.2,0.3,0.1,"fixed_2",0.476,0.0157931630777371,0.476,0,1.47705957915523,0.000792416367165316,0.00264138789055105,0.179000465624715,0.178912697846939,0.925,0.643195782020407,1,1000,1000,47.235075,3.44327236934726,0,20260709,1000
60,3,21,0,Inf,0.75,0,0.3,0,"fixed",2,0.2,0.3,0.1,"fixed_2",0.605,0.0154588162548107,0.605,0,1.27811495887785,-0.00174841234378503,-0.00582804114595011,0.140296502830621,0.14023723665104,0.925,0.522461634659107,1,1000,1000,47.2183166666667,3.43146353376449,0,20260709,1000
90,3,21,0,Inf,0.75,0,0.3,0,"fixed",2,0.2,0.3,0.1,"fixed_2",0.801,0.0126253316788115,0.801,0,1.13338320318896,0.00286619158685253,0.0095539719561751,0.108729916196909,0.108713327314195,0.945,0.424164739794471,1,1000,1000,47.2378222222222,3.41819250808111,0,20260709,1000
120,3,21,0,Inf,0.75,0,0.3,0,"fixed",2,0.2,0.3,0.1,"fixed_2",0.903,0.00935900635751467,0.903,0,1.06966813618694,0.00330437135235945,0.0110145711745315,0.0927439271705812,0.0927564200528963,0.948,0.367194423516255,1,1000,1000,47.2377916666667,3.41507293329012,0,20260709,1000
150,3,21,0,Inf,0.75,0,0.3,0,"fixed",2,0.2,0.3,0.1,"fixed_2",0.957,0.00641490451994416,0.957,0,1.02601548396296,0.000255946548451569,0.00085315516150523,0.0812883876414047,0.0812481364217642,0.952,0.325444568352155,1,1000,1000,47.2507,3.4198178633058,0,20260709,1000
20,5,21,0,Inf,0.75,0,0.3,0,"fixed",2,0.2,0.3,0.1,"fixed_2",0.279,0.0141830532678969,0.279,0.00711743772241993,1.90198277269447,-0.000247777450757269,-0.000825924835857565,0.246309361837212,0.246186301041693,0.938,0.931829117162527,1,1000,1000,78.6956,4.40798285498862,0,20260709,1000
40,5,21,0,Inf,0.75,0,0.3,0,"fixed",2,0.2,0.3,0.1,"fixed_2",0.447,0.0157223089907303,0.447,0,1.43879221752554,-0.00297557918214741,-0.00991859727382471,0.161942616787356,0.16188897365872,0.947,0.643290250101812,1,1000,1000,78.77485,4.40683668859021,0,20260709,1000
60,5,21,0,Inf,0.75,0,0.3,0,"fixed",2,0.2,0.3,0.1,"fixed_2",0.622,0.0153334927527945,0.622,0,1.24633893886487,-0.00123486192194627,-0.00411620640648758,0.129613717326329,0.12955477948496,0.942,0.51510375807623,1,1000,1000,78.7662666666667,4.40702452713615,0,20260709,1000
90,5,21,0,Inf,0.75,0,0.3,0,"fixed",2,0.2,0.3,0.1,"fixed_2",0.806,0.0125045591685593,0.806,0,1.12131249116459,0.00135156888310356,0.0045052296103452,0.108284004901704,0.108238288189903,0.952,0.420237467829081,1,1000,1000,78.7607777777778,4.43991601682461,0,20260709,1000
120,5,21,0,Inf,0.75,0,0.3,0,"fixed",2,0.2,0.3,0.1,"fixed_2",0.904,0.00931579304192617,0.904,0,1.06060975861133,-0.000158211547381104,-0.00052737182460368,0.0972703099681043,0.0972217913792146,0.935,0.364940836326383,1,1000,1000,78.7704833333333,4.43136870075362,0,20260709,1000
150,5,21,0,Inf,0.75,0,0.3,0,"fixed",2,0.2,0.3,0.1,"fixed_2",0.947,0.00708456067798138,0.947,0,1.04662358957228,0.00448958395796956,0.0149652798598985,0.0850580498722973,0.0851339728918239,0.946,0.325071086957897,1,1000,1000,78.76528,4.41745665608299,0,20260709,1000
20,8,21,0,Inf,0.75,0,0.3,0,"fixed",2,0.2,0.3,0.1,"fixed_2",0.26,0.0138708327075198,0.26,0.0114068441064639,1.93091924090531,-0.00524501256187687,-0.0174833752062562,0.251832116337715,0.251760810216935,0.924,0.934334476215039,1,1000,1000,126.0613,5.57963932426092,0,20260709,1000
40,8,21,0,Inf,0.75,0,0.3,0,"fixed",2,0.2,0.3,0.1,"fixed_2",0.445,0.0157154382694216,0.445,0,1.46131613109302,-0.00343611999710308,-0.0114537333236769,0.166794095047557,0.166746084791294,0.93,0.637736726599412,1,1000,1000,125.99045,5.55954882056371,0,20260709,1000
60,8,21,0,Inf,0.75,0,0.3,0,"fixed",2,0.2,0.3,0.1,"fixed_2",0.623,0.0153255016231117,0.623,0,1.25746153606502,-0.00113171997866768,-0.00377239992889226,0.136205063579882,0.13614164798314,0.941,0.519284090647477,1,1000,1000,125.969083333333,5.59291728089765,0,20260709,1000
90,8,21,0,Inf,0.75,0,0.3,0,"fixed",2,0.2,0.3,0.1,"fixed_2",0.811,0.012380589646701,0.811,0,1.13247546179749,0.004887226283048,0.0162907542768267,0.107961297550948,0.108017920308887,0.943,0.420537648676512,1,1000,1000,126.016133333333,5.59570878545209,0,20260709,1000
120,8,21,0,Inf,0.75,0,0.3,0,"fixed",2,0.2,0.3,0.1,"fixed_2",0.899,0.00952885092757778,0.899,0,1.06785173697854,0.00173160655279897,0.00577202184266323,0.0941668961091566,0.0941357284975453,0.938,0.360845445710652,1,1000,1000,125.984741666667,5.60322587565523,0,20260709,1000
150,8,21,0,Inf,0.75,0,0.3,0,"fixed",2,0.2,0.3,0.1,"fixed_2",0.961,0.00612200947402077,0.961,0,1.03836412515561,0.00457235802079903,0.0152411934026634,0.0806569385153294,0.0807461618085053,0.944,0.323772567859464,1,1000,1000,125.998813333333,5.59893022296747,0,20260709,1000
20,4,3,0,Inf,0.75,0,0.3,0,"fixed",2,0.2,0.3,0.1,"fixed_2",0.204498977505112,0.0128972320592386,0.2,0.0099009900990099,1.97488959515685,-0.0139962007943091,-0.0466540026476969,0.262144637813471,0.262384144176957,0.941717791411043,1.00143269394439,0.978,978,1000,9.0006,1.48563010365795,0.6101,20260709,1000
40,4,3,0,Inf,0.75,0,0.3,0,"fixed",2,0.2,0.3,0.1,"fixed_2",0.411463664278403,0.0157436382907341,0.402,0,1.49427755311523,-0.00615822829022639,-0.020527427634088,0.178713498442076,0.178728139663296,0.934493346980553,0.663037729112828,0.977,977,1000,9.005425,1.49062931111743,0.606725,20260709,1000
60,4,3,0,Inf,0.75,0,0.3,0,"fixed",2,0.2,0.3,0.1,"fixed_2",0.556237218813906,0.0158867855217082,0.544,0,1.25039486561949,-0.0137162259404273,-0.0457207531347575,0.134103254521706,0.134734663333403,0.958077709611452,0.527365703690108,0.978,978,1000,9.0007,1.48683144222524,0.6115,20260709,1000
90,4,3,0,Inf,0.75,0,0.3,0,"fixed",2,0.2,0.3,0.1,"fixed_2",0.724974721941355,0.014198732996047,0.717,0,1.10577632504299,-0.0186671485992298,-0.0622238286640993,0.114100741846553,0.115560711082443,0.938321536905966,0.427467654297842,0.989,989,1000,9.00051111111111,1.49269015546714,0.6073,20260709,1000
120,4,3,0,Inf,0.75,0,0.3,0,"fixed",2,0.2,0.3,0.1,"fixed_2",0.867336683417085,0.010753695684298,0.863,0,1.0199517130371,-0.015593019556478,-0.0519767318549267,0.090676474700601,0.0919625020443086,0.954773869346734,0.366051524643489,0.995,995,1000,9.00320833333333,1.49623158892309,0.607225,20260709,1000
150,4,3,0,Inf,0.75,0,0.3,0,"fixed",2,0.2,0.3,0.1,"fixed_2",0.912562814070352,0.00895504823497933,0.908,0,0.982065784954244,-0.0199854150010299,-0.066618050003433,0.0837931921858048,0.0861026090631642,0.937688442211055,0.32495533065872,0.995,995,1000,8.99722,1.49619167988584,0.610466666666667,20260709,1000
20,6,3,0,Inf,0.75,0,0.3,0,"fixed",2,0.2,0.3,0.1,"fixed_2",0.255,0.0137831418769452,0.255,0.00390625,2.03395657680827,0.00515674380594022,0.0171891460198007,0.272987562171502,0.272899759798208,0.921,0.983963945396556,1,1000,1000,13.5064,1.80980796697552,0.01865,20260709,1000
40,6,3,0,Inf,0.75,0,0.3,0,"fixed",2,0.2,0.3,0.1,"fixed_2",0.449,0.0157289224042844,0.449,0,1.49572215408878,0.000796093679712284,0.00265364559904095,0.179117910644881,0.179030099293444,0.935,0.662209717646255,1,1000,1000,13.500225,1.83146426305947,0.020175,20260709,1000
60,6,3,0,Inf,0.75,0,0.3,0,"fixed",2,0.2,0.3,0.1,"fixed_2",0.578,0.015617810345884,0.578,0,1.26747318731343,-0.00890238421464001,-0.0296746140488,0.137478057243323,0.137697379974639,0.954,0.538629673112086,1,1000,1000,13.4994333333333,1.82383158669586,0.0193333333333333,20260709,1000
90,6,3,0,Inf,0.75,0,0.3,0,"fixed",2,0.2,0.3,0.1,"fixed_2",0.782,0.0130566458173606,0.782,0,1.14208965040724,0.00205935900957016,0.00686453003190054,0.110049083275813,0.110013321414488,0.95,0.429090160078034,1,1000,1000,13.4972666666667,1.83484503332719,0.0197111111111111,20260709,1000
120,6,3,0,Inf,0.75,0,0.3,0,"fixed",2,0.2,0.3,0.1,"fixed_2",0.862,0.0109066951914867,0.862,0,1.07907996807289,-0.00202179805850389,-0.00673932686167963,0.100578573632582,0.100548600646057,0.934,0.375013372660585,1,1000,1000,13.504175,1.82802996793401,0.01895,20260709,1000
150,6,3,0,Inf,0.75,0,0.3,0,"fixed",2,0.2,0.3,0.1,"fixed_2",0.929,0.00812151463706124,0.929,0,0.999162366256884,-0.0124950325461481,-0.0416501084871605,0.0826935637158442,0.0835913458013189,0.953,0.329907108063408,1,1000,1000,13.5004666666667,1.83585175997057,0.0198333333333333,20260709,1000
20,7,3,0,Inf,0.75,0,0.3,0,"fixed",2,0.2,0.3,0.1,"fixed_2",0.246,0.0136192510807313,0.246,0.0120481927710843,1.963903647213,-0.00143868696984428,-0.00479562323281428,0.260165936062757,0.260039800402401,0.946,0.984684651850571,1,1000,1000,15.7568,1.95618049120715,0.00125,20260709,1000
40,7,3,0,Inf,0.75,0,0.3,0,"fixed",2,0.2,0.3,0.1,"fixed_2",0.456,0.0157500476189756,0.456,0,1.4807098599794,0.00108535235993096,0.00361784119976986,0.172296102426527,0.172213353007849,0.944,0.659658970305449,1,1000,1000,15.7469,1.97624720645128,0.001425,20260709,1000
60,7,3,0,Inf,0.75,0,0.3,0,"fixed",2,0.2,0.3,0.1,"fixed_2",0.603,0.0154722655096143,0.603,0,1.27574861939087,-0.00132702493766124,-0.00442341645887079,0.136026584832389,0.135965030594514,0.955,0.532694725323055,1,1000,1000,15.7574833333333,1.96634725550532,0.0017,20260709,1000
90,7,3,0,Inf,0.75,0,0.3,0,"fixed",2,0.2,0.3,0.1,"fixed_2",0.749,0.0137112727345057,0.749,0,1.14279140638324,-0.00539697800762801,-0.0179899266920934,0.11472745405743,0.114797010838262,0.94,0.43214086710911,1,1000,1000,15.7442,1.97270127049041,0.00172222222222222,20260709,1000
120,7,3,0,Inf,0.75,0,0.3,0,"fixed",2,0.2,0.3,0.1,"fixed_2",0.884,0.0101264011376204,0.884,0,1.04754785740763,-0.00560967479011037,-0.0186989159670346,0.0952043379925024,0.0953219311484448,0.944,0.372026856400203,1,1000,1000,15.7548166666667,1.98028637678293,0.00168333333333333,20260709,1000
150,7,3,0,Inf,0.75,0,0.3,0,"fixed",2,0.2,0.3,0.1,"fixed_2",0.941,0.00745110730026082,0.941,0,1.01376077097807,-0.00589273788226552,-0.0196424596075517,0.0820855058835981,0.082255799829794,0.953,0.331208561779749,1,1000,1000,15.7535866666667,1.98277020244617,0.00174,20260709,1000
20,4,7,0,Inf,0.75,0,0.3,0,"fixed",2,0.2,0.3,0.1,"fixed_2",0.236,0.0134277324965908,0.236,0.00421940928270042,1.98873434538516,-0.00230443821530008,-0.00768146071766692,0.251695353154685,0.251580028389278,0.945,0.972344630890351,1,1000,1000,21.01095,2.24675600098373,0,20260709,1000
40,4,7,0,Inf,0.75,0,0.3,0,"fixed",2,0.2,0.3,0.1,"fixed_2",0.484,0.0158032907965398,0.484,0,1.48631529515837,0.0154220781170329,0.0514069270567765,0.166872708401062,0.167500730749883,0.952,0.654514973272279,1,1000,1000,21.005575,2.2923059596521,0,20260709,1000
60,4,7,0,Inf,0.75,0,0.3,0,"fixed",2,0.2,0.3,0.1,"fixed_2",0.631,0.0152590628807932,0.631,0,1.24983785153977,-0.00099122898320525,-0.00330409661068417,0.132601276022221,0.132538665449806,0.944,0.525539084605385,1,1000,1000,21.0042166666667,2.28319649208558,0,20260709,1000
90,4,7,0,Inf,0.75,0,0.3,0,"fixed",2,0.2,0.3,0.1,"fixed_2",0.777,0.0131632442809514,0.777,0,1.13691160750376,-0.00101274129065659,-0.00337580430218865,0.111510235790121,0.111459067815069,0.951,0.429591472215811,1,1000,1000,21.0141444444444,2.28460205693992,0,20260709,1000
120,4,7,0,Inf,0.75,0,0.3,0,"fixed",2,0.2,0.3,0.1,"fixed_2",0.89,0.00989444288477123,0.89,0,1.07504837675925,0.00186823227084143,0.00622744090280477,0.0959654989908365,0.095935696752468,0.948,0.36865826223145,1,1000,1000,21.007675,2.29108660305159,0,20260709,1000
150,4,7,0,Inf,0.75,0,0.3,0,"fixed",2,0.2,0.3,0.1,"fixed_2",0.942,0.00739161687318817,0.942,0,1.0299614614362,-0.00142584402281165,-0.00475281340937217,0.086593392239856,0.0865618287422541,0.946,0.329967057462599,1,1000,1000,21.0051866666667,2.28520792304313,0,20260709,1000
20,6,7,0,Inf,0.75,0,0.3,0,"fixed",2,0.2,0.3,0.1,"fixed_2",0.281,0.014214042352547,0.281,0.00706713780918728,1.86653907692635,0.00113840278702065,0.00379467595673551,0.239773614726277,0.239656401736928,0.938,0.93362824195395,1,1000,1000,31.5004,2.7758937435303,0,20260709,1000
40,6,7,0,Inf,0.75,0,0.3,0,"fixed",2,0.2,0.3,0.1,"fixed_2",0.438,0.0156893594515519,0.438,0,1.47370391701085,-0.00341847035351767,-0.0113949011783922,0.172922605257851,0.172869925439075,0.922,0.648262454042863,1,1000,1000,31.536525,2.76600502666352,0,20260709,1000
60,6,7,0,Inf,0.75,0,0.3,0,"fixed",2,0.2,0.3,0.1,"fixed_2",0.617,0.0153724103510152,0.617,0,1.27836179030487,0.00329638212287436,0.0109879404095812,0.138677185766704,0.1386470216969,0.943,0.527841242444272,1,1000,1000,31.5093666666667,2.79071043130359,0,20260709,1000
90,6,7,0,Inf,0.75,0,0.3,0,"fixed",2,0.2,0.3,0.1,"fixed_2",0.764,0.0134277324965908,0.764,0,1.13302989746043,-0.00368489992542481,-0.012282999751416,0.11157537750235,0.111580438641312,0.942,0.426051601246555,1,1000,1000,31.4973111111111,2.79473095161272,0,20260709,1000
120,6,7,0,Inf,0.75,0,0.3,0,"fixed",2,0.2,0.3,0.1,"fixed_2",0.912,0.00895857131466843,0.912,0,1.06223692286613,0.00344867600053739,0.011495586668458,0.0899142395909066,0.0899354172553084,0.955,0.367791836417586,1,1000,1000,31.502725,2.80431882314177,0,20260709,1000
150,6,7,0,Inf,0.75,0,0.3,0,"fixed",2,0.2,0.3,0.1,"fixed_2",0.946,0.00714730718522718,0.946,0,1.04832525918921,0.00458690141882157,0.0152896713960719,0.0855899692501284,0.0856700464458126,0.945,0.328483125960168,1,1000,1000,31.5112933333333,2.80490753496797,0,20260709,1000
20,7,7,0,Inf,0.75,0,0.3,0,"fixed",2,0.2,0.3,0.1,"fixed_2",0.264,0.0139392969693597,0.264,0.00377358490566038,1.87387740614113,-0.00807775025683266,-0.0269258341894422,0.249728923903754,0.249734701128827,0.935,0.93996801442532,1,1000,1000,36.7454,2.99113111350606,0,20260709,1000
40,7,7,0,Inf,0.75,0,0.3,0,"fixed",2,0.2,0.3,0.1,"fixed_2",0.46,0.0157607106438764,0.46,0,1.4607990787277,0.00344932098744594,0.0114977366248198,0.165308014085386,0.165261340296537,0.942,0.648942583359717,1,1000,1000,36.758625,3.00216738246408,0,20260709,1000
60,7,7,0,Inf,0.75,0,0.3,0,"fixed",2,0.2,0.3,0.1,"fixed_2",0.623,0.0153255016231117,0.623,0,1.2679628505089,-0.00059828282345592,-0.0019942760781864,0.137933213027195,0.137865527334016,0.944,0.52877391216862,1,1000,1000,36.75395,3.02772062122189,0,20260709,1000
90,7,7,0,Inf,0.75,0,0.3,0,"fixed",2,0.2,0.3,0.1,"fixed_2",0.781,0.0130781879478772,0.781,0,1.10764927141384,-0.0053210111537712,-0.017736703845904,0.105531121111463,0.105612470216437,0.959,0.423007035763897,1,1000,1000,36.7525111111111,3.02984380578244,0,20260709,1000
120,7,7,0,Inf,0.75,0,0.3,0,"fixed",2,0.2,0.3,0.1,"fixed_2",0.881,0.0102390917565964,0.881,0,1.05961469767481,-0.00245193130698285,-0.00817310435660949,0.0933777922769895,0.0933632938877385,0.946,0.365583205116973,1,1000,1000,36.7489833333333,3.01706555181854,0,20260709,1000
150,7,7,0,Inf,0.75,0,0.3,0,"fixed",2,0.2,0.3,0.1,"fixed_2",0.951,0.00682634602111555,0.951,0,1.04060076063186,0.00347187574399094,0.0115729191466365,0.0826729652709103,0.0827045239916183,0.948,0.327323065054845,1,1000,1000,36.7504533333333,3.03223388622578,0,20260709,1000
20,4,14,0,Inf,0.75,0,0.3,0,"fixed",2,0.2,0.3,0.1,"fixed_2",0.285,0.0142749781085647,0.285,0.0034965034965035,1.91292069129635,0.00632985944468417,0.0210995314822806,0.251717360877006,0.251671085462171,0.927,0.950336525263378,1,1000,1000,41.9855,3.2130246725827,0,20260709,1000
40,4,14,0,Inf,0.75,0,0.3,0,"fixed",2,0.2,0.3,0.1,"fixed_2",0.467,0.0157769135131052,0.467,0,1.43861422270485,0.00180574459774313,0.00601914865914377,0.163911075969196,0.163839051199971,0.948,0.645255400276092,1,1000,1000,42.021825,3.20422334443743,0,20260709,1000
60,4,14,0,Inf,0.75,0,0.3,0,"fixed",2,0.2,0.3,0.1,"fixed_2",0.61,0.0154240072614091,0.61,0,1.2760957649575,-0.00181063958371436,-0.00603546527904786,0.136489630915223,0.13643338427133,0.94,0.519822938308225,1,1000,1000,41.9949666666667,3.21478859451314,0,20260709,1000
90,4,14,0,Inf,0.75,0,0.3,0,"fixed",2,0.2,0.3,0.1,"fixed_2",0.8,0.0126491106406735,0.8,0,1.12954261744624,0.00138162382004525,0.00460541273348418,0.10679247442141,0.106748006280373,0.956,0.425977563823164,1,1000,1000,41.9822,3.23790442646221,0,20260709,1000
120,4,14,0,Inf,0.75,0,0.3,0,"fixed",2,0.2,0.3,0.1,"fixed_2",0.903,0.00935900635751467,0.903,0,1.07166820201379,0.00412232656907913,0.0137410885635971,0.0910763175835195,0.091124059969317,0.955,0.368812170550755,1,1000,1000,42.0026083333333,3.22970482970335,0,20260709,1000
150,4,14,0,Inf,0.75,0,0.3,0,"fixed",2,0.2,0.3,0.1,"fixed_2",0.947,0.00708456067798138,0.947,0,1.0335999415277,0.000306571849781057,0.00102190616593686,0.08566274334974,0.0856204501208929,0.945,0.32699243896055,1,1000,1000,41.9992933333333,3.2272240629087,0,20260709,1000
20,6,14,0,Inf,0.75,0,0.3,0,"fixed",2,0.2,0.3,0.1,"fixed_2",0.285,0.0142749781085647,0.285,0,1.92162182172472,0.00688001351880968,0.0229333783960323,0.244689566700907,0.244663944328224,0.937,0.931027365481894,1,1000,1000,62.9684,3.93719373825416,0,20260709,1000
40,6,14,0,Inf,0.75,0,0.3,0,"fixed",2,0.2,0.3,0.1,"fixed_2",0.456,0.0157500476189756,0.456,0,1.45140576827317,-0.0043636436739049,-0.0145454789130163,0.169953586009425,0.16992462612046,0.931,0.647243732697239,1,1000,1000,62.983525,3.96337510906908,0,20260709,1000
60,6,14,0,Inf,0.75,0,0.3,0,"fixed",2,0.2,0.3,0.1,"fixed_2",0.614,0.015394934231753,0.614,0,1.27685668380373,0.00116712697358501,0.00389042324528336,0.135647388562415,0.135584571375771,0.936,0.518478249094665,1,1000,1000,62.9972666666667,3.96916113016571,0,20260709,1000
90,6,14,0,Inf,0.75,0,0.3,0,"fixed",2,0.2,0.3,0.1,"fixed_2",0.811,0.012380589646701,0.811,0,1.13788860230563,0.00512134842492257,0.0170711614164086,0.108700231300845,0.108766505663563,0.947,0.420829924870414,1,1000,1000,62.9959666666667,3.9570306669257,0,20260709,1000
120,6,14,0,Inf,0.75,0,0.3,0,"fixed",2,0.2,0.3,0.1,"fixed_2",0.878,0.0103496859855746,0.878,0,1.05582434482689,-0.00458723948820572,-0.0152907982940191,0.0899826637193222,0.0900545704358016,0.958,0.363018648743941,1,1000,1000,63.00065,3.96245105269693,0,20260709,1000
150,6,14,0,Inf,0.75,0,0.3,0,"fixed",2,0.2,0.3,0.1,"fixed_2",0.944,0.00727076337120113,0.944,0,1.02166306084229,-0.00301968785577389,-0.010065626185913,0.0808046262568413,0.0808206455779067,0.959,0.324785197371382,1,1000,1000,63.0082533333333,3.96380494869542,0,20260709,1000
20,7,14,0,Inf,0.75,0,0.3,0,"fixed",2,0.2,0.3,0.1,"fixed_2",0.257,0.0138185020895899,0.257,0,1.86230030741685,-0.00875304777521735,-0.0291768259173912,0.237902615274648,0.237944683793351,0.95,0.938647195833477,1,1000,1000,73.44355,4.23730446734433,0,20260709,1000
40,7,14,0,Inf,0.75,0,0.3,0,"fixed",2,0.2,0.3,0.1,"fixed_2",0.47,0.0157829021412413,0.47,0,1.47174786276732,0.000805081124857832,0.00268360374952611,0.176339321861921,0.176252968865506,0.933,0.639460024653793,1,1000,1000,73.531275,4.27020379283351,0,20260709,1000
60,7,14,0,Inf,0.75,0,0.3,0,"fixed",2,0.2,0.3,0.1,"fixed_2",0.611,0.0154168414404508,0.611,0,1.25497727758476,-0.00217097394608745,-0.0072365798202915,0.129889409196708,0.129842598906225,0.945,0.519048488774077,1,1000,1000,73.4848666666667,4.28126414611833,0,20260709,1000
90,7,14,0,Inf,0.75,0,0.3,0,"fixed",2,0.2,0.3,0.1,"fixed_2",0.797,0.0127197091161709,0.797,0,1.11193712768035,-0.00281830451756943,-0.00939434839189809,0.103249949371506,0.103236787694732,0.955,0.41919499718585,1,1000,1000,73.4945333333333,4.26695808211441,0,20260709,1000
120,7,14,0,Inf,0.75,0,0.3,0,"fixed",2,0.2,0.3,0.1,"fixed_2",0.872,0.0105648473723003,0.872,0,1.05911358014929,-0.00495579491266357,-0.0165193163755452,0.0934351975651714,0.0935198690713099,0.951,0.362971457192575,1,1000,1000,73.4913583333333,4.26579797632647,0,20260709,1000
150,7,14,0,Inf,0.75,0,0.3,0,"fixed",2,0.2,0.3,0.1,"fixed_2",0.948,0.00702111102319284,0.948,0,1.0523984295135,0.00604532954659809,0.0201510984886603,0.0853688422402423,0.0855400338761968,0.935,0.323127354576896,1,1000,1000,73.4978866666667,4.28148305935083,0,20260709,1000
20,4,28,0,Inf,0.75,0,0.3,0,"fixed",2,0.2,0.3,0.1,"fixed_2",0.252,0.013729384545565,0.252,0.0078740157480315,1.93329317090319,-0.000235584398033728,-0.000785281326779093,0.245485949984959,0.245363289406518,0.929,0.940213127170826,1,1000,1000,83.97635,4.54609144494996,0,20260709,1000
40,4,28,0,Inf,0.75,0,0.3,0,"fixed",2,0.2,0.3,0.1,"fixed_2",0.48,0.0157987341265052,0.48,0,1.45323210905795,0.00411454880308026,0.0137151626769342,0.164211145380642,0.164180584963046,0.958,0.645533652062916,1,1000,1000,84.01325,4.5479361698053,0,20260709,1000
60,4,28,0,Inf,0.75,0,0.3,0,"fixed",2,0.2,0.3,0.1,"fixed_2",0.642,0.0151603430040352,0.642,0,1.27721876880051,0.00417347015835984,0.0139115671945328,0.141149231589085,0.141140356828845,0.934,0.517991531265606,1,1000,1000,84.01605,4.56267064674072,0,20260709,1000
90,4,28,0,Inf,0.75,0,0.3,0,"fixed",2,0.2,0.3,0.1,"fixed_2",0.797,0.0127197091161709,0.797,0,1.10901312294826,-0.00243235245314782,-0.00810784151049275,0.102178147837791,0.102156007459778,0.961,0.419045888120236,1,1000,1000,83.9822888888889,4.57019182328899,0,20260709,1000
120,4,28,0,Inf,0.75,0,0.3,0,"fixed",2,0.2,0.3,0.1,"fixed_2",0.899,0.00952885092757778,0.899,0,1.06997361943278,0.00246831383438845,0.00822771278129482,0.0988498584749928,0.0988312491026528,0.944,0.362579928957214,1,1000,1000,84.032725,4.55061585494068,0,20260709,1000
150,4,28,0,Inf,0.75,0,0.3,0,"fixed",2,0.2,0.3,0.1,"fixed_2",0.946,0.00714730718522718,0.946,0,1.03338458142914,0.000323267821143169,0.00107755940381056,0.0827690129191939,0.0827282496623871,0.951,0.324213099735157,1,1000,1000,83.9892866666667,4.57291688578062,0,20260709,1000
20,6,28,0,Inf,0.75,0,0.3,0,"fixed",2,0.2,0.3,0.1,"fixed_2",0.269,0.0140228028582021,0.269,0,1.86186559940523,-0.000493851113039068,-0.00164617037679689,0.24568845788859,0.245566079518845,0.94,0.925359732073887,1,1000,1000,126.0075,5.52628148456667,0,20260709,1000
40,6,28,0,Inf,0.75,0,0.3,0,"fixed",2,0.2,0.3,0.1,"fixed_2",0.459,0.0157581407532742,0.459,0,1.45037093737075,-0.00222894150978026,-0.00742980503260086,0.165688831369843,0.165620965557256,0.948,0.640265729535705,1,1000,1000,125.99245,5.594824130604,0,20260709,1000
60,6,28,0,Inf,0.75,0,0.3,0,"fixed",2,0.2,0.3,0.1,"fixed_2",0.64,0.0151789327688082,0.64,0,1.26213172631849,0.00549432064222904,0.0183144021407635,0.130722270414742,0.130772364166602,0.95,0.51529746783212,1,1000,1000,126.003966666667,5.59156411225403,0,20260709,1000
90,6,28,0,Inf,0.75,0,0.3,0,"fixed",2,0.2,0.3,0.1,"fixed_2",0.774,0.0132258837133857,0.774,0,1.1366577630032,-0.000969407657901378,-0.00323135885967126,0.109859219162385,0.109808554940593,0.946,0.420976553883119,1,1000,1000,125.980355555556,5.59605302000569,0,20260709,1000
120,6,28,0,Inf,0.75,0,0.3,0,"fixed",2,0.2,0.3,0.1,"fixed_2",0.892,0.00981509042240569,0.892,0,1.06840828084851,0.00198289796619022,0.00660965988730074,0.0929399794533784,0.0929146588292608,0.954,0.363468255824653,1,1000,1000,125.994383333333,5.5992857547928,0,20260709,1000
150,6,28,0,Inf,0.75,0,0.3,0,"fixed",2,0.2,0.3,0.1,"fixed_2",0.95,0.00689202437604511,0.95,0,1.03061479084275,-0.000250333337140918,-0.000834444457136393,0.0808286838674188,0.0807886472617476,0.95,0.323617146260081,1,1000,1000,125.986013333333,5.60156478346809,0,20260709,1000
20,7,28,0,Inf,0.75,0,0.3,0,"fixed",2,0.2,0.3,0.1,"fixed_2",0.282,0.0142294061717276,0.282,0.00704225352112676,1.83745519368425,-0.000209382873153419,-0.000697942910511395,0.240025728451815,0.239905776941059,0.939,0.940360172858238,1,1000,1000,147.01735,5.94719176662898,0,20260709,1000
40,7,28,0,Inf,0.75,0,0.3,0,"fixed",2,0.2,0.3,0.1,"fixed_2",0.473,0.0157883184665119,0.473,0,1.44330391347078,0.00563794886039021,0.0187931628679674,0.162737910857584,0.16275420261859,0.943,0.63809673566879,1,1000,1000,147.0001,6.0044818399776,0,20260709,1000
60,7,28,0,Inf,0.75,0,0.3,0,"fixed",2,0.2,0.3,0.1,"fixed_2",0.603,0.0154722655096143,0.603,0,1.25692028952965,-0.00499839704958271,-0.016661323498609,0.134131170880481,0.134157235376376,0.951,0.51850322611432,1,1000,1000,147.004283333333,6.02896729332423,0,20260709,1000
90,7,28,0,Inf,0.75,0,0.3,0,"fixed",2,0.2,0.3,0.1,"fixed_2",0.801,0.0126253316788115,0.801,0,1.13746744541489,0.00395182484454287,0.0131727494818096,0.108885324331984,0.108902592993135,0.941,0.419561665200689,1,1000,1000,146.995133333333,6.05491469541403,0,20260709,1000
120,7,28,0,Inf,0.75,0,0.3,0,"fixed",2,0.2,0.3,0.1,"fixed_2",0.894,0.00973468027209934,0.894,0,1.07261688977532,0.00233250929817397,0.00777503099391323,0.0947825536199653,0.0947638609274493,0.933,0.362330932363237,1,1000,1000,147.002183333333,6.05451596874852,0,20260709,1000
150,7,28,0,Inf,0.75,0,0.3,0,"fixed",2,0.2,0.3,0.1,"fixed_2",0.95,0.00689202437604511,0.95,0,1.02350174589922,-0.00175075112839823,-0.00583583709466077,0.0848108531092659,0.0847865145753141,0.946,0.322901726205372,1,1000,1000,146.999486666667,6.04202845404681,0,20260709,1000
20,4,21,0,Inf,0.75,0,0.3,0,"fixed",2,0.2,0.3,0.1,"fixed_2",0.287,0.0143049292203771,0.287,0,1.90071983648729,-0.00432736645963477,-0.0144245548654492,0.253179669295724,0.253090045438819,0.926,0.933754826227664,1,1000,1000,63.01415,3.90641551854167,0,20260709,1000
40,4,21,0,Inf,0.75,0,0.3,0,"fixed",2,0.2,0.3,0.1,"fixed_2",0.444,0.0157119063133663,0.444,0.00224719101123596,1.47415229557095,-0.00153851555081713,-0.00512838516939044,0.172146943465336,0.172067726795042,0.931,0.644438150634188,1,1000,1000,63.01355,3.92876335702794,0,20260709,1000
60,4,21,0,Inf,0.75,0,0.3,0,"fixed",2,0.2,0.3,0.1,"fixed_2",0.642,0.0151603430040352,0.642,0,1.26901507402461,0.0046135824774306,0.015378608258102,0.133615168624653,0.133628011347112,0.939,0.517005407241649,1,1000,1000,63.0002833333333,3.94595552625631,0,20260709,1000
90,4,21,0,Inf,0.75,0,0.3,0,"fixed",2,0.2,0.3,0.1,"fixed_2",0.787,0.0129472390879291,0.787,0,1.13058364445362,0.000425914062716859,0.00141971354238953,0.108557299611736,0.10850384331664,0.952,0.420577907472933,1,1000,1000,63.0004888888889,3.95866876938138,0,20260709,1000
120,4,21,0,Inf,0.75,0,0.3,0,"fixed",2,0.2,0.3,0.1,"fixed_2",0.884,0.0101264011376204,0.884,0,1.0389697587459,-0.00841547898519129,-0.0280515966173043,0.0914025518754825,0.0917436229359355,0.959,0.366802612335142,1,1000,1000,63.0025166666667,3.95146864285846,0,20260709,1000
150,4,21,0,Inf,0.75,0,0.3,0,"fixed",2,0.2,0.3,0.1,"fixed_2",0.945,0.00720936890441875,0.945,0,1.02072742393683,-0.00310729716412933,-0.0103576572137644,0.0819078967978356,0.08192588083111,0.956,0.324202493223148,1,1000,1000,62.9945466666667,3.95690105964604,0,20260709,1000
20,6,21,0,Inf,0.75,0,0.3,0,"fixed",2,0.2,0.3,0.1,"fixed_2",0.248,0.0136563538325572,0.248,0,1.89717399149214,-0.0127434351719871,-0.0424781172399571,0.241885810422974,0.24210045782418,0.939,0.931706949191565,1,1000,1000,94.5436,4.76447176429867,0,20260709,1000
40,6,21,0,Inf,0.75,0,0.3,0,"fixed",2,0.2,0.3,0.1,"fixed_2",0.452,0.0157383607786834,0.452,0.0022075055187638,1.46463614013586,-0.00167720105946467,-0.00559067019821557,0.169571123582507,0.169494615225601,0.936,0.641457835193137,1,1000,1000,94.5476,4.78638016646758,0,20260709,1000
60,6,21,0,Inf,0.75,0,0.3,0,"fixed",2,0.2,0.3,0.1,"fixed_2",0.617,0.0153724103510152,0.617,0,1.2442208691867,-0.00452979231863226,-0.0150993077287742,0.131990877032333,0.132002609999177,0.946,0.518082906999094,1,1000,1000,94.4839,4.83157692771152,0,20260709,1000
90,6,21,0,Inf,0.75,0,0.3,0,"fixed",2,0.2,0.3,0.1,"fixed_2",0.802,0.012601428490453,0.802,0,1.13763725356381,0.00276896130225418,0.00922987100751393,0.112619153793092,0.112596882168044,0.94,0.42207159341599,1,1000,1000,94.5120555555556,4.83277178780613,0,20260709,1000
120,6,21,0,Inf,0.75,0,0.3,0,"fixed",2,0.2,0.3,0.1,"fixed_2",0.899,0.00952885092757778,0.899,0,1.07132631484572,0.00227507436578034,0.0075835812192678,0.0957877872270847,0.095766908925,0.937,0.364340802258179,1,1000,1000,94.503025,4.8497631512044,0,20260709,1000
150,6,21,0,Inf,0.75,0,0.3,0,"fixed",2,0.2,0.3,0.1,"fixed_2",0.956,0.00648567652600714,0.956,0,1.04273933767426,0.00531744373532433,0.0177248124510811,0.0796586222066436,0.0797961515591274,0.964,0.324815125044866,1,1000,1000,94.49508,4.8510687719493,0,20260709,1000
20,7,21,0,Inf,0.75,0,0.3,0,"fixed",2,0.2,0.3,0.1,"fixed_2",0.268,0.0140062843038402,0.268,0.00371747211895911,1.88193981448277,-0.00881371904033568,-0.0293790634677856,0.249938890257386,0.249969320232609,0.922,0.923834354709117,1,1000,1000,110.2806,5.21696812722691,0,20260709,1000
40,7,21,0,Inf,0.75,0,0.3,0,"fixed",2,0.2,0.3,0.1,"fixed_2",0.455,0.0157472219772251,0.455,0,1.46259465533286,0.00237654435298051,0.00792181450993505,0.166575942889482,0.166509594822136,0.932,0.642107919835078,1,1000,1000,110.265175,5.18634392186258,0,20260709,1000
60,7,21,0,Inf,0.75,0,0.3,0,"fixed",2,0.2,0.3,0.1,"fixed_2",0.63,0.0152676127799994,0.63,0,1.25078724533325,-0.00238210117409099,-0.00794033724696996,0.134342395159375,0.134296335259098,0.947,0.516135748183283,1,1000,1000,110.270033333333,5.21940892643706,0,20260709,1000
90,7,21,0,Inf,0.75,0,0.3,0,"fixed",2,0.2,0.3,0.1,"fixed_2",0.812,0.0123554036761249,0.812,0,1.11344960812616,0.000154953676463176,0.000516512254877255,0.10204973972118,0.101998819789375,0.961,0.422610883021481,1,1000,1000,110.246711111111,5.24060789311043,0,20260709,1000
120,7,21,0,Inf,0.75,0,0.3,0,"fixed",2,0.2,0.3,0.1,"fixed_2",0.903,0.00935900635751467,0.903,0,1.04856948474879,-0.0031173346604722,-0.0103911155349073,0.0934045019544032,0.0934098193968393,0.945,0.363221543754948,1,1000,1000,110.236425,5.23017106690383,0,20260709,1000
150,7,21,0,Inf,0.75,0,0.3,0,"fixed",2,0.2,0.3,0.1,"fixed_2",0.947,0.00708456067798138,0.947,0,1.02440874003516,-0.00177202768993717,-0.00590675896645724,0.0824577740944261,0.0824355827675932,0.943,0.323381245143968,1,1000,1000,110.25958,5.26079532510378,0,20260709,1000
20,1,1,0,Inf,0.75,0,0.3,0,"fixed",2,0.2,0.3,0.1,"fixed_2",NA,NA,0,NA,NA,NA,NA,NA,NA,NA,NA,0,0,1000,0.7551,0.424773506833602,1,20260709,1000
40,1,1,0,Inf,0.75,0,0.3,0,"fixed",2,0.2,0.3,0.1,"fixed_2",NA,NA,0,NA,NA,NA,NA,NA,NA,NA,NA,0,0,1000,0.7502,0.430853548516318,1,20260709,1000
60,1,1,0,Inf,0.75,0,0.3,0,"fixed",2,0.2,0.3,0.1,"fixed_2",NA,NA,0,NA,NA,NA,NA,NA,NA,NA,NA,0,0,1000,0.750016666666667,0.432141233890976,1,20260709,1000
90,1,1,0,Inf,0.75,0,0.3,0,"fixed",2,0.2,0.3,0.1,"fixed_2",NA,NA,0,NA,NA,NA,NA,NA,NA,NA,NA,0,0,1000,0.750888888888889,0.43168292474201,1,20260709,1000
120,1,1,0,Inf,0.75,0,0.3,0,"fixed",2,0.2,0.3,0.1,"fixed_2",NA,NA,0,NA,NA,NA,NA,NA,NA,NA,NA,0,0,1000,0.752083333333333,0.431178712629939,1,20260709,1000
150,1,1,0,Inf,0.75,0,0.3,0,"fixed",2,0.2,0.3,0.1,"fixed_2",NA,NA,0,NA,NA,NA,NA,NA,NA,NA,NA,0,0,1000,0.749513333333333,0.432892818260402,1,20260709,1000
20,2,1,0,Inf,0.75,0,0.3,0,"fixed",2,0.2,0.3,0.1,"fixed_2",NA,NA,0,NA,NA,NA,NA,NA,NA,NA,NA,0,0,1000,1.50165,0.602181128221976,1,20260709,1000
40,2,1,0,Inf,0.75,0,0.3,0,"fixed",2,0.2,0.3,0.1,"fixed_2",NA,NA,0,NA,NA,NA,NA,NA,NA,NA,NA,0,0,1000,1.49505,0.609775186605212,1,20260709,1000
60,2,1,0,Inf,0.75,0,0.3,0,"fixed",2,0.2,0.3,0.1,"fixed_2",NA,NA,0,NA,NA,NA,NA,NA,NA,NA,NA,0,0,1000,1.49788333333333,0.612212649684651,1,20260709,1000
90,2,1,0,Inf,0.75,0,0.3,0,"fixed",2,0.2,0.3,0.1,"fixed_2",NA,NA,0,NA,NA,NA,NA,NA,NA,NA,NA,0,0,1000,1.50152222222222,0.608242049313441,1,20260709,1000
120,2,1,0,Inf,0.75,0,0.3,0,"fixed",2,0.2,0.3,0.1,"fixed_2",NA,NA,0,NA,NA,NA,NA,NA,NA,NA,NA,0,0,1000,1.49555833333333,0.613835043625718,1,20260709,1000
150,2,1,0,Inf,0.75,0,0.3,0,"fixed",2,0.2,0.3,0.1,"fixed_2",NA,NA,0,NA,NA,NA,NA,NA,NA,NA,NA,0,0,1000,1.50274,0.609833018316979,1,20260709,1000
20,3,1,0,Inf,0.75,0,0.3,0,"fixed",2,0.2,0.3,0.1,"fixed_2",0.0685358255451713,0.0141022817095097,0.022,0.0833333333333333,2.32087040204729,-0.122268545031048,-0.407561816770159,0.328882639711696,0.350394675984379,0.894080996884735,1.16712775007146,0.321,321,1000,2.2584,0.745076253477896,1,20260709,1000
40,3,1,0,Inf,0.75,0,0.3,0,"fixed",2,0.2,0.3,0.1,"fixed_2",0.138248847926267,0.0234310542661774,0.03,0,1.54843715873737,-0.136320203254838,-0.454400677516128,0.190943799585981,0.234253529594094,0.880184331797235,0.749266398709025,0.217,217,1000,2.25275,0.746232865726466,1,20260709,1000
60,3,1,0,Inf,0.75,0,0.3,0,"fixed",2,0.2,0.3,0.1,"fixed_2",0.120689655172414,0.0246962771528699,0.021,0,1.16315786712367,-0.166055871548972,-0.553519571829907,0.134777554892339,0.213623840636761,0.793103448275862,0.58409274468225,0.174,174,1000,2.2513,0.74470116090923,1,20260709,1000
90,3,1,0,Inf,0.75,0,0.3,0,"fixed",2,0.2,0.3,0.1,"fixed_2",0.231481481481481,0.0405857351801942,0.025,0,0.988174121516804,-0.165339282567156,-0.551130941890519,0.12306580656106,0.20577181011546,0.666666666666667,0.466637674156925,0.108,108,1000,2.24612222222222,0.750279287742315,1,20260709,1000
120,3,1,0,Inf,0.75,0,0.3,0,"fixed",2,0.2,0.3,0.1,"fixed_2",0.207317073170732,0.0447672441693719,0.017,0,0.872187361952012,-0.184670952379598,-0.615569841265326,0.106624246612018,0.212916527235457,0.573170731707317,0.398196247927719,0.082,82,1000,2.25184166666667,0.749172434829481,1,20260709,1000
150,3,1,0,Inf,0.75,0,0.3,0,"fixed",2,0.2,0.3,0.1,"fixed_2",0.232142857142857,0.0564188024351951,0.013,0,0.78976428457965,-0.193671722814343,-0.645572409381145,0.0981084330528662,0.216707455174759,0.428571428571429,0.358565993469022,0.056,56,1000,2.24828666666667,0.747928378711304,1,20260709,1000
20,4,1,0,Inf,0.75,0,0.3,0,"fixed",2,0.2,0.3,0.1,"fixed_2",0.0889830508474576,0.0185336463969823,0.021,0,2.4259001579512,-0.117656304364649,-0.392187681215498,0.279644624141427,0.302841148306715,0.864406779661017,0.955202276584043,0.236,236,1000,3.0086,0.852220661617263,1,20260709,1000
40,4,1,0,Inf,0.75,0,0.3,0,"fixed",2,0.2,0.3,0.1,"fixed_2",0.1875,0.0344990658840932,0.024,0,1.28525789132773,-0.137746721836873,-0.459155739456244,0.158310867232206,0.209381686405834,0.8203125,0.581014373479973,0.128,128,1000,3.001625,0.863223540076743,1,20260709,1000
60,4,1,0,Inf,0.75,0,0.3,0,"fixed",2,0.2,0.3,0.1,"fixed_2",0.293103448275862,0.0597687810455138,0.017,0,0.945524978757174,-0.135856947113693,-0.452856490378978,0.115451816823887,0.177641266710684,0.758620689655172,0.471731201047168,0.058,58,1000,3.00653333333333,0.861428359554878,1,20260709,1000
90,4,1,0,Inf,0.75,0,0.3,0,"fixed",2,0.2,0.3,0.1,"fixed_2",0.173913043478261,0.0790341964475118,0.004,0,0.759024176669923,-0.189913798527644,-0.633045995092148,0.0738018918871341,0.203167803150629,0.565217391304348,0.37052626023688,0.023,23,1000,2.99698888888889,0.863620518990116,1,20260709,1000
120,4,1,0,Inf,0.75,0,0.3,0,"fixed",2,0.2,0.3,0.1,"fixed_2",0.625,0.171163299220364,0.005,0,0.739407400843611,-0.117327298096543,-0.391090993655144,0.0607342467643272,0.130358208477301,0.75,0.30812614648019,0.008,8,1000,3.007275,0.863404325457147,1,20260709,1000
150,4,1,0,Inf,0.75,0,0.3,0,"fixed",2,0.2,0.3,0.1,"fixed_2",0.4,0.219089023002066,0.002,0,0.580720328683489,-0.170256021273459,-0.56752007091153,0.0431696600036364,0.174579518889623,0.2,0.27052175028954,0.005,5,1000,2.99804666666667,0.864995688604146,1,20260709,1000
20,5,1,0,Inf,0.75,0,0.3,0,"fixed",2,0.2,0.3,0.1,"fixed_2",0.153225806451613,0.0228730418418772,0.038,0,2.30748410082417,-0.0682067670597832,-0.227355890199277,0.291119322134024,0.29843070731385,0.887096774193548,0.963134776744897,0.248,248,1000,3.75525,0.946984880027665,1,20260709,1000
40,5,1,0,Inf,0.75,0,0.3,0,"fixed",2,0.2,0.3,0.1,"fixed_2",0.136986301369863,0.0402425956104219,0.01,0,1.29053427828862,-0.142828868824229,-0.476096229414096,0.143532735515435,0.201790776803925,0.712328767123288,0.516989645259875,0.073,73,1000,3.7565,0.958682389644657,1,20260709,1000
60,5,1,0,Inf,0.75,0,0.3,0,"fixed",2,0.2,0.3,0.1,"fixed_2",0.285714285714286,0.0985807941917649,0.006,0,0.843997252068094,-0.140726506936038,-0.469088356453461,0.0783580094962883,0.160161004986976,0.857142857142857,0.39942469923767,0.021,21,1000,3.74528333333333,0.965162917427121,1,20260709,1000
90,5,1,0,Inf,0.75,0,0.3,0,"fixed",2,0.2,0.3,0.1,"fixed_2",0.375,0.171163299220364,0.003,0,0.640292946917688,-0.184620779964418,-0.615402599881394,0.0771125066258486,0.198211701819107,0.375,0.321953154371659,0.008,8,1000,3.75067777777778,0.961469582184128,1,20260709,1000
120,5,1,0,Inf,0.75,0,0.3,0,"fixed",2,0.2,0.3,0.1,"fixed_2",0.666666666666667,0.272165526975909,0.002,0,0.617670546017064,-0.159733124393241,-0.53244374797747,0.0780280044515408,0.171969718305927,0.333333333333333,0.236965115698418,0.003,3,1000,3.75211666666667,0.965285847618926,1,20260709,1000
150,5,1,0,Inf,0.75,0,0.3,0,"fixed",2,0.2,0.3,0.1,"fixed_2",NA,NA,0,NA,NA,NA,NA,NA,NA,NA,NA,0,0,1000,3.74766,0.968893122445028,1,20260709,1000
20,6,1,0,Inf,0.75,0,0.3,0,"fixed",2,0.2,0.3,0.1,"fixed_2",0.20983606557377,0.0233157156004616,0.064,0,2.0409477342155,-0.00912521062166827,-0.0304173687388942,0.281893419471175,0.281578820285165,0.927868852459016,1.03137030773147,0.305,305,1000,4.49435,1.04908686053171,1,20260709,1000
40,6,1,0,Inf,0.75,0,0.3,0,"fixed",2,0.2,0.3,0.1,"fixed_2",0.397727272727273,0.0521732569574462,0.035,0,1.5218273912718,-0.0261091541208566,-0.0870305137361888,0.191219253137778,0.191913995261115,0.840909090909091,0.603109354817833,0.088,88,1000,4.498025,1.05446362634609,1,20260709,1000
60,6,1,0,Inf,0.75,0,0.3,0,"fixed",2,0.2,0.3,0.1,"fixed_2",0.444444444444444,0.0956292184248745,0.012,0,0.950293549851026,-0.129477445381763,-0.431591484605877,0.139203961958048,0.188213861607749,0.666666666666667,0.422966550595635,0.027,27,1000,4.49926666666667,1.05960563702928,1,20260709,1000
90,6,1,0,Inf,0.75,0,0.3,0,"fixed",2,0.2,0.3,0.1,"fixed_2",0.625,0.171163299220364,0.005,0,0.812308191062032,-0.126298350963112,-0.420994503210374,0.110191397842344,0.16302039625349,0.625,0.32341523439693,0.008,8,1000,4.49832222222222,1.06164783669966,1,20260709,1000
120,6,1,0,Inf,0.75,0,0.3,0,"fixed",2,0.2,0.3,0.1,"fixed_2",1,0,0.002,0,0.721301979918462,-0.0836094060244615,-0.278698020081538,0.0770743088425366,0.0998035937105504,0.5,0.288437671437215,0.002,2,1000,4.505225,1.05687098066012,1,20260709,1000
150,6,1,0,Inf,0.75,0,0.3,0,"fixed",2,0.2,0.3,0.1,"fixed_2",NA,NA,0,NA,NA,NA,NA,NA,NA,NA,NA,0,0,1000,4.50287333333333,1.05522875932901,1,20260709,1000
20,7,1,0,Inf,0.75,0,0.3,0,"fixed",2,0.2,0.3,0.1,"fixed_2",0.22029702970297,0.0206195048729472,0.089,0,2.02649627060605,-0.0135696894509866,-0.0452322981699554,0.27652010116187,0.276510826298146,0.933168316831683,1.03117536551689,0.404,404,1000,5.259,1.12348914368643,1,20260709,1000
40,7,1,0,Inf,0.75,0,0.3,0,"fixed",2,0.2,0.3,0.1,"fixed_2",0.340540540540541,0.0348411593182932,0.063,0,1.56453541528897,-0.0343523451501838,-0.114507817167279,0.204672823432988,0.206989397367548,0.864864864864865,0.68644196308115,0.185,185,1000,5.2495,1.14057477844792,1,20260709,1000
60,7,1,0,Inf,0.75,0,0.3,0,"fixed",2,0.2,0.3,0.1,"fixed_2",0.647727272727273,0.0509206884295838,0.057,0,1.29554650721265,-0.00172856605269017,-0.00576188684230058,0.176583919328418,0.175586243635725,0.886363636363636,0.544357093223363,0.088,88,1000,5.2419,1.14661648634597,1,20260709,1000
90,7,1,0,Inf,0.75,0,0.3,0,"fixed",2,0.2,0.3,0.1,"fixed_2",0.636363636363636,0.0837393066312433,0.021,0,0.973142869751849,-0.0628013049720154,-0.209337683240051,0.10242039201399,0.118811042150052,0.909090909090909,0.425436536887832,0.033,33,1000,5.24853333333333,1.14241998461137,1,20260709,1000
120,7,1,0,Inf,0.75,0,0.3,0,"fixed",2,0.2,0.3,0.1,"fixed_2",0.857142857142857,0.132260014253222,0.006,0,0.979793346668314,-0.035249953930822,-0.117499846436073,0.099926007911362,0.0990015563423735,0.857142857142857,0.351135459719455,0.007,7,1000,5.24735833333333,1.1427086961228,1,20260709,1000
150,7,1,0,Inf,0.75,0,0.3,0,"fixed",2,0.2,0.3,0.1,"fixed_2",1,0,0.005,0,0.917954617366023,-0.024613614790193,-0.0820453826339768,0.0513800702378258,0.0521321333455206,1,0.315638754637203,0.005,5,1000,5.24558666666667,1.142809177468,1,20260709,1000
20,8,1,0,Inf,0.75,0,0.3,0,"fixed",2,0.2,0.3,0.1,"fixed_2",0.226713532513181,0.0175530582401681,0.129,0.00769230769230769,2.15619170949854,0.0183652227241279,0.0612174090804265,0.274510673669518,0.274883530460772,0.9402460456942,1.05235075894729,0.569,569,1000,6.00485,1.20889063544469,1,20260709,1000
40,8,1,0,Inf,0.75,0,0.3,0,"fixed",2,0.2,0.3,0.1,"fixed_2",0.376899696048632,0.0267173836131831,0.124,0,1.50637116454803,-0.0202824269818687,-0.0676080899395624,0.181478036945877,0.182333624298638,0.911854103343465,0.674524404157956,0.329,329,1000,5.9985,1.21759262691416,1,20260709,1000
60,8,1,0,Inf,0.75,0,0.3,0,"fixed",2,0.2,0.3,0.1,"fixed_2",0.513368983957219,0.0365505488570795,0.096,0,1.24711175391102,-0.0251122164520097,-0.0837073881733656,0.136709359229974,0.13863667890999,0.946524064171123,0.533153755332843,0.187,187,1000,5.99935,1.2190501035612,1,20260709,1000
90,8,1,0,Inf,0.75,0,0.3,0,"fixed",2,0.2,0.3,0.1,"fixed_2",0.714285714285714,0.0426867360476569,0.08,0,1.15966916596787,-0.00566966428685739,-0.0188988809561913,0.122098985232163,0.121684833470837,0.964285714285714,0.444999330130047,0.112,112,1000,6.00194444444444,1.21818155524805,1,20260709,1000
120,8,1,0,Inf,0.75,0,0.3,0,"fixed",2,0.2,0.3,0.1,"fixed_2",0.693877551020408,0.0658401737063336,0.034,0,1.1014861270836,-0.0235541390303135,-0.0785137967677117,0.113706807287506,0.114979013252408,0.918367346938776,0.395939768066634,0.049,49,1000,6.00090833333333,1.21978485946178,1,20260709,1000
150,8,1,0,Inf,0.75,0,0.3,0,"fixed",2,0.2,0.3,0.1,"fixed_2",0.904761904761905,0.045294749105302,0.038,0,1.0067586877328,-0.0157751676261031,-0.0525838920870103,0.0954709593492709,0.0956375618097534,0.928571428571429,0.331753592237556,0.042,42,1000,5.995,1.2241907091311,1,20260709,1000
20,1,2,0,Inf,0.75,0,0.3,0,"fixed",2,0.2,0.3,0.1,"fixed_2",NA,NA,0,NA,NA,NA,NA,NA,NA,NA,NA,0,0,1000,1.5047,0.600463701883751,1,20260709,1000
40,1,2,0,Inf,0.75,0,0.3,0,"fixed",2,0.2,0.3,0.1,"fixed_2",NA,NA,0,NA,NA,NA,NA,NA,NA,NA,NA,0,0,1000,1.502175,0.60987569139005,1,20260709,1000
60,1,2,0,Inf,0.75,0,0.3,0,"fixed",2,0.2,0.3,0.1,"fixed_2",NA,NA,0,NA,NA,NA,NA,NA,NA,NA,NA,0,0,1000,1.50363333333333,0.608809130446035,1,20260709,1000
90,1,2,0,Inf,0.75,0,0.3,0,"fixed",2,0.2,0.3,0.1,"fixed_2",NA,NA,0,NA,NA,NA,NA,NA,NA,NA,NA,0,0,1000,1.49745555555556,0.611606784034359,1,20260709,1000
120,1,2,0,Inf,0.75,0,0.3,0,"fixed",2,0.2,0.3,0.1,"fixed_2",NA,NA,0,NA,NA,NA,NA,NA,NA,NA,NA,0,0,1000,1.49955833333333,0.611898081268754,1,20260709,1000
150,1,2,0,Inf,0.75,0,0.3,0,"fixed",2,0.2,0.3,0.1,"fixed_2",NA,NA,0,NA,NA,NA,NA,NA,NA,NA,NA,0,0,1000,1.49914,0.612375588807139,1,20260709,1000
20,2,2,0,Inf,0.75,0,0.3,0,"fixed",2,0.2,0.3,0.1,"fixed_2",0.129770992366412,0.0207613191702623,0.034,0.0555555555555556,2.0004480546814,-0.108464787422072,-0.361549291406905,0.284625119439163,0.304083647514552,0.874045801526718,0.992335193384588,0.262,262,1000,2.99595,0.858317738863277,1,20260709,1000
40,2,2,0,Inf,0.75,0,0.3,0,"fixed",2,0.2,0.3,0.1,"fixed_2",0.120300751879699,0.0282082056233254,0.016,0,1.17736002346002,-0.160961065194637,-0.536536883982124,0.141611537868854,0.214036238770668,0.81203007518797,0.588255126918537,0.133,133,1000,3.0063,0.860379631326286,1,20260709,1000
60,2,2,0,Inf,0.75,0,0.3,0,"fixed",2,0.2,0.3,0.1,"fixed_2",0.3,0.0547722557505166,0.021,0,1.02220559128784,-0.142270852157249,-0.474236173857495,0.13284845162981,0.194004077353276,0.728571428571429,0.464239074547983,0.07,70,1000,2.99513333333333,0.860934734001444,1,20260709,1000
90,2,2,0,Inf,0.75,0,0.3,0,"fixed",2,0.2,0.3,0.1,"fixed_2",0.2,0.08,0.005,0,0.739330455577931,-0.186515093429733,-0.62171697809911,0.0850436696049976,0.204281689799626,0.52,0.36180857779838,0.025,25,1000,3.00077777777778,0.860902292659934,1,20260709,1000
120,2,2,0,Inf,0.75,0,0.3,0,"fixed",2,0.2,0.3,0.1,"fixed_2",0.357142857142857,0.128060208142971,0.005,0,0.676332377791116,-0.191585353844104,-0.638617846147013,0.0937744943683071,0.211826545387021,0.428571428571429,0.312174914342752,0.014,14,1000,3.00245,0.861226770775193,1,20260709,1000
150,2,2,0,Inf,0.75,0,0.3,0,"fixed",2,0.2,0.3,0.1,"fixed_2",0.333333333333333,0.272165526975909,0.001,0,0.930992116865829,-0.154266827807977,-0.514222759359925,0.120382979552955,0.182919732868366,0.333333333333333,0.29360397816117,0.003,3,1000,2.99956666666667,0.866022142518727,1,20260709,1000
20,3,2,0,Inf,0.75,0,0.3,0,"fixed",2,0.2,0.3,0.1,"fixed_2",0.218855218855219,0.0239919748111088,0.065,0.0441176470588235,2.025874056218,-0.012764843810263,-0.0425494793675435,0.276852432267267,0.27668057191671,0.888888888888889,1.00296722207789,0.297,297,1000,4.49295,1.04219941837385,1,20260709,1000
40,3,2,0,Inf,0.75,0,0.3,0,"fixed",2,0.2,0.3,0.1,"fixed_2",0.366336633663366,0.0479411876187132,0.037,0,1.31706386967851,-0.0638318713520022,-0.212772904506674,0.17198739801349,0.18265077307448,0.851485148514851,0.58545307002475,0.101,101,1000,4.5037,1.05795051821222,1,20260709,1000
60,3,2,0,Inf,0.75,0,0.3,0,"fixed",2,0.2,0.3,0.1,"fixed_2",0.411764705882353,0.119364624987269,0.007,0,0.86431704743616,-0.143982155731303,-0.479940519104345,0.124818973037851,0.188133409541512,0.588235294117647,0.405213037842539,0.017,17,1000,4.50018333333333,1.05446071268553,1,20260709,1000
90,3,2,0,Inf,0.75,0,0.3,0,"fixed",2,0.2,0.3,0.1,"fixed_2",0,0,0,NA,NA,-0.223673575788157,-0.745578585960524,0.0195445908700117,0.224242121810432,0,0.290761255384426,0.003,3,1000,4.50271111111111,1.05393009882471,1,20260709,1000
120,3,2,0,Inf,0.75,0,0.3,0,"fixed",2,0.2,0.3,0.1,"fixed_2",NA,NA,0,NA,NA,NA,NA,NA,NA,NA,NA,0,0,1000,4.49840833333333,1.0618065267013,1,20260709,1000
150,3,2,0,Inf,0.75,0,0.3,0,"fixed",2,0.2,0.3,0.1,"fixed_2",NA,NA,0,NA,NA,NA,NA,NA,NA,NA,NA,0,0,1000,4.50410666666667,1.0588197875797,1,20260709,1000
20,4,2,0,Inf,0.75,0,0.3,0,"fixed",2,0.2,0.3,0.1,"fixed_2",0.221254355400697,0.0173255800500672,0.127,0.0078125,2.10501252991714,-0.0011849926591917,-0.00394997553063899,0.28821648573762,0.287967754782883,0.926829268292683,1.04344988832799,0.574,574,1000,5.99475,1.20353896183121,1,20260709,1000
40,4,2,0,Inf,0.75,0,0.3,0,"fixed",2,0.2,0.3,0.1,"fixed_2",0.376146788990826,0.0267883528323427,0.123,0,1.43871418177004,-0.0284639515375191,-0.0948798384583971,0.172546511834829,0.174618007371348,0.91743119266055,0.664431392758429,0.327,327,1000,5.99095,1.21855103994859,1,20260709,1000
60,4,2,0,Inf,0.75,0,0.3,0,"fixed",2,0.2,0.3,0.1,"fixed_2",0.490990990990991,0.033552355065412,0.109,0,1.31915702659359,-0.0214028217575655,-0.0713427391918849,0.152579208465448,0.153732328745594,0.896396396396396,0.536586050990416,0.222,222,1000,5.99898333333333,1.22559777409291,1,20260709,1000
90,4,2,0,Inf,0.75,0,0.3,0,"fixed",2,0.2,0.3,0.1,"fixed_2",0.725,0.0407609903379853,0.087,0,1.0679153315676,-0.0283330285364864,-0.0944434284549547,0.118589868125689,0.121445959262822,0.883333333333333,0.425264982351791,0.12,120,1000,6.00033333333333,1.22531867675397,1,20260709,1000
120,4,2,0,Inf,0.75,0,0.3,0,"fixed",2,0.2,0.3,0.1,"fixed_2",0.886792452830189,0.0435221909205048,0.047,0,1.06442800397179,0.000539472622895665,0.00179824207631888,0.0967577906964475,0.0958421528339123,0.943396226415094,0.390475637163311,0.053,53,1000,5.99304166666667,1.22426161014083,1,20260709,1000
150,4,2,0,Inf,0.75,0,0.3,0,"fixed",2,0.2,0.3,0.1,"fixed_2",0.840909090909091,0.0551405212606716,0.037,0,1.03484612435917,-0.017550422142149,-0.0585014071404968,0.0983995275980404,0.0988454767806146,0.886363636363636,0.345463216520292,0.044,44,1000,5.99874666666667,1.22323060546282,1,20260709,1000
20,5,2,0,Inf,0.75,0,0.3,0,"fixed",2,0.2,0.3,0.1,"fixed_2",0.239336492890995,0.0146868794035122,0.202,0,2.12583765274471,0.00755902917800333,0.0251967639266778,0.279151904400932,0.279088866712322,0.928909952606635,1.02325671396373,0.844,844,1000,7.49685,1.35987797206742,0.9418,20260709,1000
40,5,2,0,Inf,0.75,0,0.3,0,"fixed",2,0.2,0.3,0.1,"fixed_2",0.403896103896104,0.0176827761657162,0.311,0,1.48468746609571,-0.01309581409827,-0.0436527136609,0.18023134748516,0.180589736167828,0.932467532467532,0.665787234908118,0.77,770,1000,7.48305,1.36086015675284,0.94555,20260709,1000
60,5,2,0,Inf,0.75,0,0.3,0,"fixed",2,0.2,0.3,0.1,"fixed_2",0.547116736990155,0.0186680233494101,0.389,0,1.24246455754218,-0.0229599528000647,-0.0765331760002156,0.140928894894108,0.14268909915706,0.932489451476793,0.527465277871023,0.711,711,1000,7.49831666666667,1.36232025068604,0.94465,20260709,1000
90,5,2,0,Inf,0.75,0,0.3,0,"fixed",2,0.2,0.3,0.1,"fixed_2",0.730713245997089,0.0169239844329027,0.502,0,1.07670195168475,-0.0251835379514322,-0.083945126504774,0.109545211931112,0.112324959686183,0.919941775836972,0.424170499643366,0.687,687,1000,7.50006666666667,1.36553135854205,0.944433333333333,20260709,1000
120,5,2,0,Inf,0.75,0,0.3,0,"fixed",2,0.2,0.3,0.1,"fixed_2",0.858166189111748,0.0132052879145862,0.599,0,1.00213184212194,-0.0216588758433555,-0.0721962528111849,0.0939984913500258,0.0963958747013003,0.955587392550143,0.365108593301048,0.698,698,1000,7.49954166666667,1.36453451206798,0.944433333333333,20260709,1000
150,5,2,0,Inf,0.75,0,0.3,0,"fixed",2,0.2,0.3,0.1,"fixed_2",0.920471281296024,0.0103832240932366,0.625,0,0.949267641335443,-0.0277851000642675,-0.0926170002142251,0.0803286390104109,0.0849423263464904,0.936671575846834,0.322856723110355,0.679,679,1000,7.50391333333333,1.3641690196714,0.943853333333333,20260709,1000
20,6,2,0,Inf,0.75,0,0.3,0,"fixed",2,0.2,0.3,0.1,"fixed_2",0.226943005181347,0.0134834336112436,0.219,0.00904977375565611,2.04644123986749,-0.00123843093509829,-0.0041281031169943,0.26874500408013,0.268608576804854,0.941968911917098,0.995932324926561,0.965,965,1000,9.00805,1.45819172862942,0.6093,20260709,1000
40,6,2,0,Inf,0.75,0,0.3,0,"fixed",2,0.2,0.3,0.1,"fixed_2",0.427685950413223,0.0159016436540755,0.414,0,1.45483582629786,-0.00764115035045926,-0.0254705011681975,0.16688828598919,0.166976988719201,0.942148760330578,0.654251745620027,0.968,968,1000,8.989125,1.48558667604398,0.61585,20260709,1000
60,6,2,0,Inf,0.75,0,0.3,0,"fixed",2,0.2,0.3,0.1,"fixed_2",0.595505617977528,0.0156858418733429,0.583,0,1.26410125452324,-0.00439804592361626,-0.0146601530787209,0.135740828388112,0.135742751150646,0.951991828396323,0.531988855644319,0.979,979,1000,9.00421666666667,1.48922271671467,0.609766666666667,20260709,1000
90,6,2,0,Inf,0.75,0,0.3,0,"fixed",2,0.2,0.3,0.1,"fixed_2",0.733602421796166,0.014042960916153,0.727,0,1.09650589197401,-0.0178910009266305,-0.0596366697554351,0.108904261879965,0.110309828759186,0.953582240161453,0.424894324357916,0.991,991,1000,8.99205555555556,1.49713170066095,0.611077777777778,20260709,1000
120,6,2,0,Inf,0.75,0,0.3,0,"fixed",2,0.2,0.3,0.1,"fixed_2",0.841046277665996,0.0115971721944453,0.836,0,1.03314720427064,-0.0174721406076343,-0.0582404686921143,0.0989524880627566,0.100434156999173,0.921529175050302,0.367011275279693,0.994,994,1000,8.99884166666667,1.49950579826652,0.608516666666667,20260709,1000
150,6,2,0,Inf,0.75,0,0.3,0,"fixed",2,0.2,0.3,0.1,"fixed_2",0.932730923694779,0.00793699763159085,0.929,0,0.980173669990601,-0.0169550910967204,-0.0565169703224015,0.0814266599345436,0.0831331410060463,0.940763052208835,0.32648785905575,0.996,996,1000,9.00241333333333,1.49627058078814,0.608,20260709,1000
20,7,2,0,Inf,0.75,0,0.3,0,"fixed",2,0.2,0.3,0.1,"fixed_2",0.241482965931864,0.0135475464615135,0.241,0.00823045267489712,1.98712197827552,-0.00175529081467612,-0.00585096938225375,0.255833281277981,0.255711100705132,0.939879759519038,0.978940756638754,0.998,998,1000,10.4822,1.6164539918985,0.266,20260709,1000
40,7,2,0,Inf,0.75,0,0.3,0,"fixed",2,0.2,0.3,0.1,"fixed_2",0.41,0.0155531347322654,0.41,0,1.45877538667755,-0.00826021608089766,-0.0275340536029922,0.169696887261153,0.169813037433177,0.94,0.665675626982574,1,1000,1000,10.51155,1.60210444818025,0.25735,20260709,1000
60,7,2,0,Inf,0.75,0,0.3,0,"fixed",2,0.2,0.3,0.1,"fixed_2",0.556,0.0157119063133663,0.556,0,1.25646416410636,-0.0182730367649945,-0.0609101225499818,0.139650542121927,0.140771714181678,0.938,0.533950010349239,1,1000,1000,10.49965,1.61092601726176,0.258066666666667,20260709,1000
90,7,2,0,Inf,0.75,0,0.3,0,"fixed",2,0.2,0.3,0.1,"fixed_2",0.744,0.0138008695378226,0.744,0,1.13462173152249,-0.00825684371240526,-0.0275228123746842,0.116938120427794,0.117170921961326,0.932,0.430474776703682,1,1000,1000,10.5040666666667,1.61217331022077,0.257577777777778,20260709,1000
120,7,2,0,Inf,0.75,0,0.3,0,"fixed",2,0.2,0.3,0.1,"fixed_2",0.862,0.0109066951914867,0.862,0,1.05185130739351,-0.00885212670170454,-0.0295070890056818,0.0964953896409913,0.0968525116292178,0.936,0.3696963299219,1,1000,1000,10.4895333333333,1.61788999124138,0.261108333333333,20260709,1000
150,7,2,0,Inf,0.75,0,0.3,0,"fixed",2,0.2,0.3,0.1,"fixed_2",0.923,0.00843036179532053,0.923,0,0.992982161959701,-0.0149231209878681,-0.0497437366262269,0.0831452681452529,0.0844329439220829,0.953,0.328650074123739,1,1000,1000,10.49676,1.61699636502975,0.25818,20260709,1000
20,8,2,0,Inf,0.75,0,0.3,0,"fixed",2,0.2,0.3,0.1,"fixed_2",0.262,0.0139052508067996,0.262,0.00380228136882129,1.98197553979688,0.0142813167781857,0.0476043892606191,0.250015545610682,0.250298264642164,0.944,0.972014636755785,1,1000,1000,11.99595,1.70508049878082,0.0786,20260709,1000
40,8,2,0,Inf,0.75,0,0.3,0,"fixed",2,0.2,0.3,0.1,"fixed_2",0.413,0.0155701958882989,0.413,0,1.48043201021265,-0.00679121177670028,-0.0226373725890009,0.171434349786329,0.17148313942709,0.941,0.664984464031968,1,1000,1000,11.994375,1.72335169118962,0.080975,20260709,1000
60,8,2,0,Inf,0.75,0,0.3,0,"fixed",2,0.2,0.3,0.1,"fixed_2",0.599,0.0154983547513922,0.599,0,1.27732805271412,-0.0031587695432827,-0.0105292318109423,0.138055352226023,0.13802245767628,0.943,0.532022921276795,1,1000,1000,11.9950166666667,1.72823902547501,0.0812833333333333,20260709,1000
90,8,2,0,Inf,0.75,0,0.3,0,"fixed",2,0.2,0.3,0.1,"fixed_2",0.752,0.0136563538325572,0.752,0,1.11114862136737,-0.0121028977030118,-0.0403429923433725,0.110506594161917,0.111112446551783,0.952,0.430029163648061,1,1000,1000,12.0089111111111,1.7322635313008,0.0793,20260709,1000
120,8,2,0,Inf,0.75,0,0.3,0,"fixed",2,0.2,0.3,0.1,"fixed_2",0.879,0.0103130499853341,0.879,0,1.04014620403225,-0.0085793693157365,-0.0285978977191217,0.0924374383465249,0.0927886895365773,0.96,0.371384486694974,1,1000,1000,12.0027416666667,1.7264815326853,0.0789083333333333,20260709,1000
150,8,2,0,Inf,0.75,0,0.3,0,"fixed",2,0.2,0.3,0.1,"fixed_2",0.935,0.0077958322198467,0.935,0,1.01841747656874,-0.00551170629270437,-0.0183723543090146,0.085778084174867,0.0859121688193407,0.946,0.332390979813329,1,1000,1000,11.9932933333333,1.73166288138601,0.0802466666666667,20260709,1000
20,1,4,0,Inf,0.75,0,0.3,0,"fixed",2,0.2,0.3,0.1,"fixed_2",0.139442231075697,0.0218650419809795,0.035,0,2.43445474625205,-0.0879757127433237,-0.293252375811079,0.310272521273992,0.321908716111435,0.892430278884462,0.97861425206977,0.251,251,1000,2.98205,0.862402691951303,1,20260709,1000
40,1,4,0,Inf,0.75,0,0.3,0,"fixed",2,0.2,0.3,0.1,"fixed_2",0.141414141414141,0.0350203666604557,0.014,0,1.3898320528787,-0.142041722200461,-0.47347240733487,0.167669402452152,0.219100226789699,0.838383838383838,0.596568557529367,0.099,99,1000,3.001225,0.85593490864889,1,20260709,1000
60,1,4,0,Inf,0.75,0,0.3,0,"fixed",2,0.2,0.3,0.1,"fixed_2",0.0943396226415094,0.0401505793659571,0.005,0,0.887734986482789,-0.200144616055313,-0.667148720184377,0.0955158682887946,0.221379789167261,0.547169811320755,0.452766942442044,0.053,53,1000,3.00058333333333,0.8625724277797,1,20260709,1000
90,1,4,0,Inf,0.75,0,0.3,0,"fixed",2,0.2,0.3,0.1,"fixed_2",0,0,0,NA,NA,-0.193191967992504,-0.643973226641681,0.0279353535116655,0.194951205371141,0.375,0.377292481874195,0.008,8,1000,3.00735555555556,0.86049987565455,1,20260709,1000
120,1,4,0,Inf,0.75,0,0.3,0,"fixed",2,0.2,0.3,0.1,"fixed_2",0.333333333333333,0.121716123890037,0.005,0,0.698120317492978,-0.187557322544707,-0.625191075149024,0.0824599991672846,0.203774607361409,0.333333333333333,0.320069421696364,0.015,15,1000,2.99980833333333,0.862981720606513,1,20260709,1000
150,1,4,0,Inf,0.75,0,0.3,0,"fixed",2,0.2,0.3,0.1,"fixed_2",0.2,0.178885438199983,0.001,0,0.801580841973559,-0.175471120259494,-0.584903734198314,0.0797421795496384,0.189412687549127,0.4,0.30424597769464,0.005,5,1000,3.00016,0.865377709911273,1,20260709,1000
20,2,4,0,Inf,0.75,0,0.3,0,"fixed",2,0.2,0.3,0.1,"fixed_2",0.194852941176471,0.0169821095574391,0.106,0,2.2040378515201,-0.00880503368793867,-0.0293501122931289,0.28699573719481,0.286866994757413,0.91360294117647,1.06493807368132,0.544,544,1000,5.97355,1.21802431546117,1,20260709,1000
40,2,4,0,Inf,0.75,0,0.3,0,"fixed",2,0.2,0.3,0.1,"fixed_2",0.394520547945205,0.0255822115634539,0.144,0,1.573712018612,-0.00584500532844512,-0.0194833510948171,0.193635690351629,0.193458572410221,0.92054794520548,0.69403010505265,0.365,365,1000,6.006525,1.21586304136644,1,20260709,1000
60,2,4,0,Inf,0.75,0,0.3,0,"fixed",2,0.2,0.3,0.1,"fixed_2",0.545,0.0352118587978539,0.109,0,1.28412802297994,-0.0114111564967132,-0.0380371883223773,0.143460883685511,0.14355603266558,0.935,0.551107329213592,0.2,200,1000,5.99496666666667,1.22237304128536,1,20260709,1000
90,2,4,0,Inf,0.75,0,0.3,0,"fixed",2,0.2,0.3,0.1,"fixed_2",0.732758620689655,0.0410868953534026,0.085,0,1.10186805604707,-0.0109380460485033,-0.0364601534950112,0.107700008762224,0.107791181657691,0.956896551724138,0.441290224947037,0.116,116,1000,5.99506666666667,1.22199770665347,1,20260709,1000
120,2,4,0,Inf,0.75,0,0.3,0,"fixed",2,0.2,0.3,0.1,"fixed_2",0.862068965517241,0.0452780802964561,0.05,0,1.05869426587756,-0.00500821203112534,-0.0166940401037511,0.0937104331006773,0.0930339711211083,0.96551724137931,0.37824211970362,0.058,58,1000,5.99575,1.22440337639272,1,20260709,1000
150,2,4,0,Inf,0.75,0,0.3,0,"fixed",2,0.2,0.3,0.1,"fixed_2",0.909090909090909,0.0433392086020724,0.04,0,0.982717884034759,-0.020180164344166,-0.0672672144805534,0.094078929270123,0.0951678958416129,0.886363636363636,0.329577950673972,0.044,44,1000,6.00310666666667,1.22370620467848,1,20260709,1000
20,3,4,0,Inf,0.75,0,0.3,0,"fixed",2,0.2,0.3,0.1,"fixed_2",0.236570247933884,0.0136592522198304,0.229,0.00865800865800866,2.04504755497925,0.0141303646292443,0.0471012154308142,0.26313005205028,0.263373433040947,0.943181818181818,0.998498047438915,0.968,968,1000,9.01025,1.46256445309801,0.6113,20260709,1000
40,3,4,0,Inf,0.75,0,0.3,0,"fixed",2,0.2,0.3,0.1,"fixed_2",0.415983606557377,0.015777046957192,0.406,0,1.46868947160359,-0.0112560883637541,-0.0375202945458471,0.174883521758553,0.175155957335504,0.933401639344262,0.662701206161836,0.976,976,1000,9.006375,1.49516904631171,0.60785,20260709,1000
60,3,4,0,Inf,0.75,0,0.3,0,"fixed",2,0.2,0.3,0.1,"fixed_2",0.567317574511819,0.0158833214883541,0.552,0,1.24009251248442,-0.0169504249324811,-0.0565014164416037,0.138757448063391,0.139718139107593,0.938335046248715,0.523097168466748,0.973,973,1000,9.00413333333333,1.49080048931241,0.608483333333333,20260709,1000
90,3,4,0,Inf,0.75,0,0.3,0,"fixed",2,0.2,0.3,0.1,"fixed_2",0.742424242424242,0.0138982771508795,0.735,0,1.08837157989186,-0.0181317945314307,-0.060439315104769,0.106871661534853,0.108345637156734,0.947474747474747,0.425974618197902,0.99,990,1000,9.0051,1.50514743401385,0.606244444444444,20260709,1000
120,3,4,0,Inf,0.75,0,0.3,0,"fixed",2,0.2,0.3,0.1,"fixed_2",0.858291457286432,0.01105614868543,0.854,0,1.00582282248877,-0.0209124314165979,-0.0697081047219929,0.0933510015589131,0.0956189368237881,0.944723618090452,0.366329079586888,0.995,995,1000,8.99931666666667,1.49220584819118,0.609608333333333,20260709,1000
150,3,4,0,Inf,0.75,0,0.3,0,"fixed",2,0.2,0.3,0.1,"fixed_2",0.908726178535607,0.00912099163715297,0.906,0,0.977707979519342,-0.0219821220372835,-0.0732737401242783,0.087398202139465,0.0900777330778563,0.9197592778335,0.324852183493633,0.997,997,1000,8.99817333333333,1.49858785759598,0.60874,20260709,1000
20,4,4,0,Inf,0.75,0,0.3,0,"fixed",2,0.2,0.3,0.1,"fixed_2",0.234,0.0133882037630147,0.234,0,2.00611624557988,-0.0045920994917551,-0.0153069983058503,0.253320592849115,0.253235540192146,0.948,0.975842233600633,1,1000,1000,12.00945,1.70548413094937,0.0775,20260709,1000
40,4,4,0,Inf,0.75,0,0.3,0,"fixed",2,0.2,0.3,0.1,"fixed_2",0.453,0.0157413785927409,0.453,0,1.4914032964387,0.00380148223654131,0.0126716074551377,0.177372449191624,0.177324493552633,0.929,0.65683890557598,1,1000,1000,12.008975,1.71790438214671,0.07775,20260709,1000
60,4,4,0,Inf,0.75,0,0.3,0,"fixed",2,0.2,0.3,0.1,"fixed_2",0.598,0.0155047089621186,0.598,0,1.26731729233948,-0.00506183382864206,-0.0168727794288069,0.138565409033418,0.138588579506851,0.943,0.533731665585553,1,1000,1000,11.9986166666667,1.73154749246853,0.0807333333333333,20260709,1000
90,4,4,0,Inf,0.75,0,0.3,0,"fixed",2,0.2,0.3,0.1,"fixed_2",0.766,0.0133882037630147,0.766,0,1.12663158106075,-0.00395882276016923,-0.0131960758672308,0.109643056449031,0.109659703197229,0.953,0.430979661490288,1,1000,1000,11.9951222222222,1.73116598785629,0.0806111111111111,20260709,1000
120,4,4,0,Inf,0.75,0,0.3,0,"fixed",2,0.2,0.3,0.1,"fixed_2",0.876,0.0104222838188182,0.876,0,1.04699506576079,-0.00718485708464944,-0.0239495236154981,0.095228105228827,0.0954512745057599,0.946,0.371864872057175,1,1000,1000,12.0026,1.72454951021615,0.0789916666666667,20260709,1000
150,4,4,0,Inf,0.75,0,0.3,0,"fixed",2,0.2,0.3,0.1,"fixed_2",0.932,0.00796090447122687,0.932,0,1.01952873394375,-0.00599402604913557,-0.0199800868304519,0.0876515220102149,0.0878124983682517,0.945,0.331070306396561,1,1000,1000,11.99504,1.73364810018522,0.0807333333333333,20260709,1000
20,5,4,0,Inf,0.75,0,0.3,0,"fixed",2,0.2,0.3,0.1,"fixed_2",0.255,0.0137831418769452,0.255,0,1.9282087396573,0.0035795793062991,0.011931931020997,0.248144143475517,0.248045870381401,0.951,0.963350528739235,1,1000,1000,14.98195,1.89836327957262,0.0044,20260709,1000
40,5,4,0,Inf,0.75,0,0.3,0,"fixed",2,0.2,0.3,0.1,"fixed_2",0.482,0.0158011391994375,0.482,0,1.50066912753224,0.0147279795803649,0.0490932652678829,0.175548808283193,0.176078051125287,0.939,0.662099268568386,1,1000,1000,14.980475,1.92246856846754,0.0034,20260709,1000
60,5,4,0,Inf,0.75,0,0.3,0,"fixed",2,0.2,0.3,0.1,"fixed_2",0.616,0.0153799869960933,0.616,0,1.27203055275617,0.00333999283608638,0.0111333094536213,0.135318566526083,0.13529212425109,0.948,0.530164689577883,1,1000,1000,15.0006,1.92645982480916,0.00385,20260709,1000
90,5,4,0,Inf,0.75,0,0.3,0,"fixed",2,0.2,0.3,0.1,"fixed_2",0.759,0.0135247550809617,0.759,0,1.12389418710218,-0.0074996965457918,-0.0249989884859727,0.111338126416742,0.111534871963325,0.949,0.433729415291766,1,1000,1000,15.0062222222222,1.92884523431121,0.00395555555555555,20260709,1000
120,5,4,0,Inf,0.75,0,0.3,0,"fixed",2,0.2,0.3,0.1,"fixed_2",0.861,0.0109397897603199,0.861,0,1.05980795736371,-0.00700996294872847,-0.0233665431624282,0.0984910080837053,0.0986910217558502,0.929,0.373154689513154,1,1000,1000,14.9924833333333,1.9341053750322,0.00381666666666666,20260709,1000
150,5,4,0,Inf,0.75,0,0.3,0,"fixed",2,0.2,0.3,0.1,"fixed_2",0.954,0.00662449998113065,0.954,0,1.02373728400867,-0.000897287134275004,-0.00299095711425001,0.0828640588571652,0.0828274768554179,0.955,0.331308118369046,1,1000,1000,14.99962,1.93449092142448,0.00396,20260709,1000
20,6,4,0,Inf,0.75,0,0.3,0,"fixed",2,0.2,0.3,0.1,"fixed_2",0.264,0.0139392969693597,0.264,0.0112359550561798,1.97831162460273,0.00284432586573202,0.00948108621910674,0.25611667823011,0.256004389228757,0.933,0.96138447980409,1,1000,1000,17.9936,2.09063665613566,9.99999999999992e-05,20260709,1000
40,6,4,0,Inf,0.75,0,0.3,0,"fixed",2,0.2,0.3,0.1,"fixed_2",0.461,0.0157632166768081,0.461,0.00216450216450216,1.48350108985089,-0.000188809238978682,-0.000629364129928941,0.181731882310437,0.18164109177159,0.93,0.654715055241194,1,1000,1000,17.9905,2.10274298751814,9.99999999999999e-05,20260709,1000
60,6,4,0,Inf,0.75,0,0.3,0,"fixed",2,0.2,0.3,0.1,"fixed_2",0.627,0.0152928414625929,0.627,0,1.26691542731178,0.00236389596096193,0.00787965320320642,0.132808647712862,0.132763273440082,0.953,0.531275389462024,1,1000,1000,17.9969,2.11278474945717,1e-04,20260709,1000
90,6,4,0,Inf,0.75,0,0.3,0,"fixed",2,0.2,0.3,0.1,"fixed_2",0.778,0.0131421459434904,0.778,0,1.12885259686722,-0.00207081255253583,-0.00690270850845276,0.107188545998023,0.107154949831563,0.962,0.428740963092927,1,1000,1000,18.0062777777778,2.11981646946376,0.000133333333333334,20260709,1000
120,6,4,0,Inf,0.75,0,0.3,0,"fixed",2,0.2,0.3,0.1,"fixed_2",0.876,0.0104222838188182,0.876,0,1.05372817494702,-0.00701273576704742,-0.0233757858901581,0.0985990190341414,0.0987989030854034,0.936,0.370620979482408,1,1000,1000,17.9969916666667,2.11651814939039,0.000133333333333334,20260709,1000
150,6,4,0,Inf,0.75,0,0.3,0,"fixed",2,0.2,0.3,0.1,"fixed_2",0.933,0.00790638982089803,0.933,0,1.02043955011182,-0.00526563252836498,-0.0175521084278833,0.0843706604883976,0.0844927028140359,0.957,0.332564066642083,1,1000,1000,17.99472,2.11095957159148,8.6666666666667e-05,20260709,1000
20,7,4,0,Inf,0.75,0,0.3,0,"fixed",2,0.2,0.3,0.1,"fixed_2",0.255,0.0137831418769452,0.255,0,1.98758001374188,0.00364727355072125,0.0121575785024042,0.257622853706102,0.25751983966537,0.936,0.973473559876206,1,1000,1000,20.98325,2.25853630629343,0,20260709,1000
40,7,4,0,Inf,0.75,0,0.3,0,"fixed",2,0.2,0.3,0.1,"fixed_2",0.449,0.0157289224042844,0.449,0.00222222222222222,1.45647235492091,0.00152053030199545,0.00506843433998483,0.167355158623206,0.167278370930255,0.948,0.654793375564067,1,1000,1000,20.999625,2.27555755813063,0,20260709,1000
60,7,4,0,Inf,0.75,0,0.3,0,"fixed",2,0.2,0.3,0.1,"fixed_2",0.594,0.0155294558822903,0.594,0,1.27910898663309,-0.00131342362767145,-0.00437807875890484,0.136347858011434,0.136285996080109,0.945,0.530419388513798,1,1000,1000,20.9981666666667,2.2863380566233,0,20260709,1000
90,7,4,0,Inf,0.75,0,0.3,0,"fixed",2,0.2,0.3,0.1,"fixed_2",0.793,0.0128121426779442,0.793,0,1.13877405936278,0.00318865643314803,0.0106288547771601,0.110064221781533,0.110055378393365,0.952,0.429954125135364,1,1000,1000,20.9989444444444,2.28563968621339,0,20260709,1000
120,7,4,0,Inf,0.75,0,0.3,0,"fixed",2,0.2,0.3,0.1,"fixed_2",0.881,0.0102390917565964,0.881,0,1.07033280433007,-0.000764096971451134,-0.00254698990483711,0.0971208498127737,0.0970752844604062,0.939,0.36877876346654,1,1000,1000,20.993025,2.28685883693877,0,20260709,1000
150,7,4,0,Inf,0.75,0,0.3,0,"fixed",2,0.2,0.3,0.1,"fixed_2",0.94,0.00750999334220744,0.94,0,1.04164522402018,0.0014047111393069,0.00468237046435634,0.0866504446515525,0.0866184995952847,0.94,0.331776130474225,1,1000,1000,20.9952266666667,2.28416477640479,0,20260709,1000
20,8,4,0,Inf,0.75,0,0.3,0,"fixed",2,0.2,0.3,0.1,"fixed_2",0.264,0.0139392969693597,0.264,0,1.95363932126252,0.0119431054470727,0.0398103514902422,0.245183340081283,0.245351570508282,0.941,0.951848692254324,1,1000,1000,23.9808,2.4160915756232,0,20260709,1000
40,8,4,0,Inf,0.75,0,0.3,0,"fixed",2,0.2,0.3,0.1,"fixed_2",0.433,0.0156687906361659,0.433,0,1.44237579995737,-0.00244180870155475,-0.00813936233851583,0.161665990026989,0.161603585569164,0.95,0.651727704205908,1,1000,1000,23.995475,2.42056196084587,0,20260709,1000
60,8,4,0,Inf,0.75,0,0.3,0,"fixed",2,0.2,0.3,0.1,"fixed_2",0.622,0.0153334927527945,0.622,0,1.25520305243483,-0.0010362774522002,-0.00345425817400065,0.136797845789706,0.13673335669488,0.945,0.529660581478806,1,1000,1000,23.99965,2.43341112319009,0,20260709,1000
90,8,4,0,Inf,0.75,0,0.3,0,"fixed",2,0.2,0.3,0.1,"fixed_2",0.774,0.0132258837133857,0.774,0,1.14173138960111,-0.000148197407203454,-0.000493991357344847,0.113771135330556,0.113714332103041,0.938,0.428612206929605,1,1000,1000,23.9917444444444,2.44462629222771,0,20260709,1000
120,8,4,0,Inf,0.75,0,0.3,0,"fixed",2,0.2,0.3,0.1,"fixed_2",0.88,0.0102761860629321,0.88,0,1.06590893731306,-0.00183202011352945,-0.00610673371176484,0.0962339601421271,0.0962032764891521,0.942,0.368518518079457,1,1000,1000,23.993825,2.44563591009238,0,20260709,1000
150,8,4,0,Inf,0.75,0,0.3,0,"fixed",2,0.2,0.3,0.1,"fixed_2",0.929,0.00812151463706124,0.929,0,1.01067219824821,-0.00855679198335901,-0.02852263994453,0.0839476627143492,0.0843408652681096,0.954,0.330308624403289,1,1000,1000,23.9964466666667,2.4459661299218,0,20260709,1000
20,1,5,0,Inf,0.75,0,0.3,0,"fixed",2,0.2,0.3,0.1,"fixed_2",0.137777777777778,0.022977773001886,0.031,0.03125,2.23184517239256,-0.0698398244555836,-0.232799414851945,0.297150677848124,0.304604150554719,0.862222222222222,0.998388748400259,0.225,225,1000,3.7457,0.954619769182234,1,20260709,1000
40,1,5,0,Inf,0.75,0,0.3,0,"fixed",2,0.2,0.3,0.1,"fixed_2",0.266666666666667,0.051062779080338,0.02,0,1.178487469058,-0.107106920863078,-0.357023069543593,0.134302044216271,0.171080208449224,0.88,0.56192805731443,0.075,75,1000,3.7451,0.965027595975686,1,20260709,1000
60,1,5,0,Inf,0.75,0,0.3,0,"fixed",2,0.2,0.3,0.1,"fixed_2",0.227272727272727,0.089346067398511,0.005,0,0.969366280417505,-0.133709074128397,-0.445696913761324,0.0978273449801532,0.164357224726729,0.818181818181818,0.417491584599238,0.022,22,1000,3.7479,0.96358976722284,1,20260709,1000
90,1,5,0,Inf,0.75,0,0.3,0,"fixed",2,0.2,0.3,0.1,"fixed_2",0.571428571428571,0.187043905916565,0.004,0,0.669650347920333,-0.128702362903338,-0.429007876344459,0.0454508073597513,0.135406658865717,0.714285714285714,0.321597924217285,0.007,7,1000,3.74516666666667,0.966585338113847,1,20260709,1000
120,1,5,0,Inf,0.75,0,0.3,0,"fixed",2,0.2,0.3,0.1,"fixed_2",0.333333333333333,0.272165526975909,0.001,0,0.76545049100303,-0.165789118173215,-0.552630393910717,0.0965252295858418,0.18356863839552,0.333333333333333,0.287838131774013,0.003,3,1000,3.74989166666667,0.96686253012122,1,20260709,1000
150,1,5,0,Inf,0.75,0,0.3,0,"fixed",2,0.2,0.3,0.1,"fixed_2",NA,NA,0,NA,NA,NA,NA,NA,NA,NA,NA,0,0,1000,3.75298666666667,0.967438370648817,1,20260709,1000
20,2,5,0,Inf,0.75,0,0.3,0,"fixed",2,0.2,0.3,0.1,"fixed_2",0.216444981862152,0.0143204199546298,0.179,0.0110497237569061,1.97655617819157,-0.0193307758548223,-0.0644359195160743,0.264127297143097,0.264674424535585,0.932285368802902,1.0017112600212,0.827,827,1000,7.4927,1.35557666194267,0.9452,20260709,1000
40,2,5,0,Inf,0.75,0,0.3,0,"fixed",2,0.2,0.3,0.1,"fixed_2",0.372062663185379,0.0174643253627788,0.285,0,1.51554755295397,-0.0200409842239376,-0.0668032807464588,0.181420665189141,0.182406498913321,0.929503916449086,0.670831359507417,0.766,766,1000,7.5011,1.369055217407,0.942,20260709,1000
60,2,5,0,Inf,0.75,0,0.3,0,"fixed",2,0.2,0.3,0.1,"fixed_2",0.57085020242915,0.0181826187121968,0.423,0,1.24420191697096,-0.0183558980872353,-0.061186326957451,0.14199371349058,0.143080201981063,0.929824561403509,0.529260467033719,0.741,741,1000,7.50123333333333,1.36511210072185,0.943433333333333,20260709,1000
90,2,5,0,Inf,0.75,0,0.3,0,"fixed",2,0.2,0.3,0.1,"fixed_2",0.744740532959327,0.0163285890760864,0.531,0,1.07408060591959,-0.0227780288180606,-0.0759267627268686,0.109373634450332,0.111645208947547,0.94109396914446,0.425517431292162,0.713,713,1000,7.49033333333333,1.36687796088954,0.944488888888889,20260709,1000
120,2,5,0,Inf,0.75,0,0.3,0,"fixed",2,0.2,0.3,0.1,"fixed_2",0.828148148148148,0.0145204220358491,0.559,0,0.989413569684582,-0.0306656440641559,-0.102218813547186,0.0934492933200305,0.098286391276821,0.925925925925926,0.358444112535658,0.675,675,1000,7.50255833333333,1.36421892119323,0.944291666666667,20260709,1000
150,2,5,0,Inf,0.75,0,0.3,0,"fixed",2,0.2,0.3,0.1,"fixed_2",0.899556868537666,0.011552609660252,0.609,0,0.97640881013812,-0.0235561340475874,-0.0785204468252915,0.0868015200039781,0.0898791748619703,0.929098966026588,0.323657957713634,0.677,677,1000,7.49277333333333,1.36801268421755,0.944586666666667,20260709,1000
20,3,5,0,Inf,0.75,0,0.3,0,"fixed",2,0.2,0.3,0.1,"fixed_2",0.243,0.0135628536820243,0.243,0.00816326530612245,1.98157727406651,-0.00160811739511396,-0.00536039131704654,0.258675364364947,0.258550995408576,0.936,0.981890315371785,1,1000,1000,11.25145,1.65064005204025,0.1483,20260709,1000
40,3,5,0,Inf,0.75,0,0.3,0,"fixed",2,0.2,0.3,0.1,"fixed_2",0.412,0.0155645751628498,0.412,0,1.4324820922215,-0.0198468084786983,-0.0661560282623277,0.170682318892036,0.171747539531635,0.945,0.660616374111778,1,1000,1000,11.229625,1.67669683781943,0.15335,20260709,1000
60,3,5,0,Inf,0.75,0,0.3,0,"fixed",2,0.2,0.3,0.1,"fixed_2",0.59,0.0155531347322654,0.59,0,1.25329678659112,-0.0067859145016656,-0.022619715005552,0.131240859305238,0.131350628562067,0.953,0.532882723097819,1,1000,1000,11.2525666666667,1.6730328647397,0.1479,20260709,1000
90,3,5,0,Inf,0.75,0,0.3,0,"fixed",2,0.2,0.3,0.1,"fixed_2",0.779,0.0131209374665075,0.779,0,1.11620920746472,-0.00685808613377831,-0.0228602871125944,0.112645504792679,0.112797846103841,0.938,0.428870653359191,1,1000,1000,11.2478,1.6706937043906,0.148122222222222,20260709,1000
120,3,5,0,Inf,0.75,0,0.3,0,"fixed",2,0.2,0.3,0.1,"fixed_2",0.859,0.0110054077616415,0.859,0,1.04638542847702,-0.0104023837878987,-0.034674612626329,0.0967055749988162,0.0972153581286751,0.934,0.371521158411959,1,1000,1000,11.2581,1.671280674782,0.147333333333333,20260709,1000
150,3,5,0,Inf,0.75,0,0.3,0,"fixed",2,0.2,0.3,0.1,"fixed_2",0.916,0.00877177291087725,0.916,0,1.02459541595629,-0.00717275335074213,-0.0239091778358071,0.0898789084314892,0.0901198554885979,0.937,0.330880014989025,1,1000,1000,11.25004,1.67570252112017,0.14816,20260709,1000
20,4,5,0,Inf,0.75,0,0.3,0,"fixed",2,0.2,0.3,0.1,"fixed_2",0.295,0.0144213383567546,0.295,0.00337837837837838,1.95823986209082,0.0228361229016488,0.0761204096721626,0.257496300788105,0.258378654466304,0.942,0.97367445365159,1,1000,1000,14.96275,1.90586522917115,0.0047,20260709,1000
40,4,5,0,Inf,0.75,0,0.3,0,"fixed",2,0.2,0.3,0.1,"fixed_2",0.441,0.0157009235397157,0.441,0,1.49049314478774,0.00102046056141442,0.00340153520471472,0.174050657848911,0.173966603708581,0.931,0.661294165122112,1,1000,1000,15.0033,1.92825975454675,0.003975,20260709,1000
60,4,5,0,Inf,0.75,0,0.3,0,"fixed",2,0.2,0.3,0.1,"fixed_2",0.589,0.0155588881350821,0.589,0,1.26436270305628,-0.00695045464746935,-0.0231681821582312,0.136891250423808,0.136999211851593,0.938,0.535022103998497,1,1000,1000,14.9910333333333,1.93423342126236,0.00398333333333333,20260709,1000
90,4,5,0,Inf,0.75,0,0.3,0,"fixed",2,0.2,0.3,0.1,"fixed_2",0.754,0.0136192510807313,0.754,0,1.12864824029388,-0.00640152284989814,-0.0213384094996605,0.11090285376446,0.111032081061853,0.949,0.430439633527513,1,1000,1000,14.9921666666667,1.93537624181847,0.00391111111111111,20260709,1000
120,4,5,0,Inf,0.75,0,0.3,0,"fixed",2,0.2,0.3,0.1,"fixed_2",0.888,0.00997276290703835,0.888,0,1.06804095615215,-0.000473452356012261,-0.00157817452004087,0.0979424912800322,0.0978946526817194,0.945,0.372563797128122,1,1000,1000,15.00355,1.92804099604302,0.00374166666666667,20260709,1000
150,4,5,0,Inf,0.75,0,0.3,0,"fixed",2,0.2,0.3,0.1,"fixed_2",0.93,0.00806845710157772,0.93,0,1.00285257012989,-0.011420018024099,-0.0380667267469966,0.0851349144336611,0.0858552416200777,0.936,0.331621422903345,1,1000,1000,14.9999066666667,1.93768499795961,0.00404666666666667,20260709,1000
20,5,5,0,Inf,0.75,0,0.3,0,"fixed",2,0.2,0.3,0.1,"fixed_2",0.235,0.0134080199880519,0.235,0.00423728813559322,1.94143934669581,-0.0104093190752332,-0.0346977302507775,0.248031535068776,0.248125929055782,0.941,0.959140228969424,1,1000,1000,18.74845,2.12409831092053,4.99999999999996e-05,20260709,1000
40,5,5,0,Inf,0.75,0,0.3,0,"fixed",2,0.2,0.3,0.1,"fixed_2",0.445,0.0157154382694216,0.445,0.00224215246636771,1.45144478164899,-0.00398521622757908,-0.0132840540919303,0.166433743629192,0.166398235494821,0.939,0.650551978482574,1,1000,1000,18.7783,2.16319885561553,0,20260709,1000
60,5,5,0,Inf,0.75,0,0.3,0,"fixed",2,0.2,0.3,0.1,"fixed_2",0.618,0.015364764885933,0.618,0,1.29318804045395,0.004341508384404,0.01447169461468,0.138734633399232,0.138733196823856,0.938,0.527206983447235,1,1000,1000,18.7381,2.16844449120151,1.66666666666668e-05,20260709,1000
90,5,5,0,Inf,0.75,0,0.3,0,"fixed",2,0.2,0.3,0.1,"fixed_2",0.778,0.0131421459434904,0.778,0,1.12110880074299,-0.00437339956869259,-0.0145779985623086,0.109947934216697,0.109979935961375,0.942,0.43037855360042,1,1000,1000,18.7451222222222,2.15292651531001,3.33333333333335e-05,20260709,1000
120,5,5,0,Inf,0.75,0,0.3,0,"fixed",2,0.2,0.3,0.1,"fixed_2",0.879,0.0103130499853341,0.879,0,1.07509863107306,0.000374002074754021,0.0012466735825134,0.0981382986791003,0.0980899302656119,0.943,0.370382494214587,1,1000,1000,18.7585166666667,2.16328399517938,3.33333333333335e-05,20260709,1000
150,5,5,0,Inf,0.75,0,0.3,0,"fixed",2,0.2,0.3,0.1,"fixed_2",0.94,0.00750999334220744,0.94,0,1.03107378651176,-0.00134798589200291,-0.00449328630667637,0.0855206489508747,0.0854885061370638,0.948,0.33278296739436,1,1000,1000,18.7512266666667,2.16349367878607,4.66666666666665e-05,20260709,1000
20,6,5,0,Inf,0.75,0,0.3,0,"fixed",2,0.2,0.3,0.1,"fixed_2",0.229,0.0132875505643441,0.229,0.00434782608695652,1.99372853951684,-0.00346271748567156,-0.0115423916189052,0.251773738398288,0.25167164270948,0.934,0.963466179975939,1,1000,1000,22.50485,2.3514413580852,0,20260709,1000
40,6,5,0,Inf,0.75,0,0.3,0,"fixed",2,0.2,0.3,0.1,"fixed_2",0.456,0.0157500476189756,0.456,0,1.45542212965657,0.00108176420811307,0.00360588069371022,0.164608326834085,0.164529558364616,0.949,0.650725303402441,1,1000,1000,22.51285,2.3500449018983,0,20260709,1000
60,6,5,0,Inf,0.75,0,0.3,0,"fixed",2,0.2,0.3,0.1,"fixed_2",0.6,0.0154919333848297,0.6,0,1.29573575645999,-0.00141230706861012,-0.0047076902287004,0.141987963273245,0.141923978749279,0.943,0.527515279193677,1,1000,1000,22.5158,2.35569819870181,0,20260709,1000
90,6,5,0,Inf,0.75,0,0.3,0,"fixed",2,0.2,0.3,0.1,"fixed_2",0.78,0.0130996183150503,0.78,0,1.14171534924562,0.00150471675275787,0.00501572250919291,0.111912960688044,0.111867110589752,0.94,0.427463888161559,1,1000,1000,22.5083444444444,2.37030169983259,0,20260709,1000
120,6,5,0,Inf,0.75,0,0.3,0,"fixed",2,0.2,0.3,0.1,"fixed_2",0.889,0.00993373041711924,0.889,0,1.0756407473624,0.00179618145320937,0.00598727151069789,0.0969560280857866,0.0969241826305619,0.94,0.369974249160848,1,1000,1000,22.5105666666667,2.36579537179646,0,20260709,1000
150,6,5,0,Inf,0.75,0,0.3,0,"fixed",2,0.2,0.3,0.1,"fixed_2",0.951,0.00682634602111555,0.951,0,1.04839856218533,0.00562126163767557,0.0187375387922519,0.0843212311240244,0.0844663159528819,0.945,0.328509080969619,1,1000,1000,22.5000533333333,2.37302573844505,0,20260709,1000
20,7,5,0,Inf,0.75,0,0.3,0,"fixed",2,0.2,0.3,0.1,"fixed_2",0.266,0.0139729739139526,0.266,0.0111524163568773,1.96506578150063,0.0108034413804016,0.0360114712680054,0.254567433687694,0.254669370089345,0.943,0.974464106902527,1,1000,1000,26.26105,2.52526304191558,0,20260709,1000
40,7,5,0,Inf,0.75,0,0.3,0,"fixed",2,0.2,0.3,0.1,"fixed_2",0.442,0.0157046489932122,0.442,0,1.45609731565007,-0.00396872921773039,-0.0132290973924346,0.166403954637522,0.166368075827339,0.94,0.646916604095682,1,1000,1000,26.243,2.54919864657825,0,20260709,1000
60,7,5,0,Inf,0.75,0,0.3,0,"fixed",2,0.2,0.3,0.1,"fixed_2",0.587,0.0155701958882989,0.587,0,1.26452404488454,-0.00572721841590101,-0.0190907280530034,0.136764885036291,0.136816410477671,0.927,0.521612207640864,1,1000,1000,26.26285,2.5596621313282,0,20260709,1000
90,7,5,0,Inf,0.75,0,0.3,0,"fixed",2,0.2,0.3,0.1,"fixed_2",0.791,0.0128576436410409,0.791,0,1.13114940274506,0.00083208208681046,0.00277360695603487,0.109341038126279,0.109289521531174,0.931,0.424656830300529,1,1000,1000,26.2559111111111,2.54275744134149,0,20260709,1000
120,7,5,0,Inf,0.75,0,0.3,0,"fixed",2,0.2,0.3,0.1,"fixed_2",0.89,0.00989444288477123,0.89,0,1.0603039700569,-0.00164766996571847,-0.00549223321906156,0.0955128307974869,0.0954792802780705,0.941,0.368516606686904,1,1000,1000,26.251075,2.55699086241748,0,20260709,1000
150,7,5,0,Inf,0.75,0,0.3,0,"fixed",2,0.2,0.3,0.1,"fixed_2",0.934,0.00785136930732467,0.934,0,1.04147797728028,0.000776312675903446,0.00258770891967815,0.0852154003678261,0.0851763198122566,0.938,0.327984929094904,1,1000,1000,26.24254,2.55165310004522,0,20260709,1000
20,8,5,0,Inf,0.75,0,0.3,0,"fixed",2,0.2,0.3,0.1,"fixed_2",0.244,0.0135817524642441,0.244,0,1.94420144107472,-0.00524014662210753,-0.0174671554070251,0.24073066192595,0.240667321164166,0.955,0.949879875724348,1,1000,1000,29.989,2.69841821418492,0,20260709,1000
40,8,5,0,Inf,0.75,0,0.3,0,"fixed",2,0.2,0.3,0.1,"fixed_2",0.456,0.0157500476189756,0.456,0,1.46773742626217,0.00165946698377378,0.00553155661257928,0.168827672676923,0.168751397354555,0.947,0.645611327753716,1,1000,1000,29.985975,2.7294462521917,0,20260709,1000
60,8,5,0,Inf,0.75,0,0.3,0,"fixed",2,0.2,0.3,0.1,"fixed_2",0.618,0.015364764885933,0.618,0,1.27054201090864,0.00109259188895244,0.00364197296317481,0.134837702965046,0.1347746960367,0.941,0.526077477194149,1,1000,1000,30.0084166666667,2.71434276083168,0,20260709,1000
90,8,5,0,Inf,0.75,0,0.3,0,"fixed",2,0.2,0.3,0.1,"fixed_2",0.779,0.0131209374665075,0.779,0,1.13109469314544,-0.000878046496466722,-0.00292682165488907,0.107080296540106,0.107030344682524,0.952,0.430125532766246,1,1000,1000,29.9916777777778,2.72815367731757,0,20260709,1000
120,8,5,0,Inf,0.75,0,0.3,0,"fixed",2,0.2,0.3,0.1,"fixed_2",0.888,0.00997276290703835,0.888,0,1.07738083926445,0.00216021378069658,0.00720071260232195,0.0979889116729457,0.0979637254682356,0.942,0.367063003043801,1,1000,1000,29.9996666666667,2.72382595321588,0,20260709,1000
150,8,5,0,Inf,0.75,0,0.3,0,"fixed",2,0.2,0.3,0.1,"fixed_2",0.941,0.00745110730026082,0.941,0,1.04018149956995,0.00154773404656616,0.00515911348855388,0.0860606418527844,0.0860315240055412,0.946,0.328550248153877,1,1000,1000,29.9941,2.73169712474361,0,20260709,1000
20,1,6,0,Inf,0.75,0,0.3,0,"fixed",2,0.2,0.3,0.1,"fixed_2",0.19344262295082,0.022617458408091,0.059,0.0166666666666667,2.16705999925001,-0.0439763350850629,-0.146587783616876,0.309940706216205,0.31254151399486,0.891803278688525,1.01578615348932,0.305,305,1000,4.50885,1.04604966546303,1,20260709,1000
40,1,6,0,Inf,0.75,0,0.3,0,"fixed",2,0.2,0.3,0.1,"fixed_2",0.351063829787234,0.0492300307503928,0.033,0,1.3778061630267,-0.0502875357441295,-0.167625119147098,0.195783752882274,0.201127657451268,0.840425531914894,0.620500393948614,0.094,94,1000,4.496625,1.0533998710001,1,20260709,1000
60,1,6,0,Inf,0.75,0,0.3,0,"fixed",2,0.2,0.3,0.1,"fixed_2",0.555555555555556,0.117121394821051,0.01,0,1.01744731384263,-0.0686197179760017,-0.228732393253339,0.111280328159748,0.128078161229928,0.777777777777778,0.417580002650826,0.018,18,1000,4.50805,1.05048237648894,1,20260709,1000
90,1,6,0,Inf,0.75,0,0.3,0,"fixed",2,0.2,0.3,0.1,"fixed_2",0.8,0.126491106406735,0.008,0,0.716047033834553,-0.108535689713065,-0.361785632376883,0.0775020397051697,0.13109502463521,0.6,0.308376370649904,0.01,10,1000,4.49912222222222,1.05830278528852,1,20260709,1000
120,1,6,0,Inf,0.75,0,0.3,0,"fixed",2,0.2,0.3,0.1,"fixed_2",0.75,0.21650635094611,0.003,0,0.621035566135187,-0.13633303191345,-0.454443439711501,0.0571513878737205,0.145039327227594,0.5,0.257590996684537,0.004,4,1000,4.49600833333333,1.06079382649778,1,20260709,1000
150,1,6,0,Inf,0.75,0,0.3,0,"fixed",2,0.2,0.3,0.1,"fixed_2",NA,NA,0,NA,NA,NA,NA,NA,NA,NA,NA,0,0,1000,4.50055333333333,1.05959225687983,1,20260709,1000
20,2,6,0,Inf,0.75,0,0.3,0,"fixed",2,0.2,0.3,0.1,"fixed_2",0.231808731808732,0.0136054228085089,0.223,0,2.00162982764978,-0.00618380220678155,-0.0206126740226052,0.255413958374313,0.2553560579872,0.93970893970894,0.987232413140557,0.962,962,1000,9.0012,1.48299181806107,0.60815,20260709,1000
40,2,6,0,Inf,0.75,0,0.3,0,"fixed",2,0.2,0.3,0.1,"fixed_2",0.420675537359263,0.0157938235218669,0.411,0,1.49651476612554,-0.00526837069017394,-0.0175612356339131,0.174731740046168,0.174721741005336,0.939611054247697,0.658625643922251,0.977,977,1000,9.00635,1.49049872576394,0.609875,20260709,1000
60,2,6,0,Inf,0.75,0,0.3,0,"fixed",2,0.2,0.3,0.1,"fixed_2",0.547034764826176,0.0159173392259669,0.535,0,1.24956852512222,-0.0171359830320335,-0.0571199434401115,0.135603628627196,0.136613264449348,0.94478527607362,0.530480947934965,0.978,978,1000,9.0045,1.49632157545985,0.607383333333333,20260709,1000
90,2,6,0,Inf,0.75,0,0.3,0,"fixed",2,0.2,0.3,0.1,"fixed_2",0.746733668341709,0.0137866914527274,0.743,0,1.08914517143246,-0.0165866207722857,-0.0552887359076191,0.10753017770915,0.108748490856058,0.937688442211055,0.42588553702237,0.995,995,1000,8.9969,1.48974127169234,0.610988888888889,20260709,1000
120,2,6,0,Inf,0.75,0,0.3,0,"fixed",2,0.2,0.3,0.1,"fixed_2",0.857857857857858,0.0110480683100155,0.857,0,1.00710771342515,-0.0215302615289644,-0.0717675384298814,0.0930416025586733,0.0954548404376636,0.930930930930931,0.364721250062891,0.999,999,1000,8.993625,1.49407386981816,0.611375,20260709,1000
150,2,6,0,Inf,0.75,0,0.3,0,"fixed",2,0.2,0.3,0.1,"fixed_2",0.927855711422846,0.0081898496614899,0.926,0,0.983584055276353,-0.016895972938515,-0.0563199097950499,0.0846448751844358,0.0862731110103636,0.939879759519038,0.325949244906596,0.998,998,1000,8.99665333333333,1.49645298372708,0.610913333333333,20260709,1000
20,3,6,0,Inf,0.75,0,0.3,0,"fixed",2,0.2,0.3,0.1,"fixed_2",0.24,0.0135055544129073,0.24,0.024390243902439,1.99295575693619,0.00146790587224782,0.0048930195741594,0.261403799259052,0.261277188189955,0.936,0.984933556022336,1,1000,1000,13.5001,1.82130999657984,0.01995,20260709,1000
40,3,6,0,Inf,0.75,0,0.3,0,"fixed",2,0.2,0.3,0.1,"fixed_2",0.449,0.0157289224042844,0.449,0,1.4700308642172,-0.000277827896131788,-0.00092609298710596,0.17009347256314,0.170008631567691,0.945,0.66052810116851,1,1000,1000,13.49615,1.8090750998477,0.018075,20260709,1000
60,3,6,0,Inf,0.75,0,0.3,0,"fixed",2,0.2,0.3,0.1,"fixed_2",0.6,0.0154919333848297,0.6,0,1.27074533950866,-0.00412778805826974,-0.0137592935275658,0.138751410402664,0.138743434327876,0.936,0.533119814782744,1,1000,1000,13.49295,1.83318906273351,0.0197166666666667,20260709,1000
90,3,6,0,Inf,0.75,0,0.3,0,"fixed",2,0.2,0.3,0.1,"fixed_2",0.761,0.0134862522592453,0.761,0,1.12572479512755,-0.0073889363213912,-0.0246297877379707,0.112913751800044,0.113098904548974,0.946,0.43092465444798,1,1000,1000,13.4978111111111,1.83594371881713,0.0194111111111111,20260709,1000
120,3,6,0,Inf,0.75,0,0.3,0,"fixed",2,0.2,0.3,0.1,"fixed_2",0.88,0.0102761860629321,0.88,0,1.05060340376142,-0.00543419015320268,-0.0181139671773423,0.0941497136588872,0.0942594018445352,0.954,0.369545949665115,1,1000,1000,13.5003833333333,1.83245570474591,0.019325,20260709,1000
150,3,6,0,Inf,0.75,0,0.3,0,"fixed",2,0.2,0.3,0.1,"fixed_2",0.942,0.00739161687318817,0.942,0,1.02103373030329,-0.00398084337282795,-0.0132694779094265,0.0859559130801913,0.0860051026882414,0.942,0.332574793162347,1,1000,1000,13.4959,1.835730269058,0.0194,20260709,1000
20,4,6,0,Inf,0.75,0,0.3,0,"fixed",2,0.2,0.3,0.1,"fixed_2",0.258,0.0138360398958662,0.258,0.00769230769230769,1.96979772549916,0.0106189322286182,0.0353964407620607,0.256121467441857,0.256213523452924,0.944,0.97236316855165,1,1000,1000,17.9839,2.08871643755649,4.99999999999996e-05,20260709,1000
40,4,6,0,Inf,0.75,0,0.3,0,"fixed",2,0.2,0.3,0.1,"fixed_2",0.438,0.0156893594515519,0.438,0,1.48997664998384,-0.00389490058259762,-0.0129830019419921,0.178248312548653,0.178201736007437,0.944,0.661545945194531,1,1000,1000,18.001075,2.11254396688094,7.50000000000001e-05,20260709,1000
60,4,6,0,Inf,0.75,0,0.3,0,"fixed",2,0.2,0.3,0.1,"fixed_2",0.58,0.0156076904121013,0.58,0,1.28257417030233,-0.00585656956505398,-0.0195218985501799,0.140855705935515,0.14090702243596,0.944,0.527816957498846,1,1000,1000,17.9870666666667,2.11082822681897,0.000116666666666666,20260709,1000
90,4,6,0,Inf,0.75,0,0.3,0,"fixed",2,0.2,0.3,0.1,"fixed_2",0.744,0.0138008695378226,0.744,0,1.13247919540867,-0.00703608108713022,-0.0234536036237674,0.112457295689329,0.112621059964237,0.937,0.428639591021309,1,1000,1000,18.0074111111111,2.1191009132394,7.77777777777778e-05,20260709,1000
120,4,6,0,Inf,0.75,0,0.3,0,"fixed",2,0.2,0.3,0.1,"fixed_2",0.89,0.00989444288477123,0.89,0,1.05908815263945,-0.0017673338308965,-0.005891112769655,0.0935859437988095,0.0935558336861312,0.953,0.369342849838912,1,1000,1000,17.9894833333333,2.12150769264193,1e-04,20260709,1000
150,4,6,0,Inf,0.75,0,0.3,0,"fixed",2,0.2,0.3,0.1,"fixed_2",0.946,0.00714730718522718,0.946,0,1.02415645662611,-0.00241795956452506,-0.00805986521508354,0.0836084424682649,0.0836016017117666,0.951,0.329501834619399,1,1000,1000,17.9896066666667,2.11062801865416,6.00000000000002e-05,20260709,1000
20,5,6,0,Inf,0.75,0,0.3,0,"fixed",2,0.2,0.3,0.1,"fixed_2",0.266,0.0139729739139526,0.266,0.00374531835205993,1.95724897591241,-0.0018070167628243,-0.00602338920941433,0.256102861476887,0.255981156123989,0.924,0.957951620166194,1,1000,1000,22.50315,2.34846818156119,0,20260709,1000
40,5,6,0,Inf,0.75,0,0.3,0,"fixed",2,0.2,0.3,0.1,"fixed_2",0.413,0.0155701958882989,0.413,0,1.46432758556773,-0.009986370588776,-0.0332879019625867,0.167049349057043,0.167264183652382,0.944,0.655066842717717,1,1000,1000,22.4932,2.36823372602444,0,20260709,1000
60,5,6,0,Inf,0.75,0,0.3,0,"fixed",2,0.2,0.3,0.1,"fixed_2",0.612,0.0154096073927923,0.612,0,1.27798278141955,-0.00119576236510854,-0.00398587455036181,0.139026147589146,0.13896176197573,0.943,0.528240021280681,1,1000,1000,22.5071,2.36004400438891,0,20260709,1000
90,5,6,0,Inf,0.75,0,0.3,0,"fixed",2,0.2,0.3,0.1,"fixed_2",0.794,0.0127892142057282,0.794,0,1.1490018640104,0.00641008849505836,0.0213669616501945,0.109689805993355,0.109822178633624,0.953,0.42848019113759,1,1000,1000,22.494,2.36742753591505,0,20260709,1000
120,5,6,0,Inf,0.75,0,0.3,0,"fixed",2,0.2,0.3,0.1,"fixed_2",0.896,0.00965318600255895,0.896,0,1.06498622335361,0.000686448708281717,0.00228816236093906,0.0954337375167546,0.0953884787067574,0.947,0.370169412941779,1,1000,1000,22.502875,2.36552663710188,0,20260709,1000
150,5,6,0,Inf,0.75,0,0.3,0,"fixed",2,0.2,0.3,0.1,"fixed_2",0.944,0.00727076337120113,0.944,0,1.0295729351179,-0.00118944138058408,-0.00396480460194693,0.0848686194317717,0.0848345133332448,0.943,0.329459938886864,1,1000,1000,22.4957133333333,2.3681841854273,0,20260709,1000
20,6,6,0,Inf,0.75,0,0.3,0,"fixed",2,0.2,0.3,0.1,"fixed_2",0.256,0.0138008695378226,0.256,0.00775193798449612,1.88422027845911,-0.00596228668131354,-0.0198742889377118,0.247722257312869,0.247670142152592,0.933,0.953534013027713,1,1000,1000,27.0155,2.55570553527403,0,20260709,1000
40,6,6,0,Inf,0.75,0,0.3,0,"fixed",2,0.2,0.3,0.1,"fixed_2",0.469,0.0157809695519635,0.469,0,1.43983423083673,-0.00149853929602795,-0.00499513098675982,0.16935726773281,0.169279200936826,0.945,0.647772893286269,1,1000,1000,26.9802,2.58472899908188,0,20260709,1000
60,6,6,0,Inf,0.75,0,0.3,0,"fixed",2,0.2,0.3,0.1,"fixed_2",0.618,0.015364764885933,0.618,0,1.24125596511414,-0.00764157333689319,-0.0254719111229773,0.134016861314751,0.134167627394255,0.94,0.525202349153883,1,1000,1000,26.9798166666667,2.58293940082985,0,20260709,1000
90,6,6,0,Inf,0.75,0,0.3,0,"fixed",2,0.2,0.3,0.1,"fixed_2",0.776,0.0131842330076497,0.776,0,1.11763956907116,-0.0041572141034078,-0.0138573803446927,0.10780814114738,0.107834387518348,0.943,0.428094453156989,1,1000,1000,26.9995,2.60021595533755,0,20260709,1000
120,6,6,0,Inf,0.75,0,0.3,0,"fixed",2,0.2,0.3,0.1,"fixed_2",0.88,0.0102761860629321,0.88,0,1.07216392427908,0.000319266855517086,0.00106422285172362,0.0944166676360128,0.0943699875579458,0.949,0.367982310501783,1,1000,1000,27.00495,2.58538391441867,0,20260709,1000
150,6,6,0,Inf,0.75,0,0.3,0,"fixed",2,0.2,0.3,0.1,"fixed_2",0.937,0.00768316341099159,0.937,0,1.04206575861375,0.0015996321470117,0.00533210715670566,0.0856194389570994,0.0855915677038742,0.951,0.329265881136724,1,1000,1000,26.9916866666667,2.59090187325078,0,20260709,1000
20,7,6,0,Inf,0.75,0,0.3,0,"fixed",2,0.2,0.3,0.1,"fixed_2",0.253,0.0137473997541353,0.253,0.00393700787401575,1.89551284090016,-0.00658630719154107,-0.0219543573051369,0.24447657724326,0.244443055671829,0.949,0.946258430879383,1,1000,1000,31.52135,2.76818422186119,0,20260709,1000
40,7,6,0,Inf,0.75,0,0.3,0,"fixed",2,0.2,0.3,0.1,"fixed_2",0.433,0.0156687906361659,0.433,0,1.46694048898589,-0.00764687543494408,-0.0254895847831469,0.172839956106711,0.172922674859199,0.925,0.651540608781933,1,1000,1000,31.476425,2.77076373402305,0,20260709,1000
60,7,6,0,Inf,0.75,0,0.3,0,"fixed",2,0.2,0.3,0.1,"fixed_2",0.622,0.0153334927527945,0.622,0,1.2588646020879,-0.00142522871959638,-0.00475076239865461,0.135733228039803,0.13567283059557,0.941,0.525697390390487,1,1000,1000,31.5103666666667,2.80015527617198,0,20260709,1000
90,7,6,0,Inf,0.75,0,0.3,0,"fixed",2,0.2,0.3,0.1,"fixed_2",0.771,0.0132875505643441,0.771,0,1.14312184362848,-0.00015524678526041,-0.000517489284201367,0.110793373329721,0.110738071609404,0.945,0.426321052530259,1,1000,1000,31.4992666666667,2.79658712285863,0,20260709,1000
120,7,6,0,Inf,0.75,0,0.3,0,"fixed",2,0.2,0.3,0.1,"fixed_2",0.885,0.0100883596287999,0.885,0,1.08218051834925,0.00360118558062844,0.0120039519354281,0.097128036344538,0.0971462306334522,0.942,0.367658502243858,1,1000,1000,31.493775,2.80288255454867,0,20260709,1000
150,7,6,0,Inf,0.75,0,0.3,0,"fixed",2,0.2,0.3,0.1,"fixed_2",0.938,0.00762600813007697,0.938,0,1.02796976592327,-0.00261147098771547,-0.0087049032923849,0.0846922419440223,0.0846901579310074,0.944,0.328512824059339,1,1000,1000,31.5021,2.8086119504307,0,20260709,1000
20,8,6,0,Inf,0.75,0,0.3,0,"fixed",2,0.2,0.3,0.1,"fixed_2",0.256,0.0138008695378226,0.256,0.00775193798449612,1.97834179888728,-0.00672679670466797,-0.0224226556822266,0.262485278348048,0.262440226760321,0.923,0.955071990796841,1,1000,1000,35.98285,2.9772198920664,0,20260709,1000
40,8,6,0,Inf,0.75,0,0.3,0,"fixed",2,0.2,0.3,0.1,"fixed_2",0.469,0.0157809695519635,0.469,0,1.45890652269949,0.00381306781376944,0.0127102260458981,0.1648143187591,0.164776015835165,0.955,0.643675984657857,1,1000,1000,36.01985,2.95795261396454,0,20260709,1000
60,8,6,0,Inf,0.75,0,0.3,0,"fixed",2,0.2,0.3,0.1,"fixed_2",0.627,0.0152928414625929,0.627,0,1.27899366668575,0.00542762845039485,0.0180920948346495,0.135400160297352,0.135441239494238,0.944,0.524143252428194,1,1000,1000,35.9991333333333,2.9864365944616,0,20260709,1000
90,8,6,0,Inf,0.75,0,0.3,0,"fixed",2,0.2,0.3,0.1,"fixed_2",0.782,0.0130566458173606,0.782,0,1.13501877935918,0.000974015257651117,0.00324671752550372,0.109702924483309,0.109652385356054,0.956,0.426328055204313,1,1000,1000,36.0045222222222,2.98766986490186,0,20260709,1000
120,8,6,0,Inf,0.75,0,0.3,0,"fixed",2,0.2,0.3,0.1,"fixed_2",0.891,0.00985489725973843,0.891,0,1.05674866969312,-0.00208926008222604,-0.0069642002740868,0.0925818437990258,0.0925591238674891,0.943,0.36625430719863,1,1000,1000,35.996375,2.98967759813436,0,20260709,1000
150,8,6,0,Inf,0.75,0,0.3,0,"fixed",2,0.2,0.3,0.1,"fixed_2",0.95,0.00689202437604511,0.95,0,1.03449902844408,0.00166964269975312,0.00556547566584372,0.0845072082447565,0.0844814446125429,0.948,0.328164222970877,1,1000,1000,36.0086666666667,2.998188072675,0,20260709,1000
20,1,10,0,Inf,0.75,0,0.3,0,"fixed",2,0.2,0.3,0.1,"fixed_2",0.222877358490566,0.0142915663860716,0.189,0.015625,2.05848290377755,-0.00104811639413632,-0.00349372131378774,0.272601248925634,0.272442485760971,0.94811320754717,1.03034123852053,0.848,848,1000,7.49425,1.34878498323436,0.94565,20260709,1000
40,1,10,0,Inf,0.75,0,0.3,0,"fixed",2,0.2,0.3,0.1,"fixed_2",0.393094289508632,0.0177996511695804,0.296,0,1.46966092460123,-0.0231530198907648,-0.0771767329692162,0.177614712144616,0.179000428023476,0.932270916334661,0.657991263029779,0.753,753,1000,7.494875,1.36060017700577,0.944675,20260709,1000
60,1,10,0,Inf,0.75,0,0.3,0,"fixed",2,0.2,0.3,0.1,"fixed_2",0.565957446808511,0.0186665254000671,0.399,0,1.23665746269015,-0.0145413176883912,-0.0484710589613041,0.13722516275062,0.137896645844049,0.948936170212766,0.532597229031532,0.705,705,1000,7.49715,1.36853780445452,0.9439,20260709,1000
90,1,10,0,Inf,0.75,0,0.3,0,"fixed",2,0.2,0.3,0.1,"fixed_2",0.733983286908078,0.0164905569943182,0.527,0,1.09178337905371,-0.0182730250773668,-0.0609100835912226,0.109322737848756,0.110764249500247,0.944289693593315,0.424355911985849,0.718,718,1000,7.49926666666667,1.37194848155804,0.943033333333333,20260709,1000
120,1,10,0,Inf,0.75,0,0.3,0,"fixed",2,0.2,0.3,0.1,"fixed_2",0.843839541547278,0.013740032577369,0.589,0,1.00667862731764,-0.0235063297142881,-0.0783544323809604,0.0982163849335102,0.100921680848355,0.926934097421203,0.365484072322327,0.698,698,1000,7.50144166666667,1.36912218902924,0.943833333333333,20260709,1000
150,1,10,0,Inf,0.75,0,0.3,0,"fixed",2,0.2,0.3,0.1,"fixed_2",0.92466765140325,0.0101435331212867,0.626,0,0.966449843527784,-0.0230027655667083,-0.0766758852223611,0.0843296225210143,0.0873504896880905,0.929098966026588,0.322846847030913,0.677,677,1000,7.5006,1.36632066705937,0.944593333333333,20260709,1000
20,2,10,0,Inf,0.75,0,0.3,0,"fixed",2,0.2,0.3,0.1,"fixed_2",0.236,0.0134277324965908,0.236,0.00840336134453781,2.00502207765916,-0.00507174863692483,-0.0169058287897494,0.260206076680563,0.260125388559798,0.947,0.979564530308547,1,1000,1000,15.01165,1.91055420387506,0.00405,20260709,1000
40,2,10,0,Inf,0.75,0,0.3,0,"fixed",2,0.2,0.3,0.1,"fixed_2",0.425,0.0156324982008635,0.425,0,1.49801507183723,0.00165245739623698,0.00550819132078995,0.169646380173146,0.169569587565083,0.945,0.662270531505372,1,1000,1000,15.0124,1.92204145014868,0.003625,20260709,1000
60,2,10,0,Inf,0.75,0,0.3,0,"fixed",2,0.2,0.3,0.1,"fixed_2",0.595,0.0155233694795943,0.595,0,1.27460725999501,0.00122567584373362,0.00408558614577873,0.129434408931255,0.129375481566029,0.961,0.533309491959365,1,1000,1000,14.99,1.93289641642498,0.00423333333333333,20260709,1000
90,2,10,0,Inf,0.75,0,0.3,0,"fixed",2,0.2,0.3,0.1,"fixed_2",0.762,0.0134668481835951,0.762,0,1.1297503892444,-0.0048556033701066,-0.016185344567022,0.110622988175621,0.110674228940067,0.94,0.429669530369867,1,1000,1000,15.0006888888889,1.93166187059647,0.00402222222222222,20260709,1000
120,2,10,0,Inf,0.75,0,0.3,0,"fixed",2,0.2,0.3,0.1,"fixed_2",0.868,0.0107040179372047,0.868,0,1.05430770513264,-0.00757065587787287,-0.0252355195929096,0.0954636726278308,0.095715799684395,0.939,0.37057883810124,1,1000,1000,14.9928583333333,1.92448050736781,0.00375,20260709,1000
150,2,10,0,Inf,0.75,0,0.3,0,"fixed",2,0.2,0.3,0.1,"fixed_2",0.925,0.00832916562447884,0.925,0,1.03047287384793,-0.00458016030519787,-0.0152672010173262,0.0880198840600416,0.0880950075678215,0.926,0.332793939191857,1,1000,1000,14.9943266666667,1.93641145423976,0.00396,20260709,1000
20,3,10,0,Inf,0.75,0,0.3,0,"fixed",2,0.2,0.3,0.1,"fixed_2",0.28,0.0141985914794391,0.28,0.0106007067137809,1.95605504648345,0.0135010413830189,0.0450034712767298,0.252578305019894,0.252812741935571,0.941,0.951800960258248,1,1000,1000,22.50025,2.34468122427934,0,20260709,1000
40,3,10,0,Inf,0.75,0,0.3,0,"fixed",2,0.2,0.3,0.1,"fixed_2",0.446,0.0157189058143371,0.446,0,1.45820971202733,-0.00252076758345954,-0.00840255861153179,0.165237018267784,0.165173615335597,0.955,0.651555949484615,1,1000,1000,22.5122,2.35528077530046,0,20260709,1000
60,3,10,0,Inf,0.75,0,0.3,0,"fixed",2,0.2,0.3,0.1,"fixed_2",0.6,0.0154919333848297,0.6,0,1.27040591332236,-0.00121876003575899,-0.00406253345252997,0.13372952553204,0.13366820036587,0.947,0.531047362298838,1,1000,1000,22.5022,2.36299673321832,0,20260709,1000
90,3,10,0,Inf,0.75,0,0.3,0,"fixed",2,0.2,0.3,0.1,"fixed_2",0.791,0.0128576436410409,0.791,0,1.13833993957247,0.00263554151191914,0.00878513837306379,0.109272416621672,0.109249561337183,0.951,0.430436133809496,1,1000,1000,22.4879888888889,2.37462455554004,0,20260709,1000
120,3,10,0,Inf,0.75,0,0.3,0,"fixed",2,0.2,0.3,0.1,"fixed_2",0.893,0.00977501918156686,0.893,0,1.05955303147866,-0.000812123201281434,-0.00270707733760478,0.0930634551801969,0.0930204570375813,0.948,0.36911076399574,1,1000,1000,22.494825,2.37026621842647,0,20260709,1000
150,3,10,0,Inf,0.75,0,0.3,0,"fixed",2,0.2,0.3,0.1,"fixed_2",0.94,0.00750999334220744,0.94,0,1.02606193946737,-0.00274428137492339,-0.00914760458307795,0.0831855039724989,0.0831891779220844,0.943,0.329273167967665,1,1000,1000,22.49704,2.36620634150231,0,20260709,1000
20,4,10,0,Inf,0.75,0,0.3,0,"fixed",2,0.2,0.3,0.1,"fixed_2",0.279,0.0141830532678969,0.279,0,1.92975112469313,0.0113321511915377,0.0377738373051258,0.241566526472852,0.241711501538662,0.952,0.939533346915555,1,1000,1000,30.01265,2.69106513340523,0,20260709,1000
40,4,10,0,Inf,0.75,0,0.3,0,"fixed",2,0.2,0.3,0.1,"fixed_2",0.472,0.0157865765763195,0.472,0,1.4472533954891,0.00211915941137758,0.00706386470459193,0.164539106581769,0.164470469427623,0.945,0.647992054095748,1,1000,1000,30.00085,2.71213129125532,0,20260709,1000
60,4,10,0,Inf,0.75,0,0.3,0,"fixed",2,0.2,0.3,0.1,"fixed_2",0.646,0.0151223014121528,0.646,0,1.26138259869159,0.00367596381431379,0.0122532127143793,0.133443515303117,0.133427423398045,0.947,0.521060219294862,1,1000,1000,29.99125,2.72356593769972,0,20260709,1000
90,4,10,0,Inf,0.75,0,0.3,0,"fixed",2,0.2,0.3,0.1,"fixed_2",0.781,0.0130781879478772,0.781,0,1.13743884694423,-0.000118971606441143,-0.000396572021470476,0.112168963084423,0.112112927699701,0.935,0.424608629700398,1,1000,1000,29.9968444444444,2.73549132213461,0,20260709,1000
120,4,10,0,Inf,0.75,0,0.3,0,"fixed",2,0.2,0.3,0.1,"fixed_2",0.897,0.00961202372032029,0.897,0,1.05873980276204,-0.00056985247583663,-0.00189950825278877,0.0924772986081379,0.0924328049933846,0.952,0.366838835905139,1,1000,1000,30.0117666666667,2.73635975536324,0,20260709,1000
150,4,10,0,Inf,0.75,0,0.3,0,"fixed",2,0.2,0.3,0.1,"fixed_2",0.935,0.0077958322198467,0.935,0,1.02515529316154,-0.00404051542659423,-0.0134683847553141,0.0852781962062533,0.0853312612256293,0.95,0.325938272528568,1,1000,1000,30.0008466666667,2.73912370740268,0,20260709,1000
20,5,10,0,Inf,0.75,0,0.3,0,"fixed",2,0.2,0.3,0.1,"fixed_2",0.253,0.0137473997541353,0.253,0.0155642023346304,1.93880441229629,-0.00641896218941734,-0.0213965406313911,0.256869525222794,0.256821288274132,0.928,0.947517709101634,1,1000,1000,37.53575,3.01794540384157,0,20260709,1000
40,5,10,0,Inf,0.75,0,0.3,0,"fixed",2,0.2,0.3,0.1,"fixed_2",0.442,0.0157046489932122,0.442,0,1.4601844870832,-0.00304472702542202,-0.0101490900847401,0.169951449862641,0.169893737900379,0.936,0.649050966317922,1,1000,1000,37.495,3.0314598781665,0,20260709,1000
60,5,10,0,Inf,0.75,0,0.3,0,"fixed",2,0.2,0.3,0.1,"fixed_2",0.618,0.015364764885933,0.618,0,1.26580992253548,-0.000446251684536492,-0.00148750561512164,0.134958062131878,0.134891304376611,0.937,0.523769773292398,1,1000,1000,37.4887833333333,3.03849096706695,0,20260709,1000
90,5,10,0,Inf,0.75,0,0.3,0,"fixed",2,0.2,0.3,0.1,"fixed_2",0.823,0.0120694241784768,0.823,0,1.1272124774036,0.00609065723855617,0.0203021907951872,0.105356325683441,0.10547962605049,0.953,0.423284086286842,1,1000,1000,37.5005555555556,3.05614373481883,0,20260709,1000
120,5,10,0,Inf,0.75,0,0.3,0,"fixed",2,0.2,0.3,0.1,"fixed_2",0.894,0.00973468027209934,0.894,0,1.06416273690784,8.08546592253601e-05,0.0002695155307512,0.09300514763711,0.0929586685951856,0.955,0.369104443334465,1,1000,1000,37.512175,3.05968091782505,0,20260709,1000
150,5,10,0,Inf,0.75,0,0.3,0,"fixed",2,0.2,0.3,0.1,"fixed_2",0.947,0.00708456067798138,0.947,0,1.02394742878062,-0.00207246896673802,-0.00690822988912672,0.080646184905918,0.0806324901039136,0.957,0.326082883574145,1,1000,1000,37.5002533333333,3.05144963332145,0,20260709,1000
20,6,10,0,Inf,0.75,0,0.3,0,"fixed",2,0.2,0.3,0.1,"fixed_2",0.27,0.0140392307481571,0.27,0,1.90960552856851,-0.0054663824955915,-0.018221274985305,0.250947244234125,0.250881299037814,0.942,0.943095640468951,1,1000,1000,45.012,3.28839320522251,0,20260709,1000
40,6,10,0,Inf,0.75,0,0.3,0,"fixed",2,0.2,0.3,0.1,"fixed_2",0.493,0.0158098387088547,0.493,0,1.44989453437793,0.0120721088616079,0.0402403628720264,0.162835904958209,0.163201569306125,0.945,0.64231698480807,1,1000,1000,45.01915,3.34917111022943,0,20260709,1000
60,6,10,0,Inf,0.75,0,0.3,0,"fixed",2,0.2,0.3,0.1,"fixed_2",0.632,0.0152504426165276,0.632,0.00157977883096367,1.28382972577869,0.00394941052314102,0.0131647017438034,0.140856569026704,0.14084150776109,0.925,0.521281482588334,1,1000,1000,45.0113,3.33202430179217,0,20260709,1000
90,6,10,0,Inf,0.75,0,0.3,0,"fixed",2,0.2,0.3,0.1,"fixed_2",0.798,0.0126962986732354,0.798,0,1.11146255803267,-0.00236914446379843,-0.00789714821266145,0.104910959595086,0.104885251485654,0.958,0.423015307921327,1,1000,1000,45.0008444444444,3.34217362679347,0,20260709,1000
120,6,10,0,Inf,0.75,0,0.3,0,"fixed",2,0.2,0.3,0.1,"fixed_2",0.876,0.0104222838188182,0.876,0,1.05982337598506,-0.00342828421414121,-0.0114276140471374,0.0954663240988379,0.0954801463685531,0.943,0.365277895280061,1,1000,1000,44.9993583333333,3.36033668116566,0,20260709,1000
150,6,10,0,Inf,0.75,0,0.3,0,"fixed",2,0.2,0.3,0.1,"fixed_2",0.953,0.00669260786241059,0.953,0,1.02027915181077,-0.002046838028682,-0.00682279342893999,0.0814124296471123,0.0813974524371655,0.949,0.326001771576957,1,1000,1000,45.01114,3.34263767295312,0,20260709,1000
20,7,10,0,Inf,0.75,0,0.3,0,"fixed",2,0.2,0.3,0.1,"fixed_2",0.273,0.0140879735945238,0.273,0.0144404332129964,1.92942198687483,0.00950191518809196,0.0316730506269732,0.249707128943973,0.249763053687767,0.934,0.935258402062051,1,1000,1000,52.5345,3.53789981177779,0,20260709,1000
40,7,10,0,Inf,0.75,0,0.3,0,"fixed",2,0.2,0.3,0.1,"fixed_2",0.44,0.0156971334962789,0.44,0,1.4381348194116,-0.00946300888681129,-0.0315433629560376,0.165594248086485,0.165781730240461,0.943,0.643488173307749,1,1000,1000,52.51175,3.59874853189517,0,20260709,1000
60,7,10,0,Inf,0.75,0,0.3,0,"fixed",2,0.2,0.3,0.1,"fixed_2",0.604,0.0154655746740947,0.604,0,1.27922638502355,0.000230572402269646,0.000768574674232155,0.133715115431463,0.13364844004472,0.952,0.522858616003979,1,1000,1000,52.4944166666667,3.60620660084439,0,20260709,1000
90,7,10,0,Inf,0.75,0,0.3,0,"fixed",2,0.2,0.3,0.1,"fixed_2",0.79,0.0128802173894698,0.79,0,1.14275633727596,0.00269176923553521,0.00897256411845071,0.111410752564263,0.111387562379136,0.949,0.42391400288145,1,1000,1000,52.5030777777778,3.6195575841283,0,20260709,1000
120,7,10,0,Inf,0.75,0,0.3,0,"fixed",2,0.2,0.3,0.1,"fixed_2",0.885,0.0100883596287999,0.885,0,1.05820100422673,-0.00265694508616993,-0.00885648362056642,0.0895665538114959,0.0895611788181512,0.952,0.366467254616501,1,1000,1000,52.48345,3.61288881102756,0,20260709,1000
150,7,10,0,Inf,0.75,0,0.3,0,"fixed",2,0.2,0.3,0.1,"fixed_2",0.946,0.00714730718522718,0.946,0,1.0316894297048,-0.000245801213324459,-0.000819337377748197,0.0849787241033125,0.0849365797811117,0.94,0.325783301171564,1,1000,1000,52.49658,3.624709766838,0,20260709,1000
20,8,10,0,Inf,0.75,0,0.3,0,"fixed",2,0.2,0.3,0.1,"fixed_2",0.26,0.0138708327075198,0.26,0,1.92515953943592,0.00711273495781961,0.0237091165260654,0.244937046172048,0.244917850369223,0.926,0.931449920600409,1,1000,1000,59.9854,3.80498978861532,0,20260709,1000
40,8,10,0,Inf,0.75,0,0.3,0,"fixed",2,0.2,0.3,0.1,"fixed_2",0.45,0.0157321327225523,0.45,0,1.44380451567394,-0.00350011861347155,-0.0116670620449052,0.165982668378454,0.16593657458842,0.95,0.643969056279482,1,1000,1000,60.009725,3.84087908564004,0,20260709,1000
60,8,10,0,Inf,0.75,0,0.3,0,"fixed",2,0.2,0.3,0.1,"fixed_2",0.64,0.0151789327688082,0.64,0,1.29253737792061,0.0100244114502915,0.0334147048343051,0.135353266996734,0.13565646023956,0.948,0.522119775907748,1,1000,1000,60.0031166666667,3.84706822848674,0,20260709,1000
90,8,10,0,Inf,0.75,0,0.3,0,"fixed",2,0.2,0.3,0.1,"fixed_2",0.784,0.0130132240432569,0.784,0,1.12919294082637,-0.00259360177029228,-0.00864533923430759,0.110721999889449,0.110697012915446,0.949,0.422127636447,1,1000,1000,59.9955333333333,3.86093579381853,0,20260709,1000
120,8,10,0,Inf,0.75,0,0.3,0,"fixed",2,0.2,0.3,0.1,"fixed_2",0.893,0.00977501918156686,0.893,0,1.0564176197778,-0.00153259665547889,-0.00510865551826297,0.0883887715770979,0.088357858838226,0.961,0.363929111638235,1,1000,1000,60.0034083333333,3.87048634143146,0,20260709,1000
150,8,10,0,Inf,0.75,0,0.3,0,"fixed",2,0.2,0.3,0.1,"fixed_2",0.971,0.00530650544143696,0.971,0,1.03301600060963,0.00466990017088098,0.0155663339029366,0.0782354344037366,0.0783356265102349,0.963,0.326151806549687,1,1000,1000,60.0106666666667,3.87112522009568,0,20260709,1000
20,1,17,0,Inf,0.75,0,0.3,0,"fixed",2,0.2,0.3,0.1,"fixed_2",0.248,0.0136563538325572,0.248,0.008,1.98132713973067,-0.00696823775114791,-0.023227459170493,0.267251714291054,0.267208928836729,0.918,0.963351588946963,1,1000,1000,12.75915,1.75535196213045,0.03855,20260709,1000
40,1,17,0,Inf,0.75,0,0.3,0,"fixed",2,0.2,0.3,0.1,"fixed_2",0.424,0.0156276677722557,0.424,0,1.46262140234514,-0.00987470021623971,-0.0329156673874657,0.170831643225066,0.171031507568079,0.951,0.661703863689777,1,1000,1000,12.7632,1.77228292125975,0.04,20260709,1000
60,1,17,0,Inf,0.75,0,0.3,0,"fixed",2,0.2,0.3,0.1,"fixed_2",0.575,0.0156324982008635,0.575,0,1.2745137104893,-0.00604870334110413,-0.0201623444703471,0.135389323861079,0.135456729469795,0.945,0.533417520124481,1,1000,1000,12.7560166666667,1.77524929009261,0.0399666666666667,20260709,1000
90,1,17,0,Inf,0.75,0,0.3,0,"fixed",2,0.2,0.3,0.1,"fixed_2",0.751,0.0136747577675073,0.751,0,1.12639968636623,-0.00569117629989635,-0.0189705876663212,0.108368411908798,0.108463627426948,0.953,0.431394946623408,1,1000,1000,12.7471666666667,1.78257536284784,0.0402111111111111,20260709,1000
120,1,17,0,Inf,0.75,0,0.3,0,"fixed",2,0.2,0.3,0.1,"fixed_2",0.871,0.0105999528300837,0.871,0,1.05643279076001,-0.00511173739228882,-0.0170391246409627,0.0968110935720693,0.0968976021888523,0.945,0.372109546709017,1,1000,1000,12.7622333333333,1.78227556179943,0.0397,20260709,1000
150,1,17,0,Inf,0.75,0,0.3,0,"fixed",2,0.2,0.3,0.1,"fixed_2",0.94,0.00750999334220744,0.94,0,1.02554532832164,-0.00272470841467276,-0.00908236138224254,0.0827281601943953,0.0827316661055812,0.95,0.33257904454453,1,1000,1000,12.7473266666667,1.78782641111124,0.0404133333333333,20260709,1000
20,2,17,0,Inf,0.75,0,0.3,0,"fixed",2,0.2,0.3,0.1,"fixed_2",0.269,0.0140228028582021,0.269,0.0037037037037037,1.98014848840773,0.0110672037105352,0.0368906790351172,0.257563081038584,0.257672049262905,0.938,0.960211207788283,1,1000,1000,25.53365,2.48843538642294,0,20260709,1000
40,2,17,0,Inf,0.75,0,0.3,0,"fixed",2,0.2,0.3,0.1,"fixed_2",0.468,0.0157789733506334,0.468,0,1.50839758382218,0.0119242892032722,0.0397476306775739,0.177314138984501,0.177626158695544,0.927,0.655312437843196,1,1000,1000,25.5275,2.5177477868814,0,20260709,1000
60,2,17,0,Inf,0.75,0,0.3,0,"fixed",2,0.2,0.3,0.1,"fixed_2",0.609,0.0154311049507156,0.609,0,1.28700901522647,0.00294177743567958,0.00980592478559861,0.136520326476071,0.136483756528288,0.947,0.526724813946967,1,1000,1000,25.49315,2.49586198791936,0,20260709,1000
90,2,17,0,Inf,0.75,0,0.3,0,"fixed",2,0.2,0.3,0.1,"fixed_2",0.795,0.0127661662216971,0.795,0,1.13434812555873,0.00180969608677284,0.0060323202892428,0.108213332745595,0.108174351204208,0.952,0.427549946014929,1,1000,1000,25.5040777777778,2.5054268361499,0,20260709,1000
120,2,17,0,Inf,0.75,0,0.3,0,"fixed",2,0.2,0.3,0.1,"fixed_2",0.906,0.00922843432007835,0.906,0,1.05730896984121,0.00117127927227911,0.00390426424093038,0.09111594300962,0.0910779053920075,0.95,0.368218242477878,1,1000,1000,25.49775,2.51807898057659,0,20260709,1000
150,2,17,0,Inf,0.75,0,0.3,0,"fixed",2,0.2,0.3,0.1,"fixed_2",0.947,0.00708456067798138,0.947,0,1.01696071291301,-0.0043476875028558,-0.014492291676186,0.0814741431617024,0.0815493737226236,0.95,0.327329801581427,1,1000,1000,25.4959866666667,2.51294492155011,0,20260709,1000
20,3,17,0,Inf,0.75,0,0.3,0,"fixed",2,0.2,0.3,0.1,"fixed_2",0.279,0.0141830532678969,0.279,0.00357142857142857,1.90015479392121,0.00591423429155624,0.0197141143051875,0.246421592180793,0.246369348051009,0.935,0.937299295461972,1,1000,1000,38.2549,3.04118966687866,0,20260709,1000
40,3,17,0,Inf,0.75,0,0.3,0,"fixed",2,0.2,0.3,0.1,"fixed_2",0.455,0.0157472219772251,0.455,0,1.44841781584435,-0.0038409080053613,-0.0128030266845377,0.168852986079878,0.168812239341492,0.939,0.648501041086864,1,1000,1000,38.24775,3.05944222057363,0,20260709,1000
60,3,17,0,Inf,0.75,0,0.3,0,"fixed",2,0.2,0.3,0.1,"fixed_2",0.615,0.0153874949228261,0.615,0,1.26381278674229,0.00219537544171328,0.00731791813904425,0.131669323422124,0.13162178236538,0.948,0.522864747951288,1,1000,1000,38.2666166666667,3.08979809442559,0,20260709,1000
90,3,17,0,Inf,0.75,0,0.3,0,"fixed",2,0.2,0.3,0.1,"fixed_2",0.788,0.0129250145067617,0.788,0,1.11601320590482,-0.00333036939511072,-0.0111012313170357,0.10696174804565,0.106960114480791,0.948,0.424939603009345,1,1000,1000,38.2663666666667,3.07870275130324,0,20260709,1000
120,3,17,0,Inf,0.75,0,0.3,0,"fixed",2,0.2,0.3,0.1,"fixed_2",0.877,0.0103860964755773,0.877,0,1.06448871907389,-0.00279384889147044,-0.0093128296382348,0.0963198916488061,0.0963122505050052,0.946,0.363716804300264,1,1000,1000,38.2436166666667,3.08099664126741,0,20260709,1000
150,3,17,0,Inf,0.75,0,0.3,0,"fixed",2,0.2,0.3,0.1,"fixed_2",0.934,0.00785136930732467,0.934,0,1.03371761055348,-0.00156761654180965,-0.00522538847269882,0.0865335651196289,0.0865044926928243,0.938,0.327305278197971,1,1000,1000,38.2573133333333,3.08582181343398,0,20260709,1000
20,4,17,0,Inf,0.75,0,0.3,0,"fixed",2,0.2,0.3,0.1,"fixed_2",0.292,0.0143783170086071,0.292,0.0168350168350168,1.93165181737564,0.00579709908394271,0.0193236636131424,0.26029731928915,0.260231716154042,0.924,0.929668768209524,1,1000,1000,50.98215,3.51247154012668,0,20260709,1000
40,4,17,0,Inf,0.75,0,0.3,0,"fixed",2,0.2,0.3,0.1,"fixed_2",0.47,0.0157829021412413,0.47,0,1.43264681948456,-0.000129973939946515,-0.000433246466488383,0.162401789748114,0.162320620579464,0.944,0.641645383722638,1,1000,1000,51.0129,3.5317506850522,0,20260709,1000
60,4,17,0,Inf,0.75,0,0.3,0,"fixed",2,0.2,0.3,0.1,"fixed_2",0.645,0.0151319199046255,0.645,0.00154798761609907,1.26863064984115,0.00651434767203268,0.0217144922401089,0.133959932034471,0.134051314252721,0.942,0.519410584862532,1,1000,1000,51.0005333333333,3.57644189023937,0,20260709,1000
90,4,17,0,Inf,0.75,0,0.3,0,"fixed",2,0.2,0.3,0.1,"fixed_2",0.788,0.0129250145067617,0.788,0,1.14793137580554,0.00469156059782072,0.0156385353260691,0.109481926726362,0.1095276984524,0.958,0.42449795569398,1,1000,1000,51.0041888888889,3.55341618633771,0,20260709,1000
120,4,17,0,Inf,0.75,0,0.3,0,"fixed",2,0.2,0.3,0.1,"fixed_2",0.892,0.00981509042240569,0.892,0,1.05636600191121,-0.00144694654775224,-0.00482315515917412,0.0932883491842307,0.0932529196955114,0.952,0.364025253969202,1,1000,1000,50.9927,3.57212930267399,0,20260709,1000
150,4,17,0,Inf,0.75,0,0.3,0,"fixed",2,0.2,0.3,0.1,"fixed_2",0.949,0.00695693898205238,0.949,0,1.04217152340443,0.00330664893932014,0.0110221631310671,0.0837579975861978,0.083781386266269,0.95,0.327156939890998,1,1000,1000,50.9854666666667,3.57359050578287,0,20260709,1000
20,5,17,0,Inf,0.75,0,0.3,0,"fixed",2,0.2,0.3,0.1,"fixed_2",0.271,0.014055568291606,0.271,0.00367647058823529,1.83718230603721,-0.00263775715670445,-0.00879252385568149,0.2383936373418,0.23828901057654,0.944,0.931355626238749,1,1000,1000,63.7566,3.92773423008801,0,20260709,1000
40,5,17,0,Inf,0.75,0,0.3,0,"fixed",2,0.2,0.3,0.1,"fixed_2",0.462,0.0157656588825206,0.462,0.00215982721382289,1.4476347325423,0.000329961402895207,0.00109987134298402,0.167982730997586,0.167899042850223,0.932,0.642224498722166,1,1000,1000,63.73515,3.96107680325168,0,20260709,1000
60,5,17,0,Inf,0.75,0,0.3,0,"fixed",2,0.2,0.3,0.1,"fixed_2",0.618,0.015364764885933,0.618,0,1.26874039175296,0.00245919651522869,0.00819732171742897,0.132513353079752,0.132469908293148,0.943,0.522760803174295,1,1000,1000,63.7677666666667,3.958781944716,0,20260709,1000
90,5,17,0,Inf,0.75,0,0.3,0,"fixed",2,0.2,0.3,0.1,"fixed_2",0.804,0.0125532465920175,0.804,0,1.13331708284414,0.0045751789715639,0.0152505965718797,0.106802261482724,0.106846846455046,0.945,0.42284184373156,1,1000,1000,63.7268666666667,3.9863200489333,0,20260709,1000
120,5,17,0,Inf,0.75,0,0.3,0,"fixed",2,0.2,0.3,0.1,"fixed_2",0.883,0.010164201887015,0.883,0,1.05805413353223,-0.00421618863430356,-0.0140539621143452,0.0954575953265532,0.0955029664440979,0.939,0.364213793871953,1,1000,1000,63.771925,3.98423223567477,0,20260709,1000
150,5,17,0,Inf,0.75,0,0.3,0,"fixed",2,0.2,0.3,0.1,"fixed_2",0.955,0.00655553201502365,0.955,0,1.03129979425224,0.0015972585381242,0.00532419512708067,0.0797776675075037,0.079753764748396,0.955,0.325691314895684,1,1000,1000,63.7530133333333,3.98737241744049,0,20260709,1000
20,6,17,0,Inf,0.75,0,0.3,0,"fixed",2,0.2,0.3,0.1,"fixed_2",0.286,0.0142899965010493,0.286,0,1.90407805315453,0.0152292601657651,0.0507642005525503,0.238803216365014,0.239169144195747,0.949,0.943089546337096,1,1000,1000,76.44375,4.3273828139727,0,20260709,1000
40,6,17,0,Inf,0.75,0,0.3,0,"fixed",2,0.2,0.3,0.1,"fixed_2",0.46,0.0157607106438764,0.46,0,1.456250825998,0.00138982359770073,0.00463274532566912,0.167707247764491,0.16762913482274,0.937,0.640164398598295,1,1000,1000,76.514,4.32956509675072,0,20260709,1000
60,6,17,0,Inf,0.75,0,0.3,0,"fixed",2,0.2,0.3,0.1,"fixed_2",0.609,0.0154311049507156,0.609,0,1.27717780308449,-0.00119389298781941,-0.00397964329273137,0.137406021796288,0.137342490845049,0.936,0.522072803620248,1,1000,1000,76.5079166666667,4.36233501460733,0,20260709,1000
90,6,17,0,Inf,0.75,0,0.3,0,"fixed",2,0.2,0.3,0.1,"fixed_2",0.786,0.0129693484801666,0.786,0,1.14322804931263,0.000415303863451233,0.00138434621150411,0.115616999268349,0.115559922579572,0.931,0.420235039827045,1,1000,1000,76.4768111111111,4.38155964138497,0,20260709,1000
120,6,17,0,Inf,0.75,0,0.3,0,"fixed",2,0.2,0.3,0.1,"fixed_2",0.909,0.00909499862561837,0.909,0,1.04502530243714,-0.0016094122533804,-0.00536470751126802,0.0886811824949936,0.0886514409605562,0.966,0.362519192249543,1,1000,1000,76.5152333333333,4.36726926280748,0,20260709,1000
150,6,17,0,Inf,0.75,0,0.3,0,"fixed",2,0.2,0.3,0.1,"fixed_2",0.953,0.00669260786241059,0.953,0,1.02701566737193,-5.44952222045758e-05,-0.000181650740681919,0.0835043163736669,0.0834625715630046,0.952,0.323831924312052,1,1000,1000,76.5200266666667,4.3615942672928,0,20260709,1000
20,7,17,0,Inf,0.75,0,0.3,0,"fixed",2,0.2,0.3,0.1,"fixed_2",0.259,0.0138534833164804,0.259,0.00384615384615385,1.90059804397267,-0.00541609811037203,-0.0180536603679068,0.241961198600437,0.241900827872236,0.945,0.934448964932027,1,1000,1000,89.2474,4.65671430039293,0,20260709,1000
40,7,17,0,Inf,0.75,0,0.3,0,"fixed",2,0.2,0.3,0.1,"fixed_2",0.462,0.0157656588825206,0.462,0,1.43764093175797,-0.000537383576021622,-0.00179127858673874,0.162960769547514,0.162880155268266,0.953,0.639235161280129,1,1000,1000,89.2292,4.67982045042826,0,20260709,1000
60,7,17,0,Inf,0.75,0,0.3,0,"fixed",2,0.2,0.3,0.1,"fixed_2",0.609,0.0154311049507156,0.609,0,1.26293482128967,-0.00015856660561242,-0.000528555352041401,0.130069188072788,0.130004233914118,0.954,0.516435186121577,1,1000,1000,89.21875,4.69353163787414,0,20260709,1000
90,7,17,0,Inf,0.75,0,0.3,0,"fixed",2,0.2,0.3,0.1,"fixed_2",0.831,0.0118506961820815,0.831,0,1.13314216514861,0.00942472401226341,0.0314157467075447,0.103843277349354,0.104218368088891,0.962,0.420212267617294,1,1000,1000,89.2323444444445,4.71083469581338,0,20260709,1000
120,7,17,0,Inf,0.75,0,0.3,0,"fixed",2,0.2,0.3,0.1,"fixed_2",0.897,0.00961202372032029,0.897,0,1.06694474521505,0.00214479865443817,0.00714932884812725,0.0923634431880294,0.092342161514548,0.954,0.366050776665465,1,1000,1000,89.2608833333333,4.70934362654021,0,20260709,1000
150,7,17,0,Inf,0.75,0,0.3,0,"fixed",2,0.2,0.3,0.1,"fixed_2",0.941,0.00745110730026082,0.941,0,1.03900183542819,0.00120053936149694,0.00400179787165648,0.0841075739325477,0.084074081639853,0.954,0.324926883808716,1,1000,1000,89.2548466666667,4.71602925247096,0,20260709,1000
20,8,17,0,Inf,0.75,0,0.3,0,"fixed",2,0.2,0.3,0.1,"fixed_2",0.254,0.0137653187394989,0.254,0.0078125,1.89901690889808,-0.00213523092563461,-0.00711743641878204,0.233468289839189,0.233361295268048,0.943,0.926586231341697,1,1000,1000,101.95535,4.99067362130732,0,20260709,1000
40,8,17,0,Inf,0.75,0,0.3,0,"fixed",2,0.2,0.3,0.1,"fixed_2",0.464,0.0157703519301251,0.464,0,1.43723625919635,0.00225363510812882,0.00751211702709605,0.158619033679527,0.158555721179597,0.945,0.636813055611951,1,1000,1000,102.0065,4.99688182019775,0,20260709,1000
60,8,17,0,Inf,0.75,0,0.3,0,"fixed",2,0.2,0.3,0.1,"fixed_2",0.61,0.0154240072614091,0.61,0,1.24334625207503,-0.00858437166172421,-0.0286145722057474,0.132597706033749,0.132809114636736,0.941,0.518735816833938,1,1000,1000,102.032616666667,5.01874318910432,0,20260709,1000
90,8,17,0,Inf,0.75,0,0.3,0,"fixed",2,0.2,0.3,0.1,"fixed_2",0.809,0.0124305671632472,0.809,0,1.11741074188391,0.00192360975399203,0.00641203251330676,0.104206529947902,0.104172175543112,0.953,0.419319730108464,1,1000,1000,101.986844444444,5.03877484468637,0,20260709,1000
120,8,17,0,Inf,0.75,0,0.3,0,"fixed",2,0.2,0.3,0.1,"fixed_2",0.9,0.00948683298050514,0.9,0,1.05949146778922,-0.000174683503842199,-0.000582278346140663,0.0938919404095185,0.0938451452751671,0.938,0.361227786945042,1,1000,1000,101.982608333333,5.03439724059675,0,20260709,1000
150,8,17,0,Inf,0.75,0,0.3,0,"fixed",2,0.2,0.3,0.1,"fixed_2",0.952,0.00675988165576884,0.952,0,1.0289494824593,0.000432867138325743,0.00144289046108581,0.0833362700124496,0.0832957162142674,0.942,0.323737183015049,1,1000,1000,102.001266666667,5.02849863789484,0,20260709,1000
20,1,24,0,Inf,0.75,0,0.3,0,"fixed",2,0.2,0.3,0.1,"fixed_2",0.235,0.0134080199880519,0.235,0,1.92312851180731,-0.00954011601032989,-0.0318003867010996,0.247405188910691,0.247465415737079,0.93,0.957271081174075,1,1000,1000,18.02505,2.09318326789155,0.000150000000000001,20260709,1000
40,1,24,0,Inf,0.75,0,0.3,0,"fixed",2,0.2,0.3,0.1,"fixed_2",0.424,0.0156276677722557,0.424,0,1.4742212926451,-0.00628021609106127,-0.0209340536368709,0.168046234569552,0.168079560120207,0.95,0.654461292945112,1,1000,1000,18.001575,2.10268261555601,7.50000000000009e-05,20260709,1000
60,1,24,0,Inf,0.75,0,0.3,0,"fixed",2,0.2,0.3,0.1,"fixed_2",0.6,0.0154919333848297,0.6,0,1.2710114854468,-0.000752002344468705,-0.00250667448156235,0.132725041187829,0.132660793489556,0.963,0.531523508128635,1,1000,1000,17.9948333333333,2.11983309176677,5e-05,20260709,1000
90,1,24,0,Inf,0.75,0,0.3,0,"fixed",2,0.2,0.3,0.1,"fixed_2",0.76,0.0135055544129073,0.76,0,1.12838717784599,-0.00581355667569883,-0.0193785222523294,0.110747126196638,0.110844298347163,0.938,0.429063022657316,1,1000,1000,17.9954555555556,2.12204508939302,0.000188888888888889,20260709,1000
120,1,24,0,Inf,0.75,0,0.3,0,"fixed",2,0.2,0.3,0.1,"fixed_2",0.88,0.0102761860629321,0.88,0,1.05931357671253,-0.00269394580317023,-0.00897981934390076,0.0931481834213722,0.0931405649253713,0.949,0.368805521882696,1,1000,1000,17.9998916666667,2.11425486803364,0.000108333333333333,20260709,1000
150,1,24,0,Inf,0.75,0,0.3,0,"fixed",2,0.2,0.3,0.1,"fixed_2",0.949,0.00695693898205238,0.949,0,1.02875372691507,-0.000559703050343086,-0.00186567683447695,0.0822790660723882,0.0822398208688178,0.956,0.328684352415708,1,1000,1000,17.9974133333333,2.11990307270691,1e-04,20260709,1000
20,2,24,0,Inf,0.75,0,0.3,0,"fixed",2,0.2,0.3,0.1,"fixed_2",0.271,0.014055568291606,0.271,0,1.94646248950515,0.00992661147905971,0.033088704930199,0.252930375211459,0.252998692774016,0.926,0.940785783835488,1,1000,1000,36.01585,2.95424410375848,0,20260709,1000
40,2,24,0,Inf,0.75,0,0.3,0,"fixed",2,0.2,0.3,0.1,"fixed_2",0.456,0.0157500476189756,0.456,0,1.46259387649118,0.00209938691247025,0.00699795637490082,0.166615845193875,0.166545748835591,0.949,0.647409595457317,1,1000,1000,36.030275,2.97524283689191,0,20260709,1000
60,2,24,0,Inf,0.75,0,0.3,0,"fixed",2,0.2,0.3,0.1,"fixed_2",0.592,0.0155414285057713,0.592,0,1.24817529729006,-0.00492105851428876,-0.0164035283809625,0.127076347571694,0.12710808995084,0.962,0.523599719905728,1,1000,1000,35.9901833333333,2.98774129638856,0,20260709,1000
90,2,24,0,Inf,0.75,0,0.3,0,"fixed",2,0.2,0.3,0.1,"fixed_2",0.778,0.0131421459434904,0.778,0,1.12089268931808,-0.00333768398196543,-0.0111256132732181,0.108228293129418,0.108225644856646,0.95,0.421517618855737,1,1000,1000,36.0077333333333,2.999867314461,0,20260709,1000
120,2,24,0,Inf,0.75,0,0.3,0,"fixed",2,0.2,0.3,0.1,"fixed_2",0.881,0.0102390917565964,0.881,0,1.06057467169955,-0.00337487057932989,-0.0112495685977663,0.0962746581690656,0.096285672595626,0.947,0.367405212675455,1,1000,1000,35.981275,2.99490424447115,0,20260709,1000
150,2,24,0,Inf,0.75,0,0.3,0,"fixed",2,0.2,0.3,0.1,"fixed_2",0.943,0.00733150734842434,0.943,0,1.02443148361096,-0.00218301462725445,-0.00727671542418151,0.0815838873690183,0.0815723010612378,0.956,0.328458387767214,1,1000,1000,35.9985066666667,2.99172729905398,0,20260709,1000
20,3,24,0,Inf,0.75,0,0.3,0,"fixed",2,0.2,0.3,0.1,"fixed_2",0.275,0.0141200212464429,0.275,0.0072202166064982,1.87088281983,0.00273592957784408,0.00911976525948026,0.242126237076684,0.24202060837228,0.942,0.936321059978855,1,1000,1000,53.9602,3.63304809617895,0,20260709,1000
40,3,24,0,Inf,0.75,0,0.3,0,"fixed",2,0.2,0.3,0.1,"fixed_2",0.487,0.0158060431481127,0.487,0,1.47289956571699,0.0104384176320831,0.034794725440277,0.169637891007965,0.169874063983371,0.94,0.643301644008223,1,1000,1000,54.0198,3.62875707192645,0,20260709,1000
60,3,24,0,Inf,0.75,0,0.3,0,"fixed",2,0.2,0.3,0.1,"fixed_2",0.602,0.0154788888490098,0.602,0,1.28015098122051,-0.00367220732416568,-0.0122406910805523,0.141711812093977,0.14168853360771,0.928,0.522641185338223,1,1000,1000,54.0244166666667,3.65177246372285,0,20260709,1000
90,3,24,0,Inf,0.75,0,0.3,0,"fixed",2,0.2,0.3,0.1,"fixed_2",0.798,0.0126962986732354,0.798,0,1.12024241378306,0.000141571174970545,0.000471903916568484,0.105717170241718,0.105664393275266,0.958,0.420510474987582,1,1000,1000,54.0149888888889,3.66096591351642,0,20260709,1000
120,3,24,0,Inf,0.75,0,0.3,0,"fixed",2,0.2,0.3,0.1,"fixed_2",0.895,0.00969407035254026,0.895,0,1.05983822281977,-0.000595678922081955,-0.00198559640693985,0.0943590437581629,0.0943137335873952,0.945,0.363617746434226,1,1000,1000,53.9917666666667,3.66550338721501,0,20260709,1000
150,3,24,0,Inf,0.75,0,0.3,0,"fixed",2,0.2,0.3,0.1,"fixed_2",0.954,0.00662449998113065,0.954,0,1.0295507233258,0.000747840776296527,0.00249280258765509,0.0852392468078831,0.0851998986678126,0.939,0.325500801710245,1,1000,1000,53.99426,3.67508564659813,0,20260709,1000
20,4,24,0,Inf,0.75,0,0.3,0,"fixed",2,0.2,0.3,0.1,"fixed_2",0.24,0.0135055544129073,0.24,0,1.89699553256723,-0.00225778165428081,-0.0075259388476027,0.234540083284311,0.23443365627474,0.941,0.938257951934698,1,1000,1000,71.9601,4.18806713266791,0,20260709,1000
40,4,24,0,Inf,0.75,0,0.3,0,"fixed",2,0.2,0.3,0.1,"fixed_2",0.477,0.0157946509932952,0.477,0,1.42951352163605,-0.00239032914552556,-0.00796776381841854,0.166249898677454,0.16618394463629,0.943,0.639051076795321,1,1000,1000,71.981575,4.23974327882513,0,20260709,1000
60,4,24,0,Inf,0.75,0,0.3,0,"fixed",2,0.2,0.3,0.1,"fixed_2",0.607,0.015445096309185,0.607,0,1.28816410235658,-0.000130822156974519,-0.000436073856581731,0.13877520664406,0.138705863378443,0.936,0.519106092634731,1,1000,1000,71.9718166666667,4.22624970855641,0,20260709,1000
90,4,24,0,Inf,0.75,0,0.3,0,"fixed",2,0.2,0.3,0.1,"fixed_2",0.785,0.012991343271579,0.785,0,1.12872989393313,-0.00174801501599975,-0.00582671671999916,0.109221379192417,0.109180748850323,0.948,0.421277268801667,1,1000,1000,72.0081,4.22947527184274,0,20260709,1000
120,4,24,0,Inf,0.75,0,0.3,0,"fixed",2,0.2,0.3,0.1,"fixed_2",0.889,0.00993373041711924,0.889,0,1.06511551249173,0.000150177390786765,0.000500591302622551,0.095351884970637,0.0953043154255611,0.941,0.363879427739513,1,1000,1000,71.999375,4.22646354332647,0,20260709,1000
150,4,24,0,Inf,0.75,0,0.3,0,"fixed",2,0.2,0.3,0.1,"fixed_2",0.933,0.00790638982089803,0.933,0,1.03098461555193,-0.00226623300079326,-0.0075541100026442,0.0852929337987375,0.0852803933120252,0.946,0.32469955919725,1,1000,1000,71.9971866666667,4.22910944990307,0,20260709,1000
20,5,24,0,Inf,0.75,0,0.3,0,"fixed",2,0.2,0.3,0.1,"fixed_2",0.267,0.0139896747639107,0.267,0.00743494423791822,1.89199672729314,0.00814773383986911,0.0271591127995637,0.239282644480586,0.239301720287169,0.941,0.933805552028711,1,1000,1000,90.038,4.64329040472313,0,20260709,1000
40,5,24,0,Inf,0.75,0,0.3,0,"fixed",2,0.2,0.3,0.1,"fixed_2",0.433,0.0156687906361659,0.433,0.00230414746543779,1.45454376802387,-0.00402685509739897,-0.0134228503246632,0.165655763535607,0.165621875736715,0.954,0.644768910545345,1,1000,1000,90.026925,4.70440439412026,0,20260709,1000
60,5,24,0,Inf,0.75,0,0.3,0,"fixed",2,0.2,0.3,0.1,"fixed_2",0.647,0.0151126106282138,0.647,0,1.26341991794769,0.00429810216449039,0.014327007214968,0.13377216980052,0.13377433274714,0.937,0.51862194865466,1,1000,1000,90.01865,4.71651675623394,0,20260709,1000
90,5,24,0,Inf,0.75,0,0.3,0,"fixed",2,0.2,0.3,0.1,"fixed_2",0.784,0.0130132240432569,0.784,0,1.13291273765662,-0.0013724809942357,-0.00457493664745234,0.110154751611407,0.110108214667879,0.938,0.418556935328573,1,1000,1000,90.0082888888889,4.74029045145356,0,20260709,1000
120,5,24,0,Inf,0.75,0,0.3,0,"fixed",2,0.2,0.3,0.1,"fixed_2",0.886,0.0100500746265886,0.886,0,1.05458714949501,-0.00349365692549902,-0.0116455230849967,0.0913562770034077,0.0913773988319241,0.954,0.362405870934306,1,1000,1000,90.0000833333333,4.72853760023264,0,20260709,1000
150,5,24,0,Inf,0.75,0,0.3,0,"fixed",2,0.2,0.3,0.1,"fixed_2",0.942,0.00739161687318817,0.942,0,1.02175177180684,-0.00407823420904241,-0.0135941140301414,0.0855161262696199,0.085570595642272,0.938,0.323352849096117,1,1000,1000,90.0108066666667,4.7410015650417,0,20260709,1000
20,6,24,0,Inf,0.75,0,0.3,0,"fixed",2,0.2,0.3,0.1,"fixed_2",0.289,0.0143345387090063,0.289,0.00687285223367698,1.85396735050655,-0.00253756571155833,-0.0084585523718611,0.241737075581108,0.241629501792592,0.943,0.922261460014763,1,1000,1000,108.01545,5.12424773286884,0,20260709,1000
40,6,24,0,Inf,0.75,0,0.3,0,"fixed",2,0.2,0.3,0.1,"fixed_2",0.438,0.0156893594515519,0.438,0,1.4596310821874,-0.00341894038199408,-0.0113964679399803,0.164422677953825,0.164376006040472,0.94,0.644030426214349,1,1000,1000,108.039025,5.16774522397995,0,20260709,1000
60,6,24,0,Inf,0.75,0,0.3,0,"fixed",2,0.2,0.3,0.1,"fixed_2",0.625,0.0153093108923949,0.625,0,1.2542838969638,-0.00149932968518002,-0.00499776561726673,0.133419959355494,0.133361661126322,0.947,0.51993954306626,1,1000,1000,108.022433333333,5.18612791979539,0,20260709,1000
90,6,24,0,Inf,0.75,0,0.3,0,"fixed",2,0.2,0.3,0.1,"fixed_2",0.796,0.0127429980773757,0.796,0,1.11528857389723,-0.0015400888006204,-0.00513362933540133,0.106842500816429,0.106800171040321,0.952,0.419338256478903,1,1000,1000,107.997244444444,5.1804675191032,0,20260709,1000
120,6,24,0,Inf,0.75,0,0.3,0,"fixed",2,0.2,0.3,0.1,"fixed_2",0.895,0.00969407035254026,0.895,0,1.06212256932091,-0.000344406420722199,-0.00114802140240733,0.0936647898540368,0.0936185792528657,0.949,0.36433573572178,1,1000,1000,108.003433333333,5.17106802207189,0,20260709,1000
150,6,24,0,Inf,0.75,0,0.3,0,"fixed",2,0.2,0.3,0.1,"fixed_2",0.954,0.00662449998113065,0.954,0,1.03524164028114,0.00247765750402107,0.0082588583467369,0.0815097576548613,0.081506659476809,0.954,0.324811689808316,1,1000,1000,107.999493333333,5.18527054245729,0,20260709,1000
20,7,24,0,Inf,0.75,0,0.3,0,"fixed",2,0.2,0.3,0.1,"fixed_2",0.26,0.0138708327075198,0.26,0.00763358778625954,1.90368144787803,0.000283653445353693,0.000945511484512311,0.248162668206237,0.248038718027296,0.946,0.937506569982359,1,1000,1000,126.00235,5.52986879396024,0,20260709,1000
40,7,24,0,Inf,0.75,0,0.3,0,"fixed",2,0.2,0.3,0.1,"fixed_2",0.46,0.0157607106438764,0.46,0,1.46723323903959,0.00462893779295187,0.0154297926431729,0.167578237606512,0.167558378837575,0.941,0.638345976904088,1,1000,1000,126.004275,5.54982808932759,0,20260709,1000
60,7,24,0,Inf,0.75,0,0.3,0,"fixed",2,0.2,0.3,0.1,"fixed_2",0.61,0.0154240072614091,0.61,0,1.25727297956341,-0.00571939515107772,-0.0190646505035924,0.136941568646512,0.136992524288876,0.933,0.517653851470256,1,1000,1000,125.993766666667,5.58616831686459,0,20260709,1000
90,7,24,0,Inf,0.75,0,0.3,0,"fixed",2,0.2,0.3,0.1,"fixed_2",0.805,0.0125289664378192,0.805,0,1.11689065422067,-0.00117152380604812,-0.00390507935349375,0.106163505346676,0.106116877289403,0.952,0.419282872977058,1,1000,1000,125.942533333333,5.5845994018516,0,20260709,1000
120,7,24,0,Inf,0.75,0,0.3,0,"fixed",2,0.2,0.3,0.1,"fixed_2",0.898,0.00957057991973318,0.898,0,1.04922249109403,-0.00261080824202337,-0.00870269414007789,0.0881188097996238,0.088113427101313,0.96,0.364617166601579,1,1000,1000,125.994458333333,5.59513283630284,0,20260709,1000
150,7,24,0,Inf,0.75,0,0.3,0,"fixed",2,0.2,0.3,0.1,"fixed_2",0.943,0.00733150734842434,0.943,0,1.02725514182408,-0.0016848558243821,-0.00561618608127368,0.0834415407512527,0.0834168266680588,0.951,0.32363199791647,1,1000,1000,126.014106666667,5.59804704156869,0,20260709,1000
20,8,24,0,Inf,0.75,0,0.3,0,"fixed",2,0.2,0.3,0.1,"fixed_2",0.267,0.0139896747639107,0.267,0.0111111111111111,1.83719841246449,-0.00618614172765103,-0.0206204724255034,0.234761834464272,0.234725955427992,0.938,0.9168367730524,1,1000,1000,143.9401,5.90596052687479,0,20260709,1000
40,8,24,0,Inf,0.75,0,0.3,0,"fixed",2,0.2,0.3,0.1,"fixed_2",0.455,0.0157472219772251,0.455,0,1.46222545477683,0.000558966439581532,0.00186322146527177,0.167463950874291,0.167381131287446,0.943,0.643176697177486,1,1000,1000,144.026175,5.94279562435964,0,20260709,1000
60,8,24,0,Inf,0.75,0,0.3,0,"fixed",2,0.2,0.3,0.1,"fixed_2",0.625,0.0153093108923949,0.625,0,1.2538624309031,-0.00378222938276807,-0.0126074312758936,0.138506709151273,0.138489095709876,0.935,0.516847991320386,1,1000,1000,143.971483333333,5.94793705872999,0,20260709,1000
90,8,24,0,Inf,0.75,0,0.3,0,"fixed",2,0.2,0.3,0.1,"fixed_2",0.79,0.0128802173894698,0.79,0,1.11895505665252,-0.00307378678093995,-0.0102459559364665,0.109105680781138,0.109094425587706,0.937,0.419312134520009,1,1000,1000,143.991822222222,5.99426720481631,0,20260709,1000
120,8,24,0,Inf,0.75,0,0.3,0,"fixed",2,0.2,0.3,0.1,"fixed_2",0.885,0.0100883596287999,0.885,0,1.07095463487636,0.00127464064985927,0.00424880216619757,0.0941483748403506,0.0941099212484016,0.96,0.363049302608302,1,1000,1000,144.005725,6.00544589913512,0,20260709,1000
150,8,24,0,Inf,0.75,0,0.3,0,"fixed",2,0.2,0.3,0.1,"fixed_2",0.95,0.00689202437604511,0.95,0,1.03811190610887,0.00227379030828534,0.0075793010276178,0.0820758310733944,0.0820662886129746,0.945,0.322888915562873,1,1000,1000,144.01458,5.99369136679075,0,20260709,1000
