"N","lambda_bar","D","cv","cap","compliance","decay","phi","trigger_link","trigger_mode","model","beta1","beta_l2","beta_cross","grid","power","mcse_power","power_all","type_s","type_m","bias","rel_bias","emp_se","rmse","coverage","ci_width","conv_rate","R_converged","R_total","mean_n","sd_n","below_k","master_seed","R_requested"
20,1,3,0,Inf,0.75,0,0.3,0,"fixed",6,0.2,0.3,0.1,"fixed_6",0.0760869565217391,0.0138212316557163,0.028,0.3,11.5727905154167,0.0375499270051084,0.375499270051084,0.575300441771205,0.575744056586268,0.902173913043478,2.02524980431798,0.368,368,1000,2.2514,0.741748613113444,1,20260709,1000
40,1,3,0,Inf,0.75,0,0.3,0,"fixed",6,0.2,0.3,0.1,"fixed_6",0.048689138576779,0.0131710877271192,0.013,0.133333333333333,7.85602139683322,0.0310859332053494,0.310859332053494,0.331238397439121,0.332075712845229,0.951310861423221,1.33063823827877,0.267,267,1000,2.24835,0.746041033012668,1,20260709,1000
60,1,3,0,Inf,0.75,0,0.3,0,"fixed",6,0.2,0.3,0.1,"fixed_6",0.0607476635514019,0.016328603554483,0.013,0,6.76999765743465,-0.0239092784876533,-0.239092784876533,0.279813063502201,0.280180545328231,0.948598130841122,1.08766460282584,0.214,214,1000,2.24938333333333,0.748108653071883,1,20260709,1000
90,1,3,0,Inf,0.75,0,0.3,0,"fixed",6,0.2,0.3,0.1,"fixed_6",0.0699300699300699,0.0213266069168289,0.01,0.0909090909090909,5.90211029170423,0.0271299616878299,0.271299616878299,0.226734461223369,0.227563289254225,0.944055944055944,0.870381922094398,0.143,143,1000,2.24877777777778,0.74764744794044,1,20260709,1000
120,1,3,0,Inf,0.75,0,0.3,0,"fixed",6,0.2,0.3,0.1,"fixed_6",0.0806451612903226,0.0244523102758998,0.01,0,4.62498659280201,-0.00393073441850199,-0.0393073441850199,0.197590689433316,0.196831592320668,0.935483870967742,0.758038337775233,0.124,124,1000,2.24889166666667,0.748002613805329,1,20260709,1000
150,1,3,0,Inf,0.75,0,0.3,0,"fixed",6,0.2,0.3,0.1,"fixed_6",0.0987654320987654,0.0331496460180921,0.008,0.2,4.25131667809516,0.0129285376636396,0.129285376636396,0.182902242276885,0.182228906800452,0.925925925925926,0.67719159237858,0.081,81,1000,2.25224,0.748182700408379,1,20260709,1000
20,2,3,0,Inf,0.75,0,0.3,0,"fixed",6,0.2,0.3,0.1,"fixed_6",0.0710382513661202,0.013427788880979,0.026,0.235294117647059,6.35661005439061,0.0176148272768335,0.176148272768335,0.296201646774535,0.296320744197563,0.918032786885246,1.07836652947906,0.366,366,1000,4.50715,1.05068095375298,1,20260709,1000
40,2,3,0,Inf,0.75,0,0.3,0,"fixed",6,0.2,0.3,0.1,"fixed_6",0.12962962962963,0.0263904430830878,0.021,0.0454545454545455,4.5503658763722,0.00463701159936393,0.0463701159936393,0.227064144103464,0.226409733403468,0.901234567901235,0.752988638416517,0.162,162,1000,4.492475,1.05637301671824,1,20260709,1000
60,2,3,0,Inf,0.75,0,0.3,0,"fixed",6,0.2,0.3,0.1,"fixed_6",0.0967741935483871,0.0375475932417663,0.006,0,3.4654815779406,-0.0231671218237629,-0.231671218237629,0.151131691813769,0.151687520888419,0.935483870967742,0.62385772322095,0.062,62,1000,4.49993333333333,1.06039531127077,1,20260709,1000
90,2,3,0,Inf,0.75,0,0.3,0,"fixed",6,0.2,0.3,0.1,"fixed_6",0.153846153846154,0.0707589393082923,0.004,0,3.19859841722836,-0.0232327066742175,-0.232327066742175,0.145735154416358,0.144781281456343,1,0.510279975307521,0.026,26,1000,4.49435555555556,1.05798889531906,1,20260709,1000
120,2,3,0,Inf,0.75,0,0.3,0,"fixed",6,0.2,0.3,0.1,"fixed_6",0.333333333333333,0.192450089729875,0.002,0,2.57234780896565,0.0145622310373614,0.145622310373614,0.114898633254394,0.105893681787719,1,0.442900805779731,0.006,6,1000,4.502425,1.05252122642686,1,20260709,1000
150,2,3,0,Inf,0.75,0,0.3,0,"fixed",6,0.2,0.3,0.1,"fixed_6",0,0,0,NA,NA,-0.051716759116407,-0.51716759116407,0.109988632204436,0.114209930453747,0.857142857142857,0.394118367272506,0.007,7,1000,4.50727333333333,1.05751383983068,1,20260709,1000
20,3,3,0,Inf,0.75,0,0.3,0,"fixed",6,0.2,0.3,0.1,"fixed_6",0.0904458598726115,0.0102370257364783,0.071,0.0779220779220779,4.94441647839047,0.00418455736782745,0.0418455736782745,0.213678037747617,0.213582889978775,0.935031847133758,0.800555967181104,0.785,785,1000,6.74205,1.2921363814757,1,20260709,1000
40,3,3,0,Inf,0.75,0,0.3,0,"fixed",6,0.2,0.3,0.1,"fixed_6",0.126676602086438,0.0128402798931772,0.085,0.0340909090909091,3.49764034327981,0.00809559278981709,0.0809559278981709,0.150566054062724,0.150671462659902,0.931445603576751,0.569261817613906,0.671,671,1000,6.7443,1.28702318995003,1,20260709,1000
60,3,3,0,Inf,0.75,0,0.3,0,"fixed",6,0.2,0.3,0.1,"fixed_6",0.153726708074534,0.0142130422619585,0.099,0.0198019801980198,2.96661462846775,0.00333061066014383,0.0333061066014383,0.124490330397556,0.124438219037599,0.936335403726708,0.462317763375986,0.644,644,1000,6.75043333333333,1.29108318234239,1,20260709,1000
90,3,3,0,Inf,0.75,0,0.3,0,"fixed",6,0.2,0.3,0.1,"fixed_6",0.176882661996497,0.0159681812490333,0.101,0.0194174757281553,2.46142239217093,0.00138539787792288,0.0138539787792288,0.0998742553743576,0.099796378165602,0.936952714535902,0.377997156397553,0.571,571,1000,6.7522,1.29258303238699,1,20260709,1000
120,3,3,0,Inf,0.75,0,0.3,0,"fixed",6,0.2,0.3,0.1,"fixed_6",0.260869565217391,0.0195207721106469,0.132,0,2.0545050130711,0.00296982596277029,0.0296982596277029,0.0839145870076238,0.0838842145991944,0.962450592885375,0.328463269359319,0.506,506,1000,6.74613333333333,1.29167813924078,1,20260709,1000
150,3,3,0,Inf,0.75,0,0.3,0,"fixed",6,0.2,0.3,0.1,"fixed_6",0.281059063136456,0.0202863847353836,0.138,0,1.94777538956909,0.00225819190147826,0.0225819190147826,0.0751115155654816,0.0750689609370999,0.945010183299389,0.293578198161417,0.491,491,1000,6.75223333333333,1.29710241922924,1,20260709,1000
20,5,3,0,Inf,0.75,0,0.3,0,"fixed",6,0.2,0.3,0.1,"fixed_6",0.097,0.00935900635751467,0.097,0.03,3.59320735541097,-0.000176382744596623,-0.00176382744596623,0.144792144036193,0.144719837342693,0.957,0.581129754520757,1,1000,1000,11.233,1.65699314288297,0.1492,20260709,1000
40,5,3,0,Inf,0.75,0,0.3,0,"fixed",6,0.2,0.3,0.1,"fixed_6",0.172,0.0119338174948337,0.172,0,2.54431182472972,0.00432580220113504,0.0432580220113504,0.101209511815476,0.101251343108763,0.96,0.407911265702905,1,1000,1000,11.242725,1.65838377341868,0.148375,20260709,1000
60,5,3,0,Inf,0.75,0,0.3,0,"fixed",6,0.2,0.3,0.1,"fixed_6",0.215,0.012991343271579,0.215,0.00462962962962963,2.13330444954191,-0.0015594845466592,-0.015594845466592,0.0852341214360801,0.0852057661990945,0.948,0.333301633883333,1,1000,1000,11.2545166666667,1.66823964050779,0.147833333333333,20260709,1000
90,5,3,0,Inf,0.75,0,0.3,0,"fixed",6,0.2,0.3,0.1,"fixed_6",0.32,0.0147512711316686,0.32,0,1.81805830467875,0.00394903596015972,0.0394903596015972,0.0695711719805174,0.0696484221485787,0.95,0.27147942388169,1,1000,1000,11.2534333333333,1.68013133583851,0.149688888888889,20260709,1000
120,5,3,0,Inf,0.75,0,0.3,0,"fixed",6,0.2,0.3,0.1,"fixed_6",0.383,0.0153724103510152,0.383,0,1.56127342547206,-0.00214607870653194,-0.0214607870653194,0.0593588259913588,0.059367940899647,0.952,0.235036874998006,1,1000,1000,11.2439333333333,1.67294043611172,0.150075,20260709,1000
150,5,3,0,Inf,0.75,0,0.3,0,"fixed",6,0.2,0.3,0.1,"fixed_6",0.461,0.0157632166768081,0.461,0,1.45970834069249,3.42894085564593e-05,0.000342894085564593,0.0540504408711295,0.0540234197729896,0.945,0.21012082828035,1,1000,1000,11.2507066666667,1.67026864235806,0.147593333333333,20260709,1000
20,8,3,0,Inf,0.75,0,0.3,0,"fixed",6,0.2,0.3,0.1,"fixed_6",0.131,0.0106695360723885,0.131,0.00757575757575758,2.76888030289188,0.000652034789171196,0.00652034789171196,0.109430106072071,0.109377320849416,0.948,0.440146829094527,1,1000,1000,18.0011,2.10161238809958,0.000150000000000001,20260709,1000
40,8,3,0,Inf,0.75,0,0.3,0,"fixed",6,0.2,0.3,0.1,"fixed_6",0.251,0.0137112727345057,0.251,0,1.997914954963,0.00039929746219812,0.0039929746219812,0.0781073787252698,0.0780693364079951,0.951,0.310428442180488,1,1000,1000,18.0013,2.10123771500986,0.00015,20260709,1000
60,8,3,0,Inf,0.75,0,0.3,0,"fixed",6,0.2,0.3,0.1,"fixed_6",0.355,0.0151319199046255,0.355,0.00280898876404494,1.70488760104698,0.000291551483576125,0.00291551483576125,0.0674160703936623,0.0673829846700448,0.944,0.253086997854912,1,1000,1000,18.0035,2.11710997646718,0.000183333333333333,20260709,1000
90,8,3,0,Inf,0.75,0,0.3,0,"fixed",6,0.2,0.3,0.1,"fixed_6",0.471,0.0157847711418316,0.471,0,1.45086584475822,-0.000362531609569394,-0.00362531609569394,0.0531714802668318,0.0531461243800548,0.952,0.206897831228033,1,1000,1000,17.9967555555556,2.12202130997823,1e-04,20260709,1000
120,8,3,0,Inf,0.75,0,0.3,0,"fixed",6,0.2,0.3,0.1,"fixed_6",0.564,0.0156813264745046,0.564,0,1.30745211736538,-0.00117680153108164,-0.0117680153108164,0.0455776879572483,0.0455700908023269,0.953,0.178903068554002,1,1000,1000,18.0014666666667,2.12154173760065,0.000133333333333334,20260709,1000
150,8,3,0,Inf,0.75,0,0.3,0,"fixed",6,0.2,0.3,0.1,"fixed_6",0.697,0.0145324120503102,0.697,0,1.20401998186035,0.000817466984875614,0.00817466984875614,0.0395066531325943,0.0394953556556812,0.961,0.159887228980684,1,1000,1000,18.00798,2.11316724572587,6.6666666666667e-05,20260709,1000
20,1,7,0,Inf,0.75,0,0.3,0,"fixed",6,0.2,0.3,0.1,"fixed_6",0.0878661087866109,0.0129486962973847,0.042,0.236363636363636,6.0872637389845,-0.0133174049238099,-0.133174049238099,0.282219263050244,0.282238265827053,0.905857740585774,0.956331512335017,0.478,478,1000,5.259,1.1311331639335,1,20260709,1000
40,1,7,0,Inf,0.75,0,0.3,0,"fixed",6,0.2,0.3,0.1,"fixed_6",0.0926640926640927,0.0180173081301853,0.024,0.111111111111111,4.09824861954368,0.0132771050556112,0.132771050556112,0.171902653773753,0.172083436774531,0.94980694980695,0.673160447177554,0.259,259,1000,5.25365,1.13422050598576,1,20260709,1000
60,1,7,0,Inf,0.75,0,0.3,0,"fixed",6,0.2,0.3,0.1,"fixed_6",0.10625,0.024361975687021,0.017,0.105263157894737,3.42196843731706,0.00396115936065317,0.0396115936065317,0.140516519686862,0.140132713923206,0.94375,0.553426619661389,0.16,160,1000,5.25285,1.14093839087374,1,20260709,1000
90,1,7,0,Inf,0.75,0,0.3,0,"fixed",6,0.2,0.3,0.1,"fixed_6",0.181818181818182,0.047475724351554,0.012,0,2.92393121671992,0.0117652411457888,0.117652411457888,0.12747478257506,0.127051295526336,0.924242424242424,0.456020902152634,0.066,66,1000,5.25154444444444,1.1434121127366,1,20260709,1000
120,1,7,0,Inf,0.75,0,0.3,0,"fixed",6,0.2,0.3,0.1,"fixed_6",0.25,0.0721687836487032,0.009,0,2.64492705121919,0.0112635434540355,0.112635434540355,0.123596329047481,0.122387030244169,0.888888888888889,0.392650495430345,0.036,36,1000,5.24846666666667,1.14284297731182,1,20260709,1000
150,1,7,0,Inf,0.75,0,0.3,0,"fixed",6,0.2,0.3,0.1,"fixed_6",0.2,0.103279555898864,0.003,0,2.42361707710266,0.0318976439156995,0.318976439156995,0.0655165235995826,0.0708781599717134,1,0.357004327290178,0.015,15,1000,5.24995333333333,1.1474531050412,1,20260709,1000
20,2,7,0,Inf,0.75,0,0.3,0,"fixed",6,0.2,0.3,0.1,"fixed_6",0.106106106106106,0.00974384641176173,0.106,0.0535714285714286,3.67313722574484,-0.00264467370826399,-0.0264467370826399,0.15666472832447,0.156608630012834,0.945945945945946,0.604015135187219,0.999,999,1000,10.4968,1.61817752091521,0.2599,20260709,1000
40,2,7,0,Inf,0.75,0,0.3,0,"fixed",6,0.2,0.3,0.1,"fixed_6",0.171,0.0119062588582644,0.171,0.0115606936416185,2.68505502340199,0.0040852499259208,0.040852499259208,0.110911372738572,0.110931152239166,0.95,0.426432960471285,1,1000,1000,10.50225,1.60435128104976,0.258275,20260709,1000
60,2,7,0,Inf,0.75,0,0.3,0,"fixed",6,0.2,0.3,0.1,"fixed_6",0.217,0.0130349913693872,0.217,0.00458715596330275,2.25057263888338,0.00239036915470105,0.0239036915470105,0.0908189756988043,0.0908050225776568,0.943,0.346677614431479,1,1000,1000,10.4911666666667,1.62064134401426,0.261033333333333,20260709,1000
90,2,7,0,Inf,0.75,0,0.3,0,"fixed",6,0.2,0.3,0.1,"fixed_6",0.312,0.0146511433000978,0.312,0.00319488817891374,1.83118869029703,0.00317406622316575,0.0317406622316575,0.0721729261403945,0.0722066273467209,0.955,0.284000584971182,1,1000,1000,10.5079555555556,1.61886358090376,0.257944444444444,20260709,1000
120,2,7,0,Inf,0.75,0,0.3,0,"fixed",6,0.2,0.3,0.1,"fixed_6",0.365,0.0152241584332271,0.365,0,1.63660773983733,-0.000211582346349423,-0.00211582346349423,0.0616120476657386,0.061581597415437,0.959,0.245352685394485,1,1000,1000,10.5060666666667,1.61782459665273,0.256341666666667,20260709,1000
150,2,7,0,Inf,0.75,0,0.3,0,"fixed",6,0.2,0.3,0.1,"fixed_6",0.408,0.0155414285057713,0.408,0,1.478386003777,-0.00362706416502774,-0.0362706416502774,0.0535536947790443,0.0536496581603255,0.961,0.219350112539842,1,1000,1000,10.4939133333333,1.61623164473262,0.260013333333333,20260709,1000
20,3,7,0,Inf,0.75,0,0.3,0,"fixed",6,0.2,0.3,0.1,"fixed_6",0.136,0.0108399261990108,0.136,0.0215827338129496,2.98295014312099,0.00234271258698733,0.0234271258698733,0.122833613559625,0.122794530927726,0.945,0.474602822047754,1,1000,1000,15.7738,1.95891173998189,0.00195,20260709,1000
40,3,7,0,Inf,0.75,0,0.3,0,"fixed",6,0.2,0.3,0.1,"fixed_6",0.204,0.0127429980773757,0.204,0.0048780487804878,2.19209949808709,0.00114288480293735,0.0114288480293735,0.084270258271045,0.0842358661041266,0.949,0.335271553898475,1,1000,1000,15.7468,1.97727100856673,0.001825,20260709,1000
60,3,7,0,Inf,0.75,0,0.3,0,"fixed",6,0.2,0.3,0.1,"fixed_6",0.32,0.0147512711316686,0.32,0.00311526479750779,1.8198745037449,0.00502181072240201,0.0502181072240201,0.0686028126718887,0.0687521501010651,0.96,0.273375240517491,1,1000,1000,15.762,1.98356897177866,0.0018,20260709,1000
90,3,7,0,Inf,0.75,0,0.3,0,"fixed",6,0.2,0.3,0.1,"fixed_6",0.431,0.0156601085564564,0.431,0,1.53491736749314,0.00300645957797091,0.0300645957797091,0.0556485895942409,0.0557019529056065,0.945,0.223281737236589,1,1000,1000,15.7603888888889,1.98081127926813,0.00158888888888889,20260709,1000
120,3,7,0,Inf,0.75,0,0.3,0,"fixed",6,0.2,0.3,0.1,"fixed_6",0.527,0.0157883184665119,0.527,0,1.35350272656182,-0.000745266414048346,-0.00745266414048346,0.0484097433133411,0.0483912715935821,0.947,0.192901281684036,1,1000,1000,15.7495666666667,1.98275066022663,0.00174166666666666,20260709,1000
150,3,7,0,Inf,0.75,0,0.3,0,"fixed",6,0.2,0.3,0.1,"fixed_6",0.622,0.0153334927527945,0.622,0,1.25405865445397,-0.000757806457048094,-0.00757806457048094,0.0437362694966181,0.0437209638370161,0.95,0.172566124644985,1,1000,1000,15.7576866666667,1.98163360477903,0.00164666666666667,20260709,1000
20,5,7,0,Inf,0.75,0,0.3,0,"fixed",6,0.2,0.3,0.1,"fixed_6",0.213,0.0129472390879291,0.213,0.00930232558139535,2.28004176070439,0.00561681446257155,0.0561681446257155,0.0911906421314954,0.091317939551049,0.943,0.357118800815333,1,1000,1000,26.2552,2.52863696133052,0,20260709,1000
40,5,7,0,Inf,0.75,0,0.3,0,"fixed",6,0.2,0.3,0.1,"fixed_6",0.339,0.0149692685192029,0.339,0,1.66687755720173,-0.00158915957696663,-0.0158915957696663,0.0626636590531939,0.0626524768858348,0.959,0.252031782592284,1,1000,1000,26.25565,2.53171694609727,0,20260709,1000
60,5,7,0,Inf,0.75,0,0.3,0,"fixed",6,0.2,0.3,0.1,"fixed_6",0.496,0.0158108823283206,0.496,0,1.44050184972923,0.00175824263694298,0.0175824263694298,0.0519375250607734,0.0519413170809077,0.956,0.205600725065445,1,1000,1000,26.2304833333333,2.54180411463702,0,20260709,1000
90,5,7,0,Inf,0.75,0,0.3,0,"fixed",6,0.2,0.3,0.1,"fixed_6",0.629,0.0152760924322943,0.629,0,1.23788684312853,-0.00140293383955309,-0.0140293383955309,0.042963491926688,0.042964915922811,0.947,0.167811511525891,1,1000,1000,26.2507222222222,2.55514626054681,0,20260709,1000
120,5,7,0,Inf,0.75,0,0.3,0,"fixed",6,0.2,0.3,0.1,"fixed_6",0.772,0.0132671021704063,0.772,0,1.14829258174911,0.0004902765617113,0.004902765617113,0.0360238472798983,0.0360091686432713,0.958,0.145414904571828,1,1000,1000,26.2559083333333,2.5577913668013,0,20260709,1000
150,5,7,0,Inf,0.75,0,0.3,0,"fixed",6,0.2,0.3,0.1,"fixed_6",0.842,0.0115341232870123,0.842,0,1.0941298881097,-1.21647964736599e-05,-0.000121647964736599,0.0334867086714306,0.0334699633398349,0.951,0.129893756424431,1,1000,1000,26.2582066666667,2.55917044737599,0,20260709,1000
20,8,7,0,Inf,0.75,0,0.3,0,"fixed",6,0.2,0.3,0.1,"fixed_6",0.303,0.0145324120503102,0.303,0,1.83493546037334,0.000850176727248284,0.00850176727248284,0.0716273609289916,0.0715965861985468,0.952,0.277745206344429,1,1000,1000,42.02515,3.18996899047089,0,20260709,1000
40,8,7,0,Inf,0.75,0,0.3,0,"fixed",6,0.2,0.3,0.1,"fixed_6",0.53,0.0157829021412413,0.53,0,1.38535585427359,0.000206114155370363,0.00206114155370363,0.0511566869511472,0.0511315176407164,0.939,0.196320151882119,1,1000,1000,42.007075,3.21548279004123,0,20260709,1000
60,8,7,0,Inf,0.75,0,0.3,0,"fixed",6,0.2,0.3,0.1,"fixed_6",0.709,0.0143638086871136,0.709,0,1.20518737863332,0.00158650510108267,0.0158650510108267,0.0392956738821566,0.0393080505024444,0.957,0.160165000668526,1,1000,1000,42.0168833333333,3.21413194807761,0,20260709,1000
90,8,7,0,Inf,0.75,0,0.3,0,"fixed",6,0.2,0.3,0.1,"fixed_6",0.858,0.0110379345894058,0.858,0,1.07848846874482,-0.000730274587310606,-0.00730274587310606,0.0329131674544542,0.0329048114455307,0.95,0.130639468106472,1,1000,1000,42.0183444444444,3.22673255010149,0,20260709,1000
120,8,7,0,Inf,0.75,0,0.3,0,"fixed",6,0.2,0.3,0.1,"fixed_6",0.916,0.00877177291087725,0.916,0,1.05249454186663,0.00027354947960688,0.0027354947960688,0.0296523484175527,0.0296387809166817,0.946,0.113287665235547,1,1000,1000,41.984875,3.23738243849591,0,20260709,1000
150,8,7,0,Inf,0.75,0,0.3,0,"fixed",6,0.2,0.3,0.1,"fixed_6",0.965,0.00581162627841812,0.965,0,1.01197421127076,-0.000900039852852932,-0.00900039852852932,0.025912548635802,0.0259152231007708,0.944,0.101217940327551,1,1000,1000,41.98988,3.22992968238855,0,20260709,1000
20,1,14,0,Inf,0.75,0,0.3,0,"fixed",6,0.2,0.3,0.1,"fixed_6",0.0903614457831325,0.00908440203538331,0.09,0.0217391304347826,3.74245828413747,0.00241131224995837,0.0241131224995837,0.151113905298015,0.15105727284817,0.947791164658635,0.60362013250108,0.996,996,1000,10.51995,1.59835442398441,0.25485,20260709,1000
40,1,14,0,Inf,0.75,0,0.3,0,"fixed",6,0.2,0.3,0.1,"fixed_6",0.155155155155155,0.0114548350590554,0.155,0.0127388535031847,2.70425194812283,-0.00131216900155891,-0.0131216900155891,0.110812098334221,0.110764395506732,0.941941941941942,0.427162527548789,0.999,999,1000,10.48435,1.61008353644616,0.26525,20260709,1000
60,1,14,0,Inf,0.75,0,0.3,0,"fixed",6,0.2,0.3,0.1,"fixed_6",0.212,0.0129250145067617,0.212,0.00469483568075117,2.20642152213899,0.00012803716131371,0.0012803716131371,0.0890184133412139,0.0889739851270476,0.95,0.347676805534934,1,1000,1000,10.4893333333333,1.61756158031311,0.260766666666667,20260709,1000
90,1,14,0,Inf,0.75,0,0.3,0,"fixed",6,0.2,0.3,0.1,"fixed_6",0.264,0.0139392969693597,0.264,0,1.85537151040411,-0.0036002195152009,-0.036002195152009,0.0724224466566966,0.0724757017870124,0.943,0.284067743491541,1,1000,1000,10.5030555555556,1.6173369363632,0.258155555555556,20260709,1000
120,1,14,0,Inf,0.75,0,0.3,0,"fixed",6,0.2,0.3,0.1,"fixed_6",0.343,0.0150116954405557,0.343,0,1.64172363525668,-0.00131848644078858,-0.0131848644078858,0.0612811907638805,0.0612647318087023,0.957,0.245316564844953,1,1000,1000,10.501675,1.62605192917666,0.259383333333333,20260709,1000
150,1,14,0,Inf,0.75,0,0.3,0,"fixed",6,0.2,0.3,0.1,"fixed_6",0.415,0.0155812387184075,0.415,0,1.53159819461949,-0.000558590640552248,-0.00558590640552248,0.0567535489087007,0.0567279152791839,0.947,0.219535621240231,1,1000,1000,10.50102,1.61729482961848,0.258186666666667,20260709,1000
20,2,14,0,Inf,0.75,0,0.3,0,"fixed",6,0.2,0.3,0.1,"fixed_6",0.156,0.0114744934528719,0.156,0.0126582278481013,2.49246927516467,-0.00319588124824235,-0.0319588124824235,0.102218833648533,0.102217683986025,0.957,0.404242568903099,1,1000,1000,20.99035,2.25841173579671,0,20260709,1000
40,2,14,0,Inf,0.75,0,0.3,0,"fixed",6,0.2,0.3,0.1,"fixed_6",0.269,0.0140228028582021,0.269,0.00738007380073801,1.91818126164999,-0.00136119704392487,-0.0136119704392487,0.0755629353490203,0.0755374099288164,0.942,0.284638318510055,1,1000,1000,20.999425,2.27860402553307,2.49999999999997e-05,20260709,1000
60,2,14,0,Inf,0.75,0,0.3,0,"fixed",6,0.2,0.3,0.1,"fixed_6",0.354,0.0151223014121528,0.354,0,1.6004489049584,-0.00203075531749995,-0.0203075531749995,0.0597290617045487,0.0597337192752405,0.941,0.232388814938882,1,1000,1000,20.9872,2.29104512843615,0,20260709,1000
90,2,14,0,Inf,0.75,0,0.3,0,"fixed",6,0.2,0.3,0.1,"fixed_6",0.547,0.0157413785927409,0.547,0,1.3565014930204,-0.000269403887402472,-0.00269403887402472,0.0494586851010709,0.0494346836628851,0.938,0.189320274262118,1,1000,1000,21.0014444444444,2.28434642984683,1.11111111111112e-05,20260709,1000
120,2,14,0,Inf,0.75,0,0.3,0,"fixed",6,0.2,0.3,0.1,"fixed_6",0.661,0.0149692685192029,0.661,0,1.21927905744473,-0.00159515702383545,-0.0159515702383545,0.0423137017459923,0.04232261135639,0.952,0.164170774416127,1,1000,1000,21.00175,2.29589458870846,0,20260709,1000
150,2,14,0,Inf,0.75,0,0.3,0,"fixed",6,0.2,0.3,0.1,"fixed_6",0.738,0.0139052508067996,0.738,0,1.13814177234366,-0.0023715553047714,-0.023715553047714,0.0371676058923393,0.0372246393052247,0.952,0.146863295471072,1,1000,1000,21.0036,2.28479878978856,0,20260709,1000
20,3,14,0,Inf,0.75,0,0.3,0,"fixed",6,0.2,0.3,0.1,"fixed_6",0.215,0.012991343271579,0.215,0,2.06920892028558,-0.00339808472006996,-0.0339808472006996,0.0826734263265377,0.0827019195963048,0.95,0.323457324919304,1,1000,1000,31.5153,2.76630667718022,0,20260709,1000
40,3,14,0,Inf,0.75,0,0.3,0,"fixed",6,0.2,0.3,0.1,"fixed_6",0.406,0.0155294558822903,0.406,0,1.58454541571883,0.00210774212399752,0.0210774212399752,0.0581855365634104,0.0581946190413518,0.949,0.228439369850317,1,1000,1000,31.49005,2.77678402734183,0,20260709,1000
60,3,14,0,Inf,0.75,0,0.3,0,"fixed",6,0.2,0.3,0.1,"fixed_6",0.535,0.0157726028289563,0.535,0,1.35399875216609,-0.00233729313938673,-0.0233729313938673,0.0505138197504424,0.0505426283350385,0.935,0.18632026024496,1,1000,1000,31.4979,2.80491947983268,0,20260709,1000
90,3,14,0,Inf,0.75,0,0.3,0,"fixed",6,0.2,0.3,0.1,"fixed_6",0.718,0.0142294061717276,0.718,0,1.19351309046844,0.000416023195430951,0.00416023195430951,0.0404246277370546,0.0404065520980311,0.936,0.152054800528811,1,1000,1000,31.5156777777778,2.80198646767849,0,20260709,1000
120,3,14,0,Inf,0.75,0,0.3,0,"fixed",6,0.2,0.3,0.1,"fixed_6",0.831,0.0118506961820815,0.831,0,1.08648258917814,-0.00156597259562372,-0.0156597259562372,0.034184949030755,0.0342037190911358,0.948,0.131767114181062,1,1000,1000,31.4902416666667,2.80110550069035,0,20260709,1000
150,3,14,0,Inf,0.75,0,0.3,0,"fixed",6,0.2,0.3,0.1,"fixed_6",0.893,0.00977501918156686,0.893,0,1.06140835349761,-0.000118960016133207,-0.00118960016133207,0.0305770097540314,0.0305619489473115,0.949,0.117880281038297,1,1000,1000,31.4942933333333,2.80675846593596,0,20260709,1000
20,5,14,0,Inf,0.75,0,0.3,0,"fixed",6,0.2,0.3,0.1,"fixed_6",0.362,0.0151972365909069,0.362,0,1.66429100068345,-0.000423768764850577,-0.00423768764850577,0.0642844866903215,0.0642537338508443,0.948,0.24735196961171,1,1000,1000,52.49375,3.55400645686325,0,20260709,1000
40,5,14,0,Inf,0.75,0,0.3,0,"fixed",6,0.2,0.3,0.1,"fixed_6",0.6,0.0154919333848297,0.6,0.00166389351081531,1.26745181196642,-0.00157998182515585,-0.0157998182515585,0.044550917366033,0.0445566582733127,0.961,0.174715409323841,1,1000,1000,52.499625,3.59791223717407,0,20260709,1000
60,5,14,0,Inf,0.75,0,0.3,0,"fixed",6,0.2,0.3,0.1,"fixed_6",0.782,0.0130566458173606,0.782,0,1.13607156687035,-6.76837283457021e-05,-0.000676837283457021,0.0365909852037234,0.0365727477648044,0.951,0.142475766609466,1,1000,1000,52.5006166666667,3.59234266624857,0,20260709,1000
90,5,14,0,Inf,0.75,0,0.3,0,"fixed",6,0.2,0.3,0.1,"fixed_6",0.918,0.00867617427210864,0.918,0,1.04121461319874,-0.000625454325758501,-0.00625454325758501,0.0299480871048374,0.0299396430578473,0.955,0.116256265379705,1,1000,1000,52.4954222222222,3.62152578790298,0,20260709,1000
120,5,14,0,Inf,0.75,0,0.3,0,"fixed",6,0.2,0.3,0.1,"fixed_6",0.976,0.00483983470792134,0.976,0,1.01666691063984,0.000221297405018014,0.00221297405018014,0.0253598569893523,0.0253481399064181,0.957,0.100726101669225,1,1000,1000,52.50255,3.61738767396093,0,20260709,1000
150,5,14,0,Inf,0.75,0,0.3,0,"fixed",6,0.2,0.3,0.1,"fixed_6",0.992,0.00281709069786544,0.992,0,1.00527448598528,1.13437969763153e-05,0.000113437969763153,0.0234245734887383,0.0234128610205567,0.946,0.0901105214580623,1,1000,1000,52.4936333333333,3.61052244174864,0,20260709,1000
20,8,14,0,Inf,0.75,0,0.3,0,"fixed",6,0.2,0.3,0.1,"fixed_6",0.54,0.0157607106438764,0.54,0,1.37662718194372,0.00150619538609069,0.0150619538609069,0.0492101018347655,0.0492085471539903,0.952,0.193795109933257,1,1000,1000,83.9964,4.49559462608328,0,20260709,1000
40,8,14,0,Inf,0.75,0,0.3,0,"fixed",6,0.2,0.3,0.1,"fixed_6",0.794,0.0127892142057282,0.794,0,1.10943324974545,-0.00156463742538529,-0.0156463742538529,0.0352271448610683,0.0352442743378346,0.951,0.137041957005992,1,1000,1000,84.05205,4.52156647338659,0,20260709,1000
60,8,14,0,Inf,0.75,0,0.3,0,"fixed",6,0.2,0.3,0.1,"fixed_6",0.945,0.00720936890441875,0.945,0,1.03455979742602,0.000103132619881652,0.00103132619881652,0.0283472365413115,0.0283332470791264,0.955,0.11186293680438,1,1000,1000,83.99825,4.54296199287535,0,20260709,1000
90,8,14,0,Inf,0.75,0,0.3,0,"fixed",6,0.2,0.3,0.1,"fixed_6",0.986,0.00371537346709587,0.986,0,1.00168325366103,-0.000691072842450818,-0.00691072842450818,0.0237391882048347,0.0237373774718588,0.951,0.0912951235603597,1,1000,1000,84.0191555555556,4.57613030232085,0,20260709,1000
120,8,14,0,Inf,0.75,0,0.3,0,"fixed",6,0.2,0.3,0.1,"fixed_6",0.998,0.00141279864099595,0.998,0,0.99798710316592,-0.000336083960449526,-0.00336083960449526,0.0201928369748543,0.0201855360804815,0.954,0.0790256407699965,1,1000,1000,84.010825,4.57825449677767,0,20260709,1000
150,8,14,0,Inf,0.75,0,0.3,0,"fixed",6,0.2,0.3,0.1,"fixed_6",1,0,1,0,0.998663394575532,-0.000133660542446748,-0.00133660542446748,0.0184393153820781,0.0184305780850354,0.945,0.0706984656691989,1,1000,1000,83.9926733333333,4.57227000409494,0,20260709,1000
20,1,28,0,Inf,0.75,0,0.3,0,"fixed",6,0.2,0.3,0.1,"fixed_6",0.156,0.0114744934528719,0.156,0.0188679245283019,2.59965003209206,0.000557393173848064,0.00557393173848064,0.103526244845452,0.103475970039323,0.945,0.405397677804323,1,1000,1000,20.988,2.27129150250454,0,20260709,1000
40,1,28,0,Inf,0.75,0,0.3,0,"fixed",6,0.2,0.3,0.1,"fixed_6",0.261,0.0138880884213775,0.261,0,1.88470608847117,-0.000780282872915733,-0.00780282872915733,0.0724879669684722,0.0724559155019715,0.949,0.284578168277158,1,1000,1000,21.008,2.28513717247006,0,20260709,1000
60,1,28,0,Inf,0.75,0,0.3,0,"fixed",6,0.2,0.3,0.1,"fixed_6",0.379,0.0153414145371279,0.379,0,1.55854512871051,-0.00321871281403624,-0.0321871281403624,0.0592332363387342,0.0592910433628252,0.946,0.231887898090529,1,1000,1000,21.0192166666667,2.2792676983132,0,20260709,1000
90,1,28,0,Inf,0.75,0,0.3,0,"fixed",6,0.2,0.3,0.1,"fixed_6",0.542,0.0157555069737537,0.542,0,1.36566541588675,0.000584509923715282,0.00584509923715282,0.0484957411515615,0.0484750113437877,0.957,0.189766501567759,1,1000,1000,21.0061777777778,2.2933200993704,0,20260709,1000
120,1,28,0,Inf,0.75,0,0.3,0,"fixed",6,0.2,0.3,0.1,"fixed_6",0.69,0.0146253205093085,0.69,0,1.24194328043684,0.00242338839767375,0.0242338839767375,0.042656659302298,0.0427041426980506,0.948,0.163967983260326,1,1000,1000,21.004275,2.2787484418256,8.33333333333338e-06,20260709,1000
150,1,28,0,Inf,0.75,0,0.3,0,"fixed",6,0.2,0.3,0.1,"fixed_6",0.779,0.0131209374665075,0.779,0,1.14101333806008,0.000302396862275373,0.00302396862275373,0.0362626921334872,0.0362458177144567,0.962,0.146902336801298,1,1000,1000,21.0029533333333,2.28885814875846,0,20260709,1000
20,2,28,0,Inf,0.75,0,0.3,0,"fixed",6,0.2,0.3,0.1,"fixed_6",0.307,0.014585986425333,0.307,0,1.82877816743988,0.00254814278279916,0.0254814278279916,0.0694535959063227,0.0694656117368585,0.96,0.277970446354041,1,1000,1000,42.0056,3.19100550719085,0,20260709,1000
40,2,28,0,Inf,0.75,0,0.3,0,"fixed",6,0.2,0.3,0.1,"fixed_6",0.543,0.0157528092732693,0.543,0,1.38043518416773,0.00099173180745997,0.0099173180745997,0.0507188294324719,0.0507031635237793,0.947,0.196163029745001,1,1000,1000,41.98155,3.2329198484128,0,20260709,1000
60,2,28,0,Inf,0.75,0,0.3,0,"fixed",6,0.2,0.3,0.1,"fixed_6",0.682,0.0147267104269759,0.682,0,1.20153030620003,-0.000859145359494398,-0.00859145359494398,0.0404848278219311,0.0404737000191035,0.952,0.160124019261205,1,1000,1000,42.0074,3.24255650721995,0,20260709,1000
90,2,28,0,Inf,0.75,0,0.3,0,"fixed",6,0.2,0.3,0.1,"fixed_6",0.862,0.0109066951914867,0.862,0,1.09793862892236,0.000968323137528468,0.00968323137528468,0.033196349702257,0.0331938742182899,0.948,0.130803501366695,1,1000,1000,41.9902333333333,3.22157743560115,0,20260709,1000
120,2,28,0,Inf,0.75,0,0.3,0,"fixed",6,0.2,0.3,0.1,"fixed_6",0.941,0.00745110730026082,0.941,0,1.04798098841356,0.00131728807469245,0.0131728807469245,0.0288447421821691,0.0288603946659774,0.95,0.113190612358613,1,1000,1000,42.0133333333333,3.23026763586456,0,20260709,1000
150,2,28,0,Inf,0.75,0,0.3,0,"fixed",6,0.2,0.3,0.1,"fixed_6",0.973,0.00512552436341883,0.973,0,1.00463858366231,-0.0011722252250541,-0.011722252250541,0.0254819141417423,0.0254961317135964,0.955,0.101288809758855,1,1000,1000,42.0001266666667,3.23793706147765,0,20260709,1000
20,3,28,0,Inf,0.75,0,0.3,0,"fixed",6,0.2,0.3,0.1,"fixed_6",0.386,0.015394934231753,0.386,0,1.52670258538097,-0.00446059919268219,-0.0446059919268219,0.0575824539756008,0.0577262523641029,0.953,0.224713817873491,1,1000,1000,63.0228,3.92682371731595,0,20260709,1000
40,3,28,0,Inf,0.75,0,0.3,0,"fixed",6,0.2,0.3,0.1,"fixed_6",0.67,0.0148694317309035,0.67,0,1.18970585142798,-0.00272424768794886,-0.0272424768794886,0.0402610608806751,0.0403330335541413,0.949,0.158848973321402,1,1000,1000,63.0196,3.94713420103089,0,20260709,1000
60,3,28,0,Inf,0.75,0,0.3,0,"fixed",6,0.2,0.3,0.1,"fixed_6",0.861,0.0109397897603199,0.861,0,1.10427225619577,0.00177467807886383,0.0177467807886383,0.0336830097943585,0.0337129068153673,0.941,0.129640648096893,1,1000,1000,62.98815,3.95740886697929,0,20260709,1000
90,3,28,0,Inf,0.75,0,0.3,0,"fixed",6,0.2,0.3,0.1,"fixed_6",0.976,0.00483983470792134,0.976,0,1.02927290225184,0.00149868627324978,0.0149868627324978,0.0254914580154199,0.0255227482428087,0.968,0.105837687757668,1,1000,1000,62.9836888888889,3.95736061811224,0,20260709,1000
120,3,28,0,Inf,0.75,0,0.3,0,"fixed",6,0.2,0.3,0.1,"fixed_6",0.988,0.00344325427466518,0.988,0,1.00952743993781,0.000242678105097066,0.00242678105097066,0.0226920048878518,0.0226819543119007,0.953,0.0916311802392329,1,1000,1000,63.002275,3.95935553502372,0,20260709,1000
150,3,28,0,Inf,0.75,0,0.3,0,"fixed",6,0.2,0.3,0.1,"fixed_6",0.997,0.00172945077987204,0.997,0,0.998258304589274,-0.000362984600767446,-0.00362984600767446,0.0213192277226464,0.0213116568816166,0.943,0.0819419376710965,1,1000,1000,63.0052933333333,3.96064557216606,0,20260709,1000
20,5,28,0,Inf,0.75,0,0.3,0,"fixed",6,0.2,0.3,0.1,"fixed_6",0.633,0.0152417518678136,0.633,0,1.28767111641457,0.00198770907238802,0.0198770907238802,0.0446934977151991,0.0447153465449721,0.948,0.172901353046832,1,1000,1000,105.02835,5.095123216285,0,20260709,1000
40,5,28,0,Inf,0.75,0,0.3,0,"fixed",6,0.2,0.3,0.1,"fixed_6",0.902,0.00940191469861325,0.902,0,1.07338749024268,0.00156757661142164,0.0156757661142164,0.0312406250376089,0.0312643242773678,0.955,0.122172874986392,1,1000,1000,104.988275,5.08893512225408,0,20260709,1000
60,5,28,0,Inf,0.75,0,0.3,0,"fixed",6,0.2,0.3,0.1,"fixed_6",0.972,0.0052168956286282,0.972,0,1.0181415660392,9.44041756683472e-05,0.000944041756683472,0.0243783656599318,0.024366356307119,0.954,0.099734503296348,1,1000,1000,105.034983333333,5.11099069052392,0,20260709,1000
90,5,28,0,Inf,0.75,0,0.3,0,"fixed",6,0.2,0.3,0.1,"fixed_6",0.996,0.00199599599197994,0.996,0,0.99748339426096,-0.000498600363901577,-0.00498600363901577,0.0212709346949355,0.0212661423971602,0.947,0.081481174277401,1,1000,1000,105.010211111111,5.14347124252621,0,20260709,1000
120,5,28,0,Inf,0.75,0,0.3,0,"fixed",6,0.2,0.3,0.1,"fixed_6",1,0,1,0,1.00616838235127,0.000616838235127093,0.00616838235127093,0.0176129279725763,0.0176149228196921,0.959,0.0705219187118093,1,1000,1000,105.022241666667,5.10744876896395,0,20260709,1000
150,5,28,0,Inf,0.75,0,0.3,0,"fixed",6,0.2,0.3,0.1,"fixed_6",1,0,1,0,1.00780820262782,0.000780820262782006,0.00780820262782006,0.0161904085428073,0.0162011382235013,0.949,0.0630660474283955,1,1000,1000,104.99268,5.12130658279937,0,20260709,1000
20,8,28,0,Inf,0.75,0,0.3,0,"fixed",6,0.2,0.3,0.1,"fixed_6",0.822,0.0120961150788177,0.822,0,1.10703998824922,-0.000272331425180281,-0.00272331425180281,0.0348525425809792,0.0348361764411617,0.947,0.136168687761016,1,1000,1000,167.98725,6.3850724453172,0,20260709,1000
40,8,28,0,Inf,0.75,0,0.3,0,"fixed",6,0.2,0.3,0.1,"fixed_6",0.983,0.00408790900094413,0.983,0,1.01572853157579,0.000505978134685975,0.00505978134685975,0.0244956629270987,0.0244886397868191,0.952,0.0962939431304714,1,1000,1000,167.958325,6.4181175696832,0,20260709,1000
60,8,28,0,Inf,0.75,0,0.3,0,"fixed",6,0.2,0.3,0.1,"fixed_6",0.999,0.000999499874937461,0.999,0,1.00338738601218,0.000277834907096972,0.00277834907096972,0.0200874833423827,0.0200793593592792,0.955,0.0786075073708271,1,1000,1000,167.998216666667,6.45638958283156,0,20260709,1000
90,8,28,0,Inf,0.75,0,0.3,0,"fixed",6,0.2,0.3,0.1,"fixed_6",1,0,1,0,0.991883067980204,-0.000811693201979616,-0.00811693201979616,0.0165437759824341,0.0165554121992582,0.944,0.0641644764130703,1,1000,1000,167.9999,6.43228243620899,0,20260709,1000
120,8,28,0,Inf,0.75,0,0.3,0,"fixed",6,0.2,0.3,0.1,"fixed_6",1,0,1,0,0.997000021615436,-0.000299997838456356,-0.00299997838456356,0.0141563421649448,0.0141524421981007,0.957,0.0555376068732491,1,1000,1000,168.0105,6.44767048948885,0,20260709,1000
150,8,28,0,Inf,0.75,0,0.3,0,"fixed",6,0.2,0.3,0.1,"fixed_6",1,0,1,0,1.0032635193264,0.000326351932640481,0.00326351932640481,0.0133990467363642,0.0133963213074995,0.93,0.0497014627138731,1,1000,1000,167.99676,6.4745428410694,0,20260709,1000
20,1,21,0,Inf,0.75,0,0.3,0,"fixed",6,0.2,0.3,0.1,"fixed_6",0.127,0.0105295299040366,0.127,0.0230769230769231,2.93208708555029,0.000586950981682599,0.00586950981682599,0.118483035652782,0.118425233878662,0.958,0.476451892532465,1,1000,1000,15.7454,1.94297538779156,0.00125,20260709,1000
40,1,21,0,Inf,0.75,0,0.3,0,"fixed",6,0.2,0.3,0.1,"fixed_6",0.218,0.0130566458173606,0.218,0,2.14399902953334,0.000280151314597243,0.00280151314597243,0.0856940030918222,0.0856516035372041,0.945,0.334078236264428,1,1000,1000,15.755725,1.97451179268189,0.0019,20260709,1000
60,1,21,0,Inf,0.75,0,0.3,0,"fixed",6,0.2,0.3,0.1,"fixed_6",0.295,0.0144213383567546,0.295,0,1.8168647290088,-0.000504749422260573,-0.00504749422260573,0.0705474867970718,0.0705140107884165,0.952,0.272458597698181,1,1000,1000,15.7610833333333,1.96917765352637,0.00188333333333334,20260709,1000
90,1,21,0,Inf,0.75,0,0.3,0,"fixed",6,0.2,0.3,0.1,"fixed_6",0.412,0.0155645751628498,0.412,0,1.53467434055519,-0.000681111608516569,-0.00681111608516569,0.0571346089570284,0.0571100962191025,0.953,0.223142783192086,1,1000,1000,15.7399,1.98378151186467,0.00157777777777778,20260709,1000
120,1,21,0,Inf,0.75,0,0.3,0,"fixed",6,0.2,0.3,0.1,"fixed_6",0.543,0.0157528092732693,0.543,0,1.35234081616441,0.000617560726710667,0.00617560726710667,0.0476849941679939,0.0476651465054287,0.953,0.193113815449932,1,1000,1000,15.746775,1.98317611603772,0.00176666666666667,20260709,1000
150,1,21,0,Inf,0.75,0,0.3,0,"fixed",6,0.2,0.3,0.1,"fixed_6",0.633,0.0152417518678136,0.633,0,1.27583083303277,0.000682072626327496,0.00682072626327496,0.0446826448576054,0.0446655061069166,0.951,0.172501628603334,1,1000,1000,15.7420733333333,1.98270669680194,0.00181333333333333,20260709,1000
20,2,21,0,Inf,0.75,0,0.3,0,"fixed",6,0.2,0.3,0.1,"fixed_6",0.233,0.0133682833602524,0.233,0,2.07319542744933,0.00253792636774963,0.0253792636774963,0.0811596701947114,0.0811587718259483,0.954,0.324204844286399,1,1000,1000,31.5196,2.77958416881392,0,20260709,1000
40,2,21,0,Inf,0.75,0,0.3,0,"fixed",6,0.2,0.3,0.1,"fixed_6",0.438,0.0156893594515519,0.438,0,1.54613626930615,0.00245893968969063,0.0245893968969063,0.0586629906111473,0.0586851898299191,0.951,0.228574661409729,1,1000,1000,31.478275,2.79493351547348,0,20260709,1000
60,2,21,0,Inf,0.75,0,0.3,0,"fixed",6,0.2,0.3,0.1,"fixed_6",0.576,0.0156276677722557,0.576,0,1.31669651016695,0.000189466855394546,0.00189466855394546,0.0459316841240848,0.0459091035041801,0.962,0.18644197275936,1,1000,1000,31.5054833333333,2.78271540316478,0,20260709,1000
90,2,21,0,Inf,0.75,0,0.3,0,"fixed",6,0.2,0.3,0.1,"fixed_6",0.737,0.0139223202089307,0.737,0,1.17658151971808,0.000673886258279827,0.00673886258279827,0.0393057920837314,0.0392919135284512,0.954,0.152049107465202,1,1000,1000,31.5064888888889,2.78497197973722,0,20260709,1000
120,2,21,0,Inf,0.75,0,0.3,0,"fixed",6,0.2,0.3,0.1,"fixed_6",0.85,0.0112915897906362,0.85,0,1.09370800843133,5.0728808740852e-05,0.00050728808740852,0.0341865166000261,0.0341694567229075,0.937,0.131718982860539,1,1000,1000,31.5105083333333,2.80155222690179,0,20260709,1000
150,2,21,0,Inf,0.75,0,0.3,0,"fixed",6,0.2,0.3,0.1,"fixed_6",0.925,0.00832916562447884,0.925,0,1.05104664353024,0.000618558408096201,0.00618558408096201,0.0295389728820492,0.0295306786666297,0.956,0.117861304290161,1,1000,1000,31.50714,2.8055014917815,0,20260709,1000
20,3,21,0,Inf,0.75,0,0.3,0,"fixed",6,0.2,0.3,0.1,"fixed_6",0.323,0.0147875285291356,0.323,0,1.73561591627632,0.000209268902205434,0.00209268902205434,0.0669988431624887,0.0669656623472065,0.951,0.260709704018033,1,1000,1000,47.24225,3.37916695950733,0,20260709,1000
40,3,21,0,Inf,0.75,0,0.3,0,"fixed",6,0.2,0.3,0.1,"fixed_6",0.564,0.0156813264745046,0.564,0,1.33473071147031,0.00121580879475772,0.0121580879475772,0.0459649876714038,0.0459580841916422,0.958,0.184290747660185,1,1000,1000,47.2653,3.41510607886079,0,20260709,1000
60,3,21,0,Inf,0.75,0,0.3,0,"fixed",6,0.2,0.3,0.1,"fixed_6",0.735,0.0139561814261638,0.735,0,1.16529244252124,-0.000240148661035527,-0.00240148661035527,0.0382851463720951,0.0382667525624975,0.947,0.150591875174497,1,1000,1000,47.2510333333333,3.41710617529502,0,20260709,1000
90,3,21,0,Inf,0.75,0,0.3,0,"fixed",6,0.2,0.3,0.1,"fixed_6",0.89,0.00989444288477123,0.89,0,1.06811877313026,0.000411251675015406,0.00411251675015406,0.0314435349837423,0.0314304999056928,0.959,0.122867840803437,1,1000,1000,47.2648555555556,3.43352555686039,0,20260709,1000
120,3,21,0,Inf,0.75,0,0.3,0,"fixed",6,0.2,0.3,0.1,"fixed_6",0.958,0.00634318531969546,0.958,0,1.03187891716738,0.000660036765116168,0.00660036765116168,0.0289380289023742,0.0289310863219686,0.938,0.106453125800075,1,1000,1000,47.2432166666667,3.42648099863035,0,20260709,1000
150,3,21,0,Inf,0.75,0,0.3,0,"fixed",6,0.2,0.3,0.1,"fixed_6",0.98,0.00442718872423573,0.98,0,1.00762071990506,-0.000485358500153021,-0.00485358500153021,0.0243492883851083,0.0243419500017969,0.942,0.0951796932590555,1,1000,1000,47.2606866666667,3.41461384978005,0,20260709,1000
20,5,21,0,Inf,0.75,0,0.3,0,"fixed",6,0.2,0.3,0.1,"fixed_6",0.51,0.0158082257068907,0.51,0.00195694716242661,1.41303333523593,0.00206115895307793,0.0206115895307793,0.0512962183106866,0.0513119780089843,0.946,0.200457546872413,1,1000,1000,78.7709,4.3846526647783,0,20260709,1000
40,5,21,0,Inf,0.75,0,0.3,0,"fixed",6,0.2,0.3,0.1,"fixed_6",0.795,0.0127661662216971,0.795,0,1.12097299304766,-0.000463670869007726,-0.00463670869007726,0.035465783078692,0.035451078097714,0.956,0.141562447761097,1,1000,1000,78.73665,4.41744342327837,0,20260709,1000
60,5,21,0,Inf,0.75,0,0.3,0,"fixed",6,0.2,0.3,0.1,"fixed_6",0.924,0.00837997613361756,0.924,0,1.04293532824235,-0.000232642622803619,-0.00232642622803619,0.0297081162118485,0.0296941697859661,0.948,0.115576262035821,1,1000,1000,78.7653833333333,4.4252444707165,0,20260709,1000
90,5,21,0,Inf,0.75,0,0.3,0,"fixed",6,0.2,0.3,0.1,"fixed_6",0.987,0.00358203852575597,0.987,0,1.00620394600689,-0.000164498377747069,-0.00164498377747069,0.0238552487474501,0.0238438855815532,0.95,0.0943693909955477,1,1000,1000,78.7539666666667,4.41371073607674,0,20260709,1000
120,5,21,0,Inf,0.75,0,0.3,0,"fixed",6,0.2,0.3,0.1,"fixed_6",0.998,0.00141279864099595,0.998,0,0.993673364572259,-0.00076980042596643,-0.0076980042596643,0.0206518042097049,0.0206558251540501,0.954,0.0816489840412703,1,1000,1000,78.773975,4.42775078183439,0,20260709,1000
150,5,21,0,Inf,0.75,0,0.3,0,"fixed",6,0.2,0.3,0.1,"fixed_6",1,0,1,0,0.99615030312084,-0.000384969687915973,-0.00384969687915973,0.0180805144992059,0.0180755719470243,0.952,0.0730620985491126,1,1000,1000,78.76092,4.40569760533012,0,20260709,1000
20,8,21,0,Inf,0.75,0,0.3,0,"fixed",6,0.2,0.3,0.1,"fixed_6",0.708,0.0143783170086071,0.708,0,1.20292966479775,0.000633841390137516,0.00633841390137516,0.0407156224384339,0.040700195374794,0.948,0.157385659377644,1,1000,1000,126.01825,5.50128734163243,0,20260709,1000
40,8,21,0,Inf,0.75,0,0.3,0,"fixed",6,0.2,0.3,0.1,"fixed_6",0.925,0.00832916562447884,0.925,0,1.03156076081325,-0.00125153682614661,-0.0125153682614661,0.0288565746396195,0.028869283719192,0.94,0.111522382970958,1,1000,1000,126.00045,5.5800988025562,0,20260709,1000
60,8,21,0,Inf,0.75,0,0.3,0,"fixed",6,0.2,0.3,0.1,"fixed_6",0.991,0.00298646948753876,0.991,0,1.00691497973393,0.000148687397411529,0.00148687397411529,0.0229952598732635,0.0229842403094911,0.95,0.0908458264884683,1,1000,1000,126.056683333333,5.57166193375413,0,20260709,1000
90,8,21,0,Inf,0.75,0,0.3,0,"fixed",6,0.2,0.3,0.1,"fixed_6",1,0,1,0,1.00482884575087,0.000482884575087328,0.00482884575087328,0.0191819289481522,0.0191784157136778,0.945,0.0742443563125627,1,1000,1000,125.990588888889,5.582133277077,0,20260709,1000
120,8,21,0,Inf,0.75,0,0.3,0,"fixed",6,0.2,0.3,0.1,"fixed_6",1,0,1,0,1.00492336138782,0.000492336138781566,0.00492336138781566,0.0165237118249103,0.0165227847015495,0.944,0.0642929530277505,1,1000,1000,125.981991666667,5.5954089086709,0,20260709,1000
150,8,21,0,Inf,0.75,0,0.3,0,"fixed",6,0.2,0.3,0.1,"fixed_6",1,0,1,0,0.999200391461925,-7.99608538075564e-05,-0.000799608538075564,0.0139635424107165,0.0139567879498603,0.956,0.0575007137598655,1,1000,1000,126.008413333333,5.6138775019874,0,20260709,1000
20,4,3,0,Inf,0.75,0,0.3,0,"fixed",6,0.2,0.3,0.1,"fixed_6",0.0784114052953157,0.00857832350935129,0.077,0.0833333333333333,3.98494186932788,-0.00542882008896403,-0.0542882008896403,0.164922730642175,0.1649281088767,0.953156822810591,0.667143385975542,0.982,982,1000,9.01865,1.47805048130133,0.60495,20260709,1000
40,4,3,0,Inf,0.75,0,0.3,0,"fixed",6,0.2,0.3,0.1,"fixed_6",0.141271442986882,0.0110641566531432,0.14,0.0277777777777778,2.97960351617641,0.000496279160651328,0.00496279160651328,0.124741177935121,0.124679212738472,0.945509586276488,0.469982163967376,0.991,991,1000,8.991075,1.49251363904761,0.610225,20260709,1000
60,4,3,0,Inf,0.75,0,0.3,0,"fixed",6,0.2,0.3,0.1,"fixed_6",0.176706827309237,0.0120857679789953,0.176,0.0112359550561798,2.42058358324086,-0.00222191377660626,-0.0222191377660626,0.0990566005292634,0.0990317898084752,0.94578313253012,0.382990896461832,0.996,996,1000,8.99721666666667,1.48832276108222,0.610066666666667,20260709,1000
90,4,3,0,Inf,0.75,0,0.3,0,"fixed",6,0.2,0.3,0.1,"fixed_6",0.249,0.0136747577675073,0.249,0.004,2.03438645498323,0.00138861386985073,0.0138861386985073,0.0798885948463358,0.079860714042732,0.95,0.312235224424908,1,1000,1000,8.996,1.49506246391025,0.611044444444444,20260709,1000
120,4,3,0,Inf,0.75,0,0.3,0,"fixed",6,0.2,0.3,0.1,"fixed_6",0.322322322322322,0.0147867945190029,0.322,0,1.79633879007075,0.000983835960027268,0.00983835960027268,0.0715764137477245,0.0715473453516299,0.933933933933934,0.270481659288283,0.999,999,1000,8.997875,1.49722955279553,0.608833333333333,20260709,1000
150,4,3,0,Inf,0.75,0,0.3,0,"fixed",6,0.2,0.3,0.1,"fixed_6",0.367,0.0152417518678136,0.367,0,1.65258325767378,0.000846024309251028,0.00846024309251028,0.0631506566560316,0.0631247430710315,0.943,0.242042994578078,1,1000,1000,9.00153333333333,1.49942964977635,0.608573333333333,20260709,1000
20,6,3,0,Inf,0.75,0,0.3,0,"fixed",6,0.2,0.3,0.1,"fixed_6",0.125,0.0104582503316759,0.125,0.00793650793650794,3.30755415254368,0.0065793455714929,0.065793455714929,0.13366361068174,0.13375867316854,0.946,0.518829927528623,1,1000,1000,13.47775,1.81714458325271,0.0195,20260709,1000
40,6,3,0,Inf,0.75,0,0.3,0,"fixed",6,0.2,0.3,0.1,"fixed_6",0.194,0.0125045591685593,0.194,0.00512820512820513,2.36529072230234,-0.000271858660240723,-0.00271858660240723,0.0960982755161545,0.0960505990910661,0.945,0.365703736814204,1,1000,1000,13.513125,1.83050270315257,0.018675,20260709,1000
60,6,3,0,Inf,0.75,0,0.3,0,"fixed",6,0.2,0.3,0.1,"fixed_6",0.256,0.0138008695378226,0.256,0.00389105058365759,1.95545381794987,-0.00107803431629983,-0.0107803431629983,0.0783536996422822,0.0783219324542778,0.948,0.29867650113343,1,1000,1000,13.4941,1.8255032861155,0.0194833333333333,20260709,1000
90,6,3,0,Inf,0.75,0,0.3,0,"fixed",6,0.2,0.3,0.1,"fixed_6",0.351,0.0150930116279025,0.351,0,1.63080631323343,-0.0023957398160421,-0.023957398160421,0.0616218258329543,0.0616375838172956,0.955,0.243268040118471,1,1000,1000,13.5078,1.83132454488547,0.0189222222222222,20260709,1000
120,6,3,0,Inf,0.75,0,0.3,0,"fixed",6,0.2,0.3,0.1,"fixed_6",0.463,0.0157680372906713,0.463,0,1.47804076083575,0.000746152055263488,0.00746152055263488,0.0548265789524995,0.0548042384197116,0.951,0.210625876748565,1,1000,1000,13.4964333333333,1.83011025157114,0.0189416666666667,20260709,1000
150,6,3,0,Inf,0.75,0,0.3,0,"fixed",6,0.2,0.3,0.1,"fixed_6",0.553,0.0157223089907303,0.553,0,1.33803824656656,0.000535456086852251,0.00535456086852251,0.0465720974185104,0.0465518851489626,0.951,0.188470331268786,1,1000,1000,13.4901933333333,1.83440265416077,0.01968,20260709,1000
20,7,3,0,Inf,0.75,0,0.3,0,"fixed",6,0.2,0.3,0.1,"fixed_6",0.12,0.0102761860629321,0.12,0.032258064516129,2.94213134167653,-0.00318910946931375,-0.0318910946931375,0.121691049696493,0.121671990547806,0.941,0.474300815031955,1,1000,1000,15.74185,1.95436869500752,0.00165,20260709,1000
40,7,3,0,Inf,0.75,0,0.3,0,"fixed",6,0.2,0.3,0.1,"fixed_6",0.215,0.012991343271579,0.215,0,2.14833005520555,-8.43994223128086e-05,-0.000843994223128086,0.0851253628804847,0.085082831413812,0.949,0.335489685994525,1,1000,1000,15.7525,1.97282710920368,0.001625,20260709,1000
60,7,3,0,Inf,0.75,0,0.3,0,"fixed",6,0.2,0.3,0.1,"fixed_6",0.32,0.0147512711316686,0.32,0,1.80954330491304,0.00275674332534197,0.0275674332534197,0.07105878137381,0.0710767239937408,0.943,0.273054694365578,1,1000,1000,15.738,1.98290052417264,0.00213333333333333,20260709,1000
90,7,3,0,Inf,0.75,0,0.3,0,"fixed",6,0.2,0.3,0.1,"fixed_6",0.409,0.0155473148807117,0.409,0,1.58498418019327,0.00231189556313825,0.0231189556313825,0.0584188036562056,0.0584353379822222,0.945,0.222683823576327,1,1000,1000,15.7563333333333,1.97628161547198,0.00164444444444444,20260709,1000
120,7,3,0,Inf,0.75,0,0.3,0,"fixed",6,0.2,0.3,0.1,"fixed_6",0.518,0.0158011391994375,0.518,0,1.37837738471655,-0.000494499275851823,-0.00494499275851823,0.0499637355597141,0.0499411956779549,0.945,0.193050291942705,1,1000,1000,15.7487166666667,1.98629019123667,0.001775,20260709,1000
150,7,3,0,Inf,0.75,0,0.3,0,"fixed",6,0.2,0.3,0.1,"fixed_6",0.632,0.0152504426165276,0.632,0,1.27605837433717,0.00116680252827278,0.0116680252827278,0.0443926222627926,0.0443857593671169,0.946,0.172536365054331,1,1000,1000,15.75692,1.98129964481761,0.00168,20260709,1000
20,4,7,0,Inf,0.75,0,0.3,0,"fixed",6,0.2,0.3,0.1,"fixed_6",0.159,0.0115636931816786,0.159,0,2.49155511111659,-0.000794166661639464,-0.00794166661639464,0.0988696969264234,0.0988234408125874,0.96,0.402427749199123,1,1000,1000,21.017,2.2706830281408,0,20260709,1000
40,4,7,0,Inf,0.75,0,0.3,0,"fixed",6,0.2,0.3,0.1,"fixed_6",0.277,0.0141517136771488,0.277,0,1.86901208368511,0.00314672921858539,0.0314672921858539,0.0701043042981027,0.07013986578555,0.953,0.28503924287272,1,1000,1000,21.0038,2.26948810005737,0,20260709,1000
60,4,7,0,Inf,0.75,0,0.3,0,"fixed",6,0.2,0.3,0.1,"fixed_6",0.41,0.0155531347322654,0.41,0,1.55544303903093,-0.000852209831661524,-0.00852209831661524,0.0601786953345366,0.0601546353857455,0.945,0.232559677924769,1,1000,1000,21.0123333333333,2.28492894846785,1.66666666666667e-05,20260709,1000
90,4,7,0,Inf,0.75,0,0.3,0,"fixed",6,0.2,0.3,0.1,"fixed_6",0.561,0.0156932788161047,0.561,0,1.38259107886905,0.00263606286835361,0.0263606286835361,0.0499662657912528,0.0500107980025405,0.941,0.189681798779333,1,1000,1000,21.0029,2.28942834883211,0,20260709,1000
120,4,7,0,Inf,0.75,0,0.3,0,"fixed",6,0.2,0.3,0.1,"fixed_6",0.637,0.0152062815967613,0.637,0,1.22615166401982,-0.00184309344377666,-0.0184309344377666,0.0415243177728398,0.0415444543949704,0.945,0.164184279535019,1,1000,1000,20.9936583333333,2.28570726166528,0,20260709,1000
150,4,7,0,Inf,0.75,0,0.3,0,"fixed",6,0.2,0.3,0.1,"fixed_6",0.765,0.0134080199880519,0.765,0,1.145340264982,-3.47972169832261e-05,-0.000347972169832261,0.0366940056831847,0.0366756705987883,0.95,0.146760613306667,1,1000,1000,21.0006066666667,2.29198202265834,6.66666666666663e-06,20260709,1000
20,6,7,0,Inf,0.75,0,0.3,0,"fixed",6,0.2,0.3,0.1,"fixed_6",0.232,0.0133482583133531,0.232,0.00429184549356223,2.08615307534553,0.00118932401956069,0.0118932401956069,0.0816550204770755,0.0816228480167534,0.954,0.323852231857705,1,1000,1000,31.51835,2.78946749668347,0,20260709,1000
40,6,7,0,Inf,0.75,0,0.3,0,"fixed",6,0.2,0.3,0.1,"fixed_6",0.415,0.0155812387184075,0.415,0,1.57825307987955,0.00258526878520543,0.0258526878520543,0.0587403886198046,0.0587679031159205,0.942,0.228138408420807,1,1000,1000,31.51585,2.7740712880536,0,20260709,1000
60,6,7,0,Inf,0.75,0,0.3,0,"fixed",6,0.2,0.3,0.1,"fixed_6",0.561,0.0156932788161047,0.561,0,1.36093455894242,0.00213744454619393,0.0213744454619393,0.0482959337304413,0.0483190789116301,0.946,0.186406825319684,1,1000,1000,31.4931,2.80625544167546,0,20260709,1000
90,6,7,0,Inf,0.75,0,0.3,0,"fixed",6,0.2,0.3,0.1,"fixed_6",0.725,0.0141200212464429,0.725,0,1.16474521555889,-0.00110829632729023,-0.0110829632729023,0.0382065566384099,0.0382035279777005,0.95,0.152120474919327,1,1000,1000,31.5160111111111,2.7932566043177,0,20260709,1000
120,6,7,0,Inf,0.75,0,0.3,0,"fixed",6,0.2,0.3,0.1,"fixed_6",0.841,0.0115636931816786,0.841,0,1.06621200165201,-0.00246590692965341,-0.0246590692965341,0.0321573930328595,0.0322357646989929,0.958,0.131777624448777,1,1000,1000,31.4989083333333,2.79896407602758,0,20260709,1000
150,6,7,0,Inf,0.75,0,0.3,0,"fixed",6,0.2,0.3,0.1,"fixed_6",0.911,0.00900438781928011,0.911,0,1.04430735377283,-0.000836310866577095,-0.00836310866577095,0.0300409239747034,0.0300375443737701,0.954,0.117936635617248,1,1000,1000,31.49258,2.8011294950065,0,20260709,1000
20,7,7,0,Inf,0.75,0,0.3,0,"fixed",6,0.2,0.3,0.1,"fixed_6",0.27,0.0140392307481571,0.27,0,1.9744883962929,0.00277264532402413,0.0277264532402413,0.0765647802272466,0.0765766999012634,0.943,0.298211744138677,1,1000,1000,36.7103,3.00206688756365,0,20260709,1000
40,7,7,0,Inf,0.75,0,0.3,0,"fixed",6,0.2,0.3,0.1,"fixed_6",0.483,0.0158022466757104,0.483,0,1.45830180307864,0.000583893172826422,0.00583893172826422,0.055647783870629,0.0556230177633306,0.937,0.210299333473394,1,1000,1000,36.7542,3.0219307664047,0,20260709,1000
60,7,7,0,Inf,0.75,0,0.3,0,"fixed",6,0.2,0.3,0.1,"fixed_6",0.629,0.0152760924322943,0.629,0,1.2891554234107,0.00179125084104682,0.0179125084104682,0.0452456532380237,0.0452584859156169,0.943,0.171841910462114,1,1000,1000,36.7550166666667,3.01787528467876,0,20260709,1000
90,7,7,0,Inf,0.75,0,0.3,0,"fixed",6,0.2,0.3,0.1,"fixed_6",0.794,0.0127892142057282,0.794,0,1.13240648037314,-8.30603543929415e-05,-0.000830603543929415,0.0370635592855139,0.0370451159872171,0.946,0.140228967068128,1,1000,1000,36.7614,3.02084130019652,0,20260709,1000
120,7,7,0,Inf,0.75,0,0.3,0,"fixed",6,0.2,0.3,0.1,"fixed_6",0.878,0.0103496859855746,0.878,0,1.06775683176428,-0.000576141145283926,-0.00576141145283926,0.0321482195259052,0.032137306192125,0.95,0.121516945737389,1,1000,1000,36.7461,3.02138115623674,0,20260709,1000
150,7,7,0,Inf,0.75,0,0.3,0,"fixed",6,0.2,0.3,0.1,"fixed_6",0.948,0.00702111102319284,0.948,0,1.03591248254778,0.000359674123995513,0.00359674123995513,0.0287890178102534,0.0287768675225098,0.945,0.108559683781263,1,1000,1000,36.7397266666667,3.02441877198672,0,20260709,1000
20,4,14,0,Inf,0.75,0,0.3,0,"fixed",6,0.2,0.3,0.1,"fixed_6",0.293,0.0143927412260486,0.293,0,1.80838694922846,-5.13113967421652e-05,-0.000513113967421652,0.0701918686266192,0.0701567826780469,0.955,0.277927170539866,1,1000,1000,41.99155,3.19565080015599,0,20260709,1000
40,4,14,0,Inf,0.75,0,0.3,0,"fixed",6,0.2,0.3,0.1,"fixed_6",0.513,0.0158060431481127,0.513,0,1.40547573792351,0.00156490351519742,0.0156490351519742,0.0504452388066334,0.0504442892620353,0.936,0.195918658796493,1,1000,1000,41.990975,3.2247836814944,0,20260709,1000
60,4,14,0,Inf,0.75,0,0.3,0,"fixed",6,0.2,0.3,0.1,"fixed_6",0.692,0.0145991780590552,0.692,0,1.21582854981994,0.00076428921635209,0.0076428921635209,0.0401945788973382,0.0401817459372765,0.962,0.160004441604055,1,1000,1000,42.0087833333333,3.23829362317794,0,20260709,1000
90,4,14,0,Inf,0.75,0,0.3,0,"fixed",6,0.2,0.3,0.1,"fixed_6",0.853,0.0111978122863352,0.853,0,1.10673511972849,0.00180811455183989,0.0180811455183989,0.0332962345255431,0.033328664428371,0.959,0.130628254908076,1,1000,1000,42.0199555555556,3.22953595941011,0,20260709,1000
120,4,14,0,Inf,0.75,0,0.3,0,"fixed",6,0.2,0.3,0.1,"fixed_6",0.936,0.0077397674383666,0.936,0,1.03403543535898,-0.000309940126272112,-0.00309940126272112,0.0285875573715145,0.028574940960832,0.959,0.113180998491299,1,1000,1000,41.9995916666667,3.23432808912518,0,20260709,1000
150,4,14,0,Inf,0.75,0,0.3,0,"fixed",6,0.2,0.3,0.1,"fixed_6",0.968,0.00556560868189635,0.968,0,1.02095436734514,0.000162335066204652,0.00162335066204652,0.026438416350977,0.0264256924594641,0.953,0.101172557712036,1,1000,1000,41.9985866666667,3.24227452882604,0,20260709,1000
20,6,14,0,Inf,0.75,0,0.3,0,"fixed",6,0.2,0.3,0.1,"fixed_6",0.411,0.0155588881350821,0.411,0.00242718446601942,1.54873807648908,-0.00119907663852498,-0.0119907663852498,0.0596210271207576,0.0596032716622521,0.943,0.224634350865099,1,1000,1000,63.0634,3.89972236034131,0,20260709,1000
40,6,14,0,Inf,0.75,0,0.3,0,"fixed",6,0.2,0.3,0.1,"fixed_6",0.686,0.0146766481186952,0.686,0,1.20103225946251,-0.000197182804113349,-0.00197182804113349,0.0396461269821346,0.0396267895540011,0.958,0.159124672804751,1,1000,1000,62.99925,3.93937769208735,0,20260709,1000
60,6,14,0,Inf,0.75,0,0.3,0,"fixed",6,0.2,0.3,0.1,"fixed_6",0.857,0.0110702755159933,0.857,0,1.07880012660627,-0.00088508120221728,-0.0088508120221728,0.0335199145968011,0.0335148393795462,0.947,0.129506039402654,1,1000,1000,62.9733,3.93925750953584,0,20260709,1000
90,6,14,0,Inf,0.75,0,0.3,0,"fixed",6,0.2,0.3,0.1,"fixed_6",0.963,0.00596917079668525,0.963,0,1.03614253335261,0.00139835109462616,0.0139835109462616,0.0265409083298974,0.0265644646274846,0.955,0.105754144717413,1,1000,1000,62.9970777777778,3.9505740143561,0,20260709,1000
120,6,14,0,Inf,0.75,0,0.3,0,"fixed",6,0.2,0.3,0.1,"fixed_6",0.99,0.00314642654451046,0.99,0,1.0088777603762,0.000245677955317006,0.00245677955317006,0.0235343828602864,0.0235238956615535,0.951,0.0915938556484371,1,1000,1000,63.00205,3.963415362602,0,20260709,1000
150,6,14,0,Inf,0.75,0,0.3,0,"fixed",6,0.2,0.3,0.1,"fixed_6",0.997,0.00172945077987204,0.997,0,0.995257137741794,-0.000685093354474475,-0.00685093354474475,0.021477760448305,0.0214779480534162,0.947,0.0819669110207247,1,1000,1000,63.00342,3.96337302371072,0,20260709,1000
20,7,14,0,Inf,0.75,0,0.3,0,"fixed",6,0.2,0.3,0.1,"fixed_6",0.474,0.0157899968334386,0.474,0,1.44632148768967,0.000534346679440259,0.00534346679440259,0.0526564721324026,0.0526328498159361,0.953,0.207541835561707,1,1000,1000,73.4811,4.20646530915695,0,20260709,1000
40,7,14,0,Inf,0.75,0,0.3,0,"fixed",6,0.2,0.3,0.1,"fixed_6",0.767,0.0133682833602524,0.767,0,1.13442477222297,-0.00158840116960843,-0.0158840116960843,0.0365753981846447,0.0365915975449085,0.948,0.146660889258184,1,1000,1000,73.514925,4.26592357958527,0,20260709,1000
60,7,14,0,Inf,0.75,0,0.3,0,"fixed",6,0.2,0.3,0.1,"fixed_6",0.897,0.00961202372032029,0.897,0,1.07150609525933,0.000862906597497715,0.00862906597497715,0.0309769638052052,0.0309734938632762,0.951,0.1197878596659,1,1000,1000,73.50695,4.26910271376976,0,20260709,1000
90,7,14,0,Inf,0.75,0,0.3,0,"fixed",6,0.2,0.3,0.1,"fixed_6",0.981,0.00431729081716764,0.981,0,1.02361308284684,0.00122151618606457,0.0122151618606457,0.0247098007955487,0.0247276319709988,0.949,0.0977398226328328,1,1000,1000,73.4922333333333,4.28803809242828,0,20260709,1000
120,7,14,0,Inf,0.75,0,0.3,0,"fixed",6,0.2,0.3,0.1,"fixed_6",0.994,0.00244213021765835,0.994,0,1.00144482851392,-0.000225154197645447,-0.00225154197645447,0.0216917633961754,0.021682083872385,0.946,0.0846297690216315,1,1000,1000,73.4986666666667,4.28261361458168,0,20260709,1000
150,7,14,0,Inf,0.75,0,0.3,0,"fixed",6,0.2,0.3,0.1,"fixed_6",0.999,0.000999499874937461,0.999,0,0.985362767138732,-0.00153131260736065,-0.0153131260736065,0.0191527855236556,0.019204355819014,0.952,0.0757072320972085,1,1000,1000,73.4961333333333,4.2828398056062,0,20260709,1000
20,4,28,0,Inf,0.75,0,0.3,0,"fixed",6,0.2,0.3,0.1,"fixed_6",0.531,0.0157809695519635,0.531,0,1.39409180624172,0.0025589927216626,0.025589927216626,0.0497067184742976,0.0497477190167662,0.948,0.193652928614493,1,1000,1000,84.03145,4.53153813793011,0,20260709,1000
40,4,28,0,Inf,0.75,0,0.3,0,"fixed",6,0.2,0.3,0.1,"fixed_6",0.821,0.0121226647235664,0.821,0,1.1184803603724,0.000863612918945988,0.00863612918945988,0.0344451673716263,0.0344387704916692,0.95,0.136918498784226,1,1000,1000,83.99645,4.549034823035,0,20260709,1000
60,4,28,0,Inf,0.75,0,0.3,0,"fixed",6,0.2,0.3,0.1,"fixed_6",0.932,0.00796090447122687,0.932,0,1.03464665493407,-0.000559893838946682,-0.00559893838946682,0.0277391636528811,0.0277309433678707,0.954,0.111830866923933,1,1000,1000,83.9870833333333,4.56919927216774,0,20260709,1000
90,4,28,0,Inf,0.75,0,0.3,0,"fixed",6,0.2,0.3,0.1,"fixed_6",0.991,0.00298646948753876,0.991,0,1.00723269065218,0.000145392035242581,0.00145392035242581,0.0243985063017628,0.0243867374097339,0.938,0.0913520579132382,1,1000,1000,83.9927777777778,4.55830797897615,0,20260709,1000
120,4,28,0,Inf,0.75,0,0.3,0,"fixed",6,0.2,0.3,0.1,"fixed_6",0.996,0.00199599599197994,0.996,0,1.0042312588773,0.000172955136537853,0.00172955136537853,0.0200341775554681,0.0200249048819951,0.945,0.0790471162594487,1,1000,1000,84.0102,4.57833070233319,0,20260709,1000
150,4,28,0,Inf,0.75,0,0.3,0,"fixed",6,0.2,0.3,0.1,"fixed_6",1,0,1,0,0.995601804137187,-0.000439819586281295,-0.00439819586281295,0.0180369478669471,0.018033291383857,0.947,0.0707454061680723,1,1000,1000,83.9967,4.56816740900439,0,20260709,1000
20,6,28,0,Inf,0.75,0,0.3,0,"fixed",6,0.2,0.3,0.1,"fixed_6",0.678,0.0147755202954075,0.678,0,1.19403289956193,-0.00242656602994612,-0.0242656602994612,0.0411696955838217,0.0412205908900851,0.948,0.157533755369221,1,1000,1000,125.9989,5.5161902224195,0,20260709,1000
40,6,28,0,Inf,0.75,0,0.3,0,"fixed",6,0.2,0.3,0.1,"fixed_6",0.942,0.00739161687318817,0.942,0,1.02550753837679,-0.000824597435995222,-0.00824597435995222,0.0275663647944268,0.0275649147367243,0.958,0.111385681663262,1,1000,1000,125.971575,5.56753482690008,0,20260709,1000
60,6,28,0,Inf,0.75,0,0.3,0,"fixed",6,0.2,0.3,0.1,"fixed_6",0.992,0.00281709069786544,0.992,0,1.00433964117197,-3.95450891085836e-05,-0.000395450891085836,0.0227289145114736,0.0227175816302942,0.95,0.090936286063698,1,1000,1000,125.992433333333,5.60124880020975,0,20260709,1000
90,6,28,0,Inf,0.75,0,0.3,0,"fixed",6,0.2,0.3,0.1,"fixed_6",1,0,1,0,0.998821133142598,-0.000117886685740184,-0.00117886685740184,0.0182010821636372,0.0181923613037511,0.949,0.0742313348061056,1,1000,1000,126.008655555556,5.5947490879266,0,20260709,1000
120,6,28,0,Inf,0.75,0,0.3,0,"fixed",6,0.2,0.3,0.1,"fixed_6",1,0,1,0,1.0092979076499,0.00092979076499046,0.0092979076499046,0.0163918823643732,0.0164100464504724,0.949,0.0642818739996124,1,1000,1000,126.00595,5.61146581266544,0,20260709,1000
150,6,28,0,Inf,0.75,0,0.3,0,"fixed",6,0.2,0.3,0.1,"fixed_6",1,0,1,0,0.997971646894273,-0.000202835310572691,-0.00202835310572691,0.0151821182404028,0.0151758808546497,0.933,0.0574833348482365,1,1000,1000,125.99512,5.59760914427502,0,20260709,1000
20,7,28,0,Inf,0.75,0,0.3,0,"fixed",6,0.2,0.3,0.1,"fixed_6",0.774,0.0132258837133857,0.774,0,1.15319576359053,0.000913399850943783,0.00913399850943783,0.036872299066649,0.0368651755903813,0.954,0.145715271394982,1,1000,1000,146.9784,5.99589218956307,0,20260709,1000
40,7,28,0,Inf,0.75,0,0.3,0,"fixed",6,0.2,0.3,0.1,"fixed_6",0.968,0.00556560868189635,0.968,0,1.02066774933023,0.000117522263579847,0.00117522263579847,0.0259379659975588,0.0259252601432052,0.952,0.103045353553015,1,1000,1000,146.96585,6.00840002254476,0,20260709,1000
60,7,28,0,Inf,0.75,0,0.3,0,"fixed",6,0.2,0.3,0.1,"fixed_6",0.996,0.00199599599197994,0.996,0,1.00023431829544,-0.000233066479014429,-0.00233066479014429,0.0215916169220792,0.0215820769012657,0.945,0.0840644435179555,1,1000,1000,147.015233333333,6.01176123350918,0,20260709,1000
90,7,28,0,Inf,0.75,0,0.3,0,"fixed",6,0.2,0.3,0.1,"fixed_6",1,0,1,0,1.006920922476,0.000692092247599557,0.00692092247599557,0.0177503976533734,0.017755014275275,0.942,0.068633140771542,1,1000,1000,147.010811111111,6.04430198774561,0,20260709,1000
120,7,28,0,Inf,0.75,0,0.3,0,"fixed",6,0.2,0.3,0.1,"fixed_6",1,0,1,0,0.998215810280087,-0.000178418971991251,-0.00178418971991251,0.0150776059241605,0.0150711213761101,0.944,0.0594261756314859,1,1000,1000,147.022575,6.04773060582997,0,20260709,1000
150,7,28,0,Inf,0.75,0,0.3,0,"fixed",6,0.2,0.3,0.1,"fixed_6",1,0,1,0,1.00248695833434,0.00024869583343412,0.0024869583343412,0.0131356799375448,0.0131314656817799,0.952,0.053141213909291,1,1000,1000,146.976486666667,6.06041018917406,0,20260709,1000
20,4,21,0,Inf,0.75,0,0.3,0,"fixed",6,0.2,0.3,0.1,"fixed_6",0.458,0.0157555069737537,0.458,0,1.53835838588363,0.00349239111091666,0.0349239111091666,0.0586984099438169,0.0587729072130523,0.945,0.225054357559196,1,1000,1000,62.9893,3.94876552271451,0,20260709,1000
40,4,21,0,Inf,0.75,0,0.3,0,"fixed",6,0.2,0.3,0.1,"fixed_6",0.675,0.0148113132435986,0.675,0,1.21429168792976,-8.25429136536715e-05,-0.000825429136536715,0.0408550079844445,0.0408346587969608,0.952,0.158733949770602,1,1000,1000,63.018975,3.93728490847541,0,20260709,1000
60,4,21,0,Inf,0.75,0,0.3,0,"fixed",6,0.2,0.3,0.1,"fixed_6",0.848,0.0113532374237483,0.848,0,1.07972152224618,-0.0011156996039213,-0.011156996039213,0.0326873562180974,0.032690053210089,0.953,0.129560684016332,1,1000,1000,63.0264666666667,3.93775509938311,0,20260709,1000
90,4,21,0,Inf,0.75,0,0.3,0,"fixed",6,0.2,0.3,0.1,"fixed_6",0.965,0.00581162627841812,0.965,0,1.03507490180941,0.00139486076251581,0.0139486076251581,0.0280114487053105,0.0280321646302685,0.949,0.105820313438824,1,1000,1000,63.0083333333333,3.95859838994863,0,20260709,1000
120,4,21,0,Inf,0.75,0,0.3,0,"fixed",6,0.2,0.3,0.1,"fixed_6",0.991,0.00298646948753876,0.991,0,0.996117031343038,-0.000939807466648138,-0.00939807466648138,0.0239143064805928,0.0239208151714703,0.945,0.0916689561474595,1,1000,1000,63.0066,3.95981437414627,0,20260709,1000
150,4,21,0,Inf,0.75,0,0.3,0,"fixed",6,0.2,0.3,0.1,"fixed_6",0.998,0.00141279864099595,0.998,0,0.996013670353969,-0.000517187364318758,-0.00517187364318758,0.0211852461165055,0.0211809660103997,0.951,0.0819442692996155,1,1000,1000,62.99498,3.96556944915608,0,20260709,1000
20,6,21,0,Inf,0.75,0,0.3,0,"fixed",6,0.2,0.3,0.1,"fixed_6",0.567,0.0156687906361659,0.567,0,1.33350864697006,-0.00108833054721456,-0.0108833054721456,0.0494988116595195,0.0494860251659888,0.94,0.18262764769771,1,1000,1000,94.4797,4.83377240641436,0,20260709,1000
40,6,21,0,Inf,0.75,0,0.3,0,"fixed",6,0.2,0.3,0.1,"fixed_6",0.841,0.0115636931816786,0.841,0,1.08467959104304,-0.00103156940986103,-0.0103156940986103,0.0335513472926946,0.0335504299182173,0.948,0.129100352553227,1,1000,1000,94.45545,4.85875424256087,0,20260709,1000
60,6,21,0,Inf,0.75,0,0.3,0,"fixed",6,0.2,0.3,0.1,"fixed_6",0.971,0.00530650544143696,0.971,0,1.03600945824784,0.00184776023611793,0.0184776023611793,0.0265376264713038,0.0265886365013682,0.95,0.105312636295311,1,1000,1000,94.4736,4.83103533076807,0,20260709,1000
90,6,21,0,Inf,0.75,0,0.3,0,"fixed",6,0.2,0.3,0.1,"fixed_6",0.995,0.00223047080231955,0.995,0,0.997540403338403,-0.000577267865075864,-0.00577267865075864,0.0219359565361979,0.0219325840054667,0.95,0.085947263853117,1,1000,1000,94.4944888888889,4.84227383005033,0,20260709,1000
120,6,21,0,Inf,0.75,0,0.3,0,"fixed",6,0.2,0.3,0.1,"fixed_6",0.999,0.000999499874937461,0.999,0,1.00150912898751,8.39840818537413e-05,0.000839840818537413,0.0196183484184851,0.0196087166433811,0.941,0.0744048374663924,1,1000,1000,94.498775,4.85640187815861,0,20260709,1000
150,6,21,0,Inf,0.75,0,0.3,0,"fixed",6,0.2,0.3,0.1,"fixed_6",1,0,1,0,1.006939469202,0.000693946920200028,0.00693946920200028,0.0171469383509091,0.0171524062347859,0.942,0.0665465547061567,1,1000,1000,94.5011533333333,4.85599221890443,0,20260709,1000
20,7,21,0,Inf,0.75,0,0.3,0,"fixed",6,0.2,0.3,0.1,"fixed_6",0.646,0.0151223014121528,0.646,0,1.24146937434135,-0.00118578038450882,-0.0118578038450882,0.0437353009823894,0.0437295077789409,0.949,0.168855358637061,1,1000,1000,110.1853,5.19241723122443,0,20260709,1000
40,7,21,0,Inf,0.75,0,0.3,0,"fixed",6,0.2,0.3,0.1,"fixed_6",0.904,0.00931579304192617,0.904,0,1.06307053565968,0.000359428049030927,0.00359428049030927,0.0310803760181372,0.0310669112107689,0.94,0.119164755185471,1,1000,1000,110.2624,5.20316398885786,0,20260709,1000
60,7,21,0,Inf,0.75,0,0.3,0,"fixed",6,0.2,0.3,0.1,"fixed_6",0.978,0.00463853425124791,0.978,0,1.01598413704092,0.00021224082385396,0.0021224082385396,0.0249299928476506,0.0249184286223637,0.943,0.0973202365601011,1,1000,1000,110.2079,5.22281532988997,0,20260709,1000
90,7,21,0,Inf,0.75,0,0.3,0,"fixed",6,0.2,0.3,0.1,"fixed_6",0.999,0.000999499874937461,0.999,0,0.998624271942103,-0.000199432801584298,-0.00199432801584298,0.0203041591745191,0.0202949844628364,0.949,0.0794558313428296,1,1000,1000,110.238033333333,5.21325966431916,0,20260709,1000
120,7,21,0,Inf,0.75,0,0.3,0,"fixed",6,0.2,0.3,0.1,"fixed_6",1,0,1,0,0.99848767236473,-0.000151232763526993,-0.00151232763526993,0.0176783193060049,0.0176701251229396,0.945,0.0687773934340918,1,1000,1000,110.25805,5.23729971318027,0,20260709,1000
150,7,21,0,Inf,0.75,0,0.3,0,"fixed",6,0.2,0.3,0.1,"fixed_6",1,0,1,0,0.991912018001644,-0.000808798199835592,-0.00808798199835592,0.0161093502269928,0.0161215944651649,0.943,0.0615092773892414,1,1000,1000,110.252013333333,5.24326790518394,0,20260709,1000
20,1,1,0,Inf,0.75,0,0.3,0,"fixed",6,0.2,0.3,0.1,"fixed_6",NA,NA,0,NA,NA,NA,NA,NA,NA,NA,NA,0,0,1000,0.7498,0.427968611286942,1,20260709,1000
40,1,1,0,Inf,0.75,0,0.3,0,"fixed",6,0.2,0.3,0.1,"fixed_6",NA,NA,0,NA,NA,NA,NA,NA,NA,NA,NA,0,0,1000,0.74595,0.432983699417331,1,20260709,1000
60,1,1,0,Inf,0.75,0,0.3,0,"fixed",6,0.2,0.3,0.1,"fixed_6",NA,NA,0,NA,NA,NA,NA,NA,NA,NA,NA,0,0,1000,0.7494,0.431704746613521,1,20260709,1000
90,1,1,0,Inf,0.75,0,0.3,0,"fixed",6,0.2,0.3,0.1,"fixed_6",NA,NA,0,NA,NA,NA,NA,NA,NA,NA,NA,0,0,1000,0.751322222222222,0.431493766968916,1,20260709,1000
120,1,1,0,Inf,0.75,0,0.3,0,"fixed",6,0.2,0.3,0.1,"fixed_6",NA,NA,0,NA,NA,NA,NA,NA,NA,NA,NA,0,0,1000,0.751008333333333,0.43186208702009,1,20260709,1000
150,1,1,0,Inf,0.75,0,0.3,0,"fixed",6,0.2,0.3,0.1,"fixed_6",NA,NA,0,NA,NA,NA,NA,NA,NA,NA,NA,0,0,1000,0.749593333333333,0.432683636315762,1,20260709,1000
20,2,1,0,Inf,0.75,0,0.3,0,"fixed",6,0.2,0.3,0.1,"fixed_6",NA,NA,0,NA,NA,NA,NA,NA,NA,NA,NA,0,0,1000,1.5013,0.602422461475668,1,20260709,1000
40,2,1,0,Inf,0.75,0,0.3,0,"fixed",6,0.2,0.3,0.1,"fixed_6",NA,NA,0,NA,NA,NA,NA,NA,NA,NA,NA,0,0,1000,1.494975,0.610003125588894,1,20260709,1000
60,2,1,0,Inf,0.75,0,0.3,0,"fixed",6,0.2,0.3,0.1,"fixed_6",NA,NA,0,NA,NA,NA,NA,NA,NA,NA,NA,0,0,1000,1.49745,0.611783496500709,1,20260709,1000
90,2,1,0,Inf,0.75,0,0.3,0,"fixed",6,0.2,0.3,0.1,"fixed_6",NA,NA,0,NA,NA,NA,NA,NA,NA,NA,NA,0,0,1000,1.50068888888889,0.609993579389682,1,20260709,1000
120,2,1,0,Inf,0.75,0,0.3,0,"fixed",6,0.2,0.3,0.1,"fixed_6",NA,NA,0,NA,NA,NA,NA,NA,NA,NA,NA,0,0,1000,1.49741666666667,0.61293454980154,1,20260709,1000
150,2,1,0,Inf,0.75,0,0.3,0,"fixed",6,0.2,0.3,0.1,"fixed_6",NA,NA,0,NA,NA,NA,NA,NA,NA,NA,NA,0,0,1000,1.50141333333333,0.612347798551323,1,20260709,1000
20,3,1,0,Inf,0.75,0,0.3,0,"fixed",6,0.2,0.3,0.1,"fixed_6",0.0668604651162791,0.0134672452899526,0.023,0.342857142857143,10.9495617575619,0.0271309746818634,0.271309746818634,0.577231054065233,0.577029624406757,0.898255813953488,1.96550399238683,0.344,344,1000,2.25475,0.738844859935376,1,20260709,1000
40,3,1,0,Inf,0.75,0,0.3,0,"fixed",6,0.2,0.3,0.1,"fixed_6",0.047970479704797,0.0129815811586619,0.013,0.235294117647059,8.76522758901235,-0.0157802386782892,-0.157802386782892,0.346396686429502,0.346116902682981,0.937269372693727,1.36233227386587,0.271,271,1000,2.246625,0.746983158503847,1,20260709,1000
60,3,1,0,Inf,0.75,0,0.3,0,"fixed",6,0.2,0.3,0.1,"fixed_6",0.0842105263157895,0.0201467136634982,0.016,0.0588235294117647,6.98748747961767,0.0225477969870117,0.225477969870117,0.291564523440218,0.291669083213277,0.921052631578947,1.07710382701897,0.19,190,1000,2.25135,0.747531858310467,1,20260709,1000
90,3,1,0,Inf,0.75,0,0.3,0,"fixed",6,0.2,0.3,0.1,"fixed_6",0.0769230769230769,0.0222832869039354,0.011,0,5.41278263660384,0.00440490404389383,0.0440490404389383,0.225277513045714,0.22453165980173,0.93006993006993,0.870827971733263,0.143,143,1000,2.24877777777778,0.747421869648535,1,20260709,1000
120,3,1,0,Inf,0.75,0,0.3,0,"fixed",6,0.2,0.3,0.1,"fixed_6",0.0961538461538462,0.0289077252157734,0.01,0.0909090909090909,4.54287532098678,-0.0117173571234748,-0.117173571234748,0.206473583703205,0.205812342892881,0.942307692307692,0.762085384796059,0.104,104,1000,2.2472,0.748699459352013,1,20260709,1000
150,3,1,0,Inf,0.75,0,0.3,0,"fixed",6,0.2,0.3,0.1,"fixed_6",0.0853658536585366,0.0308573675211874,0.007,0,3.92975750330034,0.00921540990181086,0.0921540990181086,0.161513151168561,0.160789594674723,0.975609756097561,0.690050775634625,0.082,82,1000,2.25043333333333,0.751422987091694,1,20260709,1000
20,4,1,0,Inf,0.75,0,0.3,0,"fixed",6,0.2,0.3,0.1,"fixed_6",0.0602006688963211,0.0137556979207458,0.018,0.25,9.3513974242831,0.0504147184099431,0.504147184099431,0.422954681415046,0.425245822828459,0.926421404682274,1.54219280178824,0.299,299,1000,2.99685,0.852531539186516,1,20260709,1000
40,4,1,0,Inf,0.75,0,0.3,0,"fixed",6,0.2,0.3,0.1,"fixed_6",0.0822784810126582,0.0218610011373511,0.013,0.133333333333333,6.34088944605809,0.00321941391535534,0.0321941391535534,0.273196173846969,0.272349285547342,0.943037974683544,1.05827876147959,0.158,158,1000,3.00015,0.861621723666613,1,20260709,1000
60,4,1,0,Inf,0.75,0,0.3,0,"fixed",6,0.2,0.3,0.1,"fixed_6",0.0898876404494382,0.0303181357346641,0.008,0,5.2670713346838,-0.00688365496688062,-0.0688365496688062,0.263484769900146,0.262090749960212,0.910112359550562,0.856487527820006,0.089,89,1000,2.99561666666667,0.864764875657976,1,20260709,1000
90,4,1,0,Inf,0.75,0,0.3,0,"fixed",6,0.2,0.3,0.1,"fixed_6",0.137254901960784,0.0481859132145892,0.007,0,4.83467073270669,0.0530733035841066,0.530733035841066,0.200561860557002,0.205555609990371,0.92156862745098,0.695327922121363,0.051,51,1000,2.99728888888889,0.865436159928302,1,20260709,1000
120,4,1,0,Inf,0.75,0,0.3,0,"fixed",6,0.2,0.3,0.1,"fixed_6",0.103448275862069,0.056552304164538,0.003,0,4.00184607338552,-0.00748709283650346,-0.0748709283650346,0.149868381861734,0.147451983172905,0.96551724137931,0.5979087226399,0.029,29,1000,2.99870833333333,0.864487164747903,1,20260709,1000
150,4,1,0,Inf,0.75,0,0.3,0,"fixed",6,0.2,0.3,0.1,"fixed_6",0.142857142857143,0.132260014253222,0.001,0,3.51739983554091,-0.036423415965742,-0.36423415965742,0.173222042286727,0.164456643100068,0.857142857142857,0.522124006968165,0.007,7,1000,2.99928,0.866140698082494,1,20260709,1000
20,5,1,0,Inf,0.75,0,0.3,0,"fixed",6,0.2,0.3,0.1,"fixed_6",0.110726643598616,0.018458431180549,0.032,0.2,7.59555854737813,0.030969697740445,0.30969697740445,0.370790799769328,0.371442068027377,0.88235294117647,1.24854562353651,0.289,289,1000,3.7527,0.947118936707175,1,20260709,1000
40,5,1,0,Inf,0.75,0,0.3,0,"fixed",6,0.2,0.3,0.1,"fixed_6",0.0757575757575758,0.0230313300239818,0.01,0.0909090909090909,5.02004016694879,-0.00985195541742974,-0.0985195541742974,0.224152657679559,0.223519206044525,0.924242424242424,0.874692697619295,0.132,132,1000,3.750875,0.9659030493726,1,20260709,1000
60,5,1,0,Inf,0.75,0,0.3,0,"fixed",6,0.2,0.3,0.1,"fixed_6",0.0714285714285714,0.0344151468449797,0.004,0,4.8080911943884,0.00604218183430683,0.0604218183430683,0.181619761400144,0.180092239314892,0.946428571428571,0.721551083793399,0.056,56,1000,3.75006666666667,0.964138454206372,1,20260709,1000
90,5,1,0,Inf,0.75,0,0.3,0,"fixed",6,0.2,0.3,0.1,"fixed_6",0.208333333333333,0.0828981693493981,0.005,0,3.49473300630338,-0.00528388299156586,-0.0528388299156586,0.171374528215606,0.167849427967082,0.958333333333333,0.587786238139726,0.024,24,1000,3.75466666666667,0.96237120796302,1,20260709,1000
120,5,1,0,Inf,0.75,0,0.3,0,"fixed",6,0.2,0.3,0.1,"fixed_6",0,0,0,NA,NA,0.00424095230751723,0.0424095230751723,0.0830020089272209,0.07588871401447,1,0.529969401981241,0.006,6,1000,3.74769166666667,0.963989437422776,1,20260709,1000
150,5,1,0,Inf,0.75,0,0.3,0,"fixed",6,0.2,0.3,0.1,"fixed_6",0.333333333333333,0.272165526975909,0.001,0,2.78392251415939,0.0447688762363825,0.447688762363825,0.115730534746485,0.10456237402275,1,0.446279833120962,0.003,3,1000,3.74861333333333,0.966022901114337,1,20260709,1000
20,6,1,0,Inf,0.75,0,0.3,0,"fixed",6,0.2,0.3,0.1,"fixed_6",0.0712250712250712,0.0137283432613339,0.025,0.107142857142857,6.38604724002324,0.0126076237479444,0.126076237479444,0.288380506005393,0.288245270378518,0.937321937321937,1.0878994804899,0.351,351,1000,4.4938,1.04906836700022,1,20260709,1000
40,6,1,0,Inf,0.75,0,0.3,0,"fixed",6,0.2,0.3,0.1,"fixed_6",0.0797546012269939,0.0212195367802024,0.013,0.1875,5.09385126746957,0.00989885725464817,0.0989885725464817,0.207941045038829,0.207538412623598,0.901840490797546,0.768541927010913,0.163,163,1000,4.4941,1.06059892548511,1,20260709,1000
60,6,1,0,Inf,0.75,0,0.3,0,"fixed",6,0.2,0.3,0.1,"fixed_6",0.0428571428571429,0.0242075573097285,0.003,0.25,3.55298841290914,-0.0262345571594084,-0.262345571594084,0.161695237331212,0.16266559798603,0.971428571428571,0.631194992969429,0.07,70,1000,4.49976666666667,1.05779331429236,1,20260709,1000
90,6,1,0,Inf,0.75,0,0.3,0,"fixed",6,0.2,0.3,0.1,"fixed_6",0.05,0.0487339717240448,0.001,0,2.50589584472241,-0.0300061631769129,-0.300061631769129,0.146661871929522,0.14606364801886,0.95,0.524382432016873,0.02,20,1000,4.50173333333333,1.05914564301965,1,20260709,1000
120,6,1,0,Inf,0.75,0,0.3,0,"fixed",6,0.2,0.3,0.1,"fixed_6",0.153846153846154,0.100068251628922,0.002,0,2.926397911511,0.0258000155364444,0.258000155364444,0.105070230534483,0.104193005285931,1,0.454705587805115,0.013,13,1000,4.49998333333333,1.06187693541841,1,20260709,1000
150,6,1,0,Inf,0.75,0,0.3,0,"fixed",6,0.2,0.3,0.1,"fixed_6",0.333333333333333,0.272165526975909,0.001,0,2.14469119740773,0.0616559468347903,0.616559468347903,0.0481535157729799,0.0731252111173721,1,0.379078017541806,0.003,3,1000,4.50190666666667,1.05774646418705,1,20260709,1000
20,7,1,0,Inf,0.75,0,0.3,0,"fixed",6,0.2,0.3,0.1,"fixed_6",0.0855949895615866,0.012782791743876,0.041,0.145833333333333,5.50226974157086,-0.00206436998043322,-0.0206436998043322,0.255593486687375,0.255334893548201,0.95615866388309,0.962429876186964,0.479,479,1000,5.2559,1.13368705751418,1,20260709,1000
40,7,1,0,Inf,0.75,0,0.3,0,"fixed",6,0.2,0.3,0.1,"fixed_6",0.116731517509728,0.0200296735443736,0.03,0.166666666666667,4.14060640320884,0.00366290048327066,0.0366290048327066,0.197409803693236,0.19705940916189,0.933852140077821,0.676097277316776,0.257,257,1000,5.25145,1.13853329317944,1,20260709,1000
60,7,1,0,Inf,0.75,0,0.3,0,"fixed",6,0.2,0.3,0.1,"fixed_6",0.0748299319727891,0.0217015020724901,0.011,0.214285714285714,3.57083002785979,0.000825879804730062,0.00825879804730062,0.138619264780451,0.138149434726777,0.952380952380952,0.551646587871293,0.147,147,1000,5.24761666666667,1.14143415089969,1,20260709,1000
90,7,1,0,Inf,0.75,0,0.3,0,"fixed",6,0.2,0.3,0.1,"fixed_6",0.181818181818182,0.047475724351554,0.012,0.0769230769230769,2.81581665597078,0.00378430272244316,0.0378430272244316,0.117920801423517,0.117085224338356,0.93939393939394,0.446668821510587,0.066,66,1000,5.25775555555556,1.14390605159901,1,20260709,1000
120,7,1,0,Inf,0.75,0,0.3,0,"fixed",6,0.2,0.3,0.1,"fixed_6",0.181818181818182,0.0671408132614542,0.006,0,2.56423656118923,0.015763288458198,0.15763288458198,0.107845918270543,0.107362826996616,0.93939393939394,0.390012130582323,0.033,33,1000,5.24760833333333,1.14576932202739,1,20260709,1000
150,7,1,0,Inf,0.75,0,0.3,0,"fixed",6,0.2,0.3,0.1,"fixed_6",0.238095238095238,0.0929428640903365,0.005,0,2.43356792175205,0.0321207512641273,0.321207512641273,0.0858915689005547,0.0897652568438754,0.904761904761905,0.347790245131429,0.021,21,1000,5.24564,1.14554326403842,1,20260709,1000
20,8,1,0,Inf,0.75,0,0.3,0,"fixed",6,0.2,0.3,0.1,"fixed_6",0.0717628705148206,0.0101941343853361,0.046,0.178571428571429,5.19703463535787,-0.00302758103766795,-0.0302758103766795,0.230718862303004,0.230558703340026,0.940717628705148,0.873926772698754,0.641,641,1000,5.9987,1.20297034327472,1,20260709,1000
40,8,1,0,Inf,0.75,0,0.3,0,"fixed",6,0.2,0.3,0.1,"fixed_6",0.0706401766004415,0.0120383990166327,0.032,0.0303030303030303,3.89349679975894,0.00973294781172032,0.0973294781172032,0.148424056840931,0.148579272566754,0.962472406181015,0.616306212704628,0.453,453,1000,5.990275,1.21616771127405,1,20260709,1000
60,8,1,0,Inf,0.75,0,0.3,0,"fixed",6,0.2,0.3,0.1,"fixed_6",0.101648351648352,0.0158388141497091,0.037,0.0263157894736842,3.01514031898471,-0.00584134582312831,-0.0584134582312831,0.123795920692263,0.123763679936623,0.953296703296703,0.501216856756821,0.364,364,1000,5.99538333333333,1.22221938905083,1,20260709,1000
90,8,1,0,Inf,0.75,0,0.3,0,"fixed",6,0.2,0.3,0.1,"fixed_6",0.179282868525896,0.024211923043127,0.045,0,2.82101815867239,0.0181109476776069,0.181109476776069,0.112006601203648,0.113240907591157,0.908366533864542,0.410673360668165,0.251,251,1000,6.00286666666667,1.22378553725416,1,20260709,1000
120,8,1,0,Inf,0.75,0,0.3,0,"fixed",6,0.2,0.3,0.1,"fixed_6",0.215909090909091,0.0310143254447826,0.038,0,2.29864220677251,0.000381938477123825,0.00381938477123825,0.0935319867734377,0.0932666744342623,0.9375,0.35646843287458,0.176,176,1000,5.99243333333333,1.21913038376563,1,20260709,1000
150,8,1,0,Inf,0.75,0,0.3,0,"fixed",6,0.2,0.3,0.1,"fixed_6",0.290076335877863,0.0396484605210734,0.038,0,2.03071636048377,0.00610439232636184,0.0610439232636184,0.0863159402781617,0.0862022711544699,0.938931297709924,0.315780766587734,0.131,131,1000,5.99706,1.2229628235124,1,20260709,1000
20,1,2,0,Inf,0.75,0,0.3,0,"fixed",6,0.2,0.3,0.1,"fixed_6",NA,NA,0,NA,NA,NA,NA,NA,NA,NA,NA,0,0,1000,1.50575,0.604980834968621,1,20260709,1000
40,1,2,0,Inf,0.75,0,0.3,0,"fixed",6,0.2,0.3,0.1,"fixed_6",NA,NA,0,NA,NA,NA,NA,NA,NA,NA,NA,0,0,1000,1.492825,0.612365405741317,1,20260709,1000
60,1,2,0,Inf,0.75,0,0.3,0,"fixed",6,0.2,0.3,0.1,"fixed_6",NA,NA,0,NA,NA,NA,NA,NA,NA,NA,NA,0,0,1000,1.49798333333333,0.610000717512352,1,20260709,1000
90,1,2,0,Inf,0.75,0,0.3,0,"fixed",6,0.2,0.3,0.1,"fixed_6",NA,NA,0,NA,NA,NA,NA,NA,NA,NA,NA,0,0,1000,1.49926666666667,0.612289229363189,1,20260709,1000
120,1,2,0,Inf,0.75,0,0.3,0,"fixed",6,0.2,0.3,0.1,"fixed_6",NA,NA,0,NA,NA,NA,NA,NA,NA,NA,NA,0,0,1000,1.50369166666667,0.610725715641953,1,20260709,1000
150,1,2,0,Inf,0.75,0,0.3,0,"fixed",6,0.2,0.3,0.1,"fixed_6",NA,NA,0,NA,NA,NA,NA,NA,NA,NA,NA,0,0,1000,1.49792666666667,0.612674223993659,1,20260709,1000
20,2,2,0,Inf,0.75,0,0.3,0,"fixed",6,0.2,0.3,0.1,"fixed_6",0.0631229235880399,0.0140168882601478,0.019,0.24,11.0242261880116,-0.00605975267883108,-0.0605975267883108,0.451347231731637,0.450637606532799,0.93687707641196,1.54935003793699,0.301,301,1000,2.99555,0.859643303463879,1,20260709,1000
40,2,2,0,Inf,0.75,0,0.3,0,"fixed",6,0.2,0.3,0.1,"fixed_6",0.0728476821192053,0.0211492484686456,0.011,0.153846153846154,5.806033412267,0.0111363536731445,0.111363536731445,0.277216734779351,0.276521611919015,0.940397350993378,1.04857629339185,0.151,151,1000,3.002825,0.861536748592503,1,20260709,1000
60,2,2,0,Inf,0.75,0,0.3,0,"fixed",6,0.2,0.3,0.1,"fixed_6",0.09375,0.0297491136947809,0.009,0.1,5.54630242795129,-0.017364854310596,-0.17364854310596,0.24789165310744,0.247207813082227,0.9375,0.849760003682793,0.096,96,1000,3.0034,0.866567999049097,1,20260709,1000
90,2,2,0,Inf,0.75,0,0.3,0,"fixed",6,0.2,0.3,0.1,"fixed_6",0.0638297872340425,0.0356566204934635,0.003,0.25,4.27509821065914,0.0015217266680249,0.015217266680249,0.18866367159602,0.186652023530113,0.936170212765957,0.706224697318798,0.047,47,1000,2.99731111111111,0.863145435424887,1,20260709,1000
120,2,2,0,Inf,0.75,0,0.3,0,"fixed",6,0.2,0.3,0.1,"fixed_6",0,0,0,NA,NA,0.0266295109477001,0.266295109477001,0.111945512558873,0.112166663189483,1,0.600040499815973,0.019,19,1000,3.00468333333333,0.861740539311723,1,20260709,1000
150,2,2,0,Inf,0.75,0,0.3,0,"fixed",6,0.2,0.3,0.1,"fixed_6",0,0,0,NA,NA,0.00296084787101669,0.0296084787101669,0.0838479915476339,0.0791080731050984,1,0.507730671420746,0.009,9,1000,3.00091333333333,0.864516440983894,1,20260709,1000
20,3,2,0,Inf,0.75,0,0.3,0,"fixed",6,0.2,0.3,0.1,"fixed_6",0.0785498489425982,0.0147874947345638,0.026,0.297297297297297,6.13518782774577,0.00974178951834616,0.0974178951834616,0.308379210177545,0.308067095598575,0.915407854984894,1.07525155112276,0.331,331,1000,4.50025,1.0409232060143,1,20260709,1000
40,3,2,0,Inf,0.75,0,0.3,0,"fixed",6,0.2,0.3,0.1,"fixed_6",0.108433734939759,0.0241326479938988,0.018,0.181818181818182,5.02123896888181,0.0137376692452225,0.137376692452225,0.217860512487362,0.21763732112968,0.921686746987952,0.757657011398612,0.166,166,1000,4.513275,1.05144084160587,1,20260709,1000
60,3,2,0,Inf,0.75,0,0.3,0,"fixed",6,0.2,0.3,0.1,"fixed_6",0.1,0.0358568582800318,0.007,0.125,3.7465845991304,5.75018179912595e-05,0.000575018179912595,0.167158134318293,0.165959862634547,0.928571428571429,0.625133687324077,0.07,70,1000,4.50455,1.05374763231705,1,20260709,1000
90,3,2,0,Inf,0.75,0,0.3,0,"fixed",6,0.2,0.3,0.1,"fixed_6",0.178571428571429,0.0723788824444444,0.005,0,3.61275602251631,0.0363240850427437,0.363240850427437,0.156439650317609,0.157856753496844,0.928571428571429,0.527563570548825,0.028,28,1000,4.50444444444444,1.0583516073609,1,20260709,1000
120,3,2,0,Inf,0.75,0,0.3,0,"fixed",6,0.2,0.3,0.1,"fixed_6",0,0,0,NA,NA,0.00142447656891584,0.0142447656891584,0.067024768006236,0.061201541963719,1,0.464207947137999,0.006,6,1000,4.5017,1.05880249776995,1,20260709,1000
150,3,2,0,Inf,0.75,0,0.3,0,"fixed",6,0.2,0.3,0.1,"fixed_6",0.333333333333333,0.272165526975909,0.001,0,2.93515141657615,0.0123606539649465,0.123606539649465,0.186002942251051,0.15237294855214,1,0.39971933944064,0.003,3,1000,4.50322666666667,1.05800421611868,1,20260709,1000
20,4,2,0,Inf,0.75,0,0.3,0,"fixed",6,0.2,0.3,0.1,"fixed_6",0.0769230769230769,0.0106673114658698,0.048,0.0943396226415094,5.14371280852933,0.00649530141020496,0.0649530141020496,0.230327960277608,0.230234968341192,0.942307692307692,0.870730282054507,0.624,624,1000,6.00135,1.20479712534575,1,20260709,1000
40,4,2,0,Inf,0.75,0,0.3,0,"fixed",6,0.2,0.3,0.1,"fixed_6",0.102974828375286,0.014538752216404,0.045,0.0625,4.000275541654,0.00864372416126634,0.0864372416126634,0.167877300588856,0.167907744057667,0.938215102974828,0.617717764340964,0.437,437,1000,5.996,1.21917554889931,1,20260709,1000
60,4,2,0,Inf,0.75,0,0.3,0,"fixed",6,0.2,0.3,0.1,"fixed_6",0.171348314606742,0.0199710513589671,0.061,0.0161290322580645,3.26099160751027,0.0204310676595043,0.204310676595043,0.13876773533603,0.140070773710174,0.932584269662921,0.503173782504417,0.356,356,1000,6.0032,1.22329237468812,1,20260709,1000
90,4,2,0,Inf,0.75,0,0.3,0,"fixed",6,0.2,0.3,0.1,"fixed_6",0.188,0.0247108073522497,0.047,0.0208333333333333,2.54301049581181,0.0087723406761282,0.087723406761282,0.108027781678098,0.108167812073517,0.944,0.40798808527677,0.25,250,1000,6.00293333333333,1.2224591431615,1,20260709,1000
120,4,2,0,Inf,0.75,0,0.3,0,"fixed",6,0.2,0.3,0.1,"fixed_6",0.212290502793296,0.030564817582285,0.038,0.0256410256410256,2.31138421231614,0.0120669860782273,0.120669860782273,0.0932667461841496,0.093785404439772,0.955307262569832,0.35600816647591,0.179,179,1000,5.99489166666667,1.22497225507882,1,20260709,1000
150,4,2,0,Inf,0.75,0,0.3,0,"fixed",6,0.2,0.3,0.1,"fixed_6",0.286713286713287,0.0378170770186331,0.041,0,2.09711904269704,0.0161207547310104,0.161207547310104,0.0795325603457238,0.0808769010590842,0.965034965034965,0.316619832098113,0.143,143,1000,5.99574666666667,1.22259803334003,1,20260709,1000
20,5,2,0,Inf,0.75,0,0.3,0,"fixed",6,0.2,0.3,0.1,"fixed_6",0.0764840182648402,0.00897956922615629,0.067,0.0694444444444444,4.65299491833952,0.00786324881734878,0.0786324881734878,0.192561207123814,0.192611839228602,0.954337899543379,0.755695590251062,0.876,876,1000,7.5044,1.3622386274147,0.94195,20260709,1000
40,5,2,0,Inf,0.75,0,0.3,0,"fixed",6,0.2,0.3,0.1,"fixed_6",0.108391608391608,0.0106130756546199,0.093,0.0412371134020619,3.25426742357201,-0.00262372599147359,-0.0262372599147359,0.134469704945159,0.134416928902901,0.967365967365967,0.531709135681245,0.858,858,1000,7.503225,1.35933190852095,0.943325,20260709,1000
60,5,2,0,Inf,0.75,0,0.3,0,"fixed",6,0.2,0.3,0.1,"fixed_6",0.130994152046784,0.011538629966022,0.112,0.00884955752212389,2.73804220187591,-0.00329656183685643,-0.0329656183685643,0.1073199873693,0.107307856913897,0.955555555555556,0.43149014939818,0.855,855,1000,7.50081666666667,1.36982348783114,0.94245,20260709,1000
90,5,2,0,Inf,0.75,0,0.3,0,"fixed",6,0.2,0.3,0.1,"fixed_6",0.19672131147541,0.0136028494865292,0.168,0,2.24171951824877,0.000130879277416784,0.00130879277416784,0.0872599750291424,0.0872089692951413,0.955503512880562,0.353342870143846,0.854,854,1000,7.49735555555556,1.36689401813544,0.944533333333333,20260709,1000
120,5,2,0,Inf,0.75,0,0.3,0,"fixed",6,0.2,0.3,0.1,"fixed_6",0.259977194982896,0.0148112046199446,0.228,0,1.99923984004751,0.00273358664344724,0.0273358664344724,0.0801724194265469,0.0801733137462118,0.941847206385405,0.306359739342365,0.877,877,1000,7.50024166666667,1.36027475652894,0.944516666666667,20260709,1000
150,5,2,0,Inf,0.75,0,0.3,0,"fixed",6,0.2,0.3,0.1,"fixed_6",0.31496062992126,0.0155788365400783,0.28,0.00709219858156028,1.79728504967009,0.0023671958062511,0.023671958062511,0.0686143214110635,0.0686165647997227,0.960629921259842,0.273816901192747,0.889,889,1000,7.49936,1.3652916610461,0.94314,20260709,1000
20,6,2,0,Inf,0.75,0,0.3,0,"fixed",6,0.2,0.3,0.1,"fixed_6",0.0910951893551689,0.00920575983594667,0.089,0.0824742268041237,4.00529797343457,0.00493609538093805,0.0493609538093805,0.170806708638357,0.170790617428084,0.953940634595701,0.66718627927989,0.977,977,1000,8.99485,1.47690195638218,0.6125,20260709,1000
40,6,2,0,Inf,0.75,0,0.3,0,"fixed",6,0.2,0.3,0.1,"fixed_6",0.136501516683519,0.0109169515325952,0.135,0.0357142857142857,2.91024763909369,-0.000907705400091455,-0.00907705400091455,0.121004320136716,0.12094653579767,0.949443882709808,0.471112701049059,0.989,989,1000,9.010875,1.48610835607639,0.606,20260709,1000
60,6,2,0,Inf,0.75,0,0.3,0,"fixed",6,0.2,0.3,0.1,"fixed_6",0.192540322580645,0.0125188787582634,0.191,0.0154639175257732,2.38528462353394,0.00294984473076136,0.0294984473076136,0.0976643235103381,0.0976596458556178,0.953629032258065,0.384033625660554,0.992,992,1000,8.9871,1.49353173559504,0.614066666666667,20260709,1000
90,6,2,0,Inf,0.75,0,0.3,0,"fixed",6,0.2,0.3,0.1,"fixed_6",0.231231231231231,0.0133394636408195,0.231,0.00858369098712446,2.02827698243931,-0.000879934133320673,-0.00879934133320673,0.0787101833351765,0.0786756998715674,0.954954954954955,0.31234522379236,0.999,999,1000,8.99641111111111,1.5003778530604,0.610155555555556,20260709,1000
120,6,2,0,Inf,0.75,0,0.3,0,"fixed",6,0.2,0.3,0.1,"fixed_6",0.315315315315315,0.0147006011753886,0.315,0,1.79233187263987,0.00197016057981322,0.0197016057981322,0.0681071123878683,0.0681015203100796,0.962962962962963,0.270927331648098,0.999,999,1000,9.00073333333333,1.49444711101685,0.608341666666667,20260709,1000
150,6,2,0,Inf,0.75,0,0.3,0,"fixed",6,0.2,0.3,0.1,"fixed_6",0.362,0.0151972365909069,0.362,0,1.60701503010483,-0.000466067702146647,-0.00466067702146647,0.0594996297358589,0.0594716987471233,0.956,0.242083521619449,1,1000,1000,8.99701333333333,1.499514300992,0.609246666666667,20260709,1000
20,7,2,0,Inf,0.75,0,0.3,0,"fixed",6,0.2,0.3,0.1,"fixed_6",0.0820820820820821,0.00868447084842073,0.082,0.0786516853932584,3.62718164757722,-0.00936680990406294,-0.0936680990406294,0.152814085949749,0.153024528988169,0.951951951951952,0.605163960813844,0.999,999,1000,10.50115,1.59556927594198,0.25825,20260709,1000
40,7,2,0,Inf,0.75,0,0.3,0,"fixed",6,0.2,0.3,0.1,"fixed_6",0.151,0.0113224997240009,0.151,0.0130718954248366,2.69201106364705,0.0017255895455775,0.017255895455775,0.110688889537537,0.110646987740588,0.948,0.425601893902027,1,1000,1000,10.505225,1.59885988030452,0.257275,20260709,1000
60,7,2,0,Inf,0.75,0,0.3,0,"fixed",6,0.2,0.3,0.1,"fixed_6",0.216,0.0130132240432569,0.216,0.00460829493087558,2.27190272092622,0.00318537435329874,0.0318537435329874,0.0901451349207429,0.090156340954476,0.948,0.348203332309006,1,1000,1000,10.4981833333333,1.61465349277474,0.257983333333333,20260709,1000
90,7,2,0,Inf,0.75,0,0.3,0,"fixed",6,0.2,0.3,0.1,"fixed_6",0.279,0.0141830532678969,0.279,0,1.86352706695772,0.000227926847956347,0.00227926847956347,0.0713255942227888,0.0712902868663798,0.948,0.283848993173813,1,1000,1000,10.4991222222222,1.61581597088184,0.258566666666667,20260709,1000
120,7,2,0,Inf,0.75,0,0.3,0,"fixed",6,0.2,0.3,0.1,"fixed_6",0.352,0.0151028474136502,0.352,0.0028328611898017,1.66516575407427,0.000362321045401737,0.00362321045401737,0.0629142462328235,0.0628838250522759,0.946,0.245271164775024,1,1000,1000,10.50475,1.61915324076025,0.25795,20260709,1000
150,7,2,0,Inf,0.75,0,0.3,0,"fixed",6,0.2,0.3,0.1,"fixed_6",0.429,0.0156511660907422,0.429,0.00232558139534884,1.51628571440257,0.00075223191271645,0.0075223191271645,0.0555434013659192,0.0555207188237942,0.95,0.219117282792293,1,1000,1000,10.4981466666667,1.6153319803746,0.259386666666667,20260709,1000
20,8,2,0,Inf,0.75,0,0.3,0,"fixed",6,0.2,0.3,0.1,"fixed_6",0.113,0.0100115433375679,0.113,0.0583333333333333,3.5093518146334,0.00169794955873656,0.0169794955873656,0.144477431308236,0.144415156621362,0.942,0.557922367449422,1,1000,1000,11.9996,1.7245012727232,0.0811,20260709,1000
40,8,2,0,Inf,0.75,0,0.3,0,"fixed",6,0.2,0.3,0.1,"fixed_6",0.17,0.0118785521003193,0.17,0.0229885057471264,2.55110289773989,0.000261653054106525,0.00261653054106525,0.104668874771925,0.10461685444992,0.931,0.39285548289664,1,1000,1000,12.0125,1.72117639534303,0.079275,20260709,1000
60,8,2,0,Inf,0.75,0,0.3,0,"fixed",6,0.2,0.3,0.1,"fixed_6",0.226,0.0132258837133857,0.226,0,2.06258267501901,0.00212628104736437,0.0212628104736437,0.0778211930235597,0.0778113296160586,0.959,0.320172337393789,1,1000,1000,12.0106833333333,1.72446901518419,0.0773166666666667,20260709,1000
90,8,2,0,Inf,0.75,0,0.3,0,"fixed",6,0.2,0.3,0.1,"fixed_6",0.318,0.0147267104269759,0.318,0,1.74202664862437,8.34406105622437e-05,0.000834406105622437,0.0658733386673061,0.0658404466324912,0.961,0.261430244195159,1,1000,1000,12.0044,1.73017090762898,0.0794666666666667,20260709,1000
120,8,2,0,Inf,0.75,0,0.3,0,"fixed",6,0.2,0.3,0.1,"fixed_6",0.409,0.0155473148807117,0.409,0,1.53272252039146,0.000754986567968685,0.00754986567968685,0.0556272644525945,0.0556045696201869,0.948,0.226063890063799,1,1000,1000,11.9971083333333,1.73007378362996,0.0802333333333333,20260709,1000
150,8,2,0,Inf,0.75,0,0.3,0,"fixed",6,0.2,0.3,0.1,"fixed_6",0.497,0.015811103693291,0.497,0,1.42070149799316,0.0020650813622644,0.020650813622644,0.0495840448427976,0.0496022528369667,0.959,0.202118196123058,1,1000,1000,12.00386,1.7281782698527,0.07846,20260709,1000
20,1,4,0,Inf,0.75,0,0.3,0,"fixed",6,0.2,0.3,0.1,"fixed_6",0.0711974110032362,0.0146289976330066,0.022,0.3125,9.49888935855808,-0.0251507056668384,-0.251507056668384,0.449506295618212,0.449482552692798,0.922330097087379,1.52287456081264,0.309,309,1000,3.00495,0.854683661569037,1,20260709,1000
40,1,4,0,Inf,0.75,0,0.3,0,"fixed",6,0.2,0.3,0.1,"fixed_6",0.0779220779220779,0.0215999981503101,0.012,0.0769230769230769,6.79426217415234,0.0258698209485619,0.258698209485619,0.286792681750077,0.287028219444552,0.941558441558442,1.06415368749904,0.154,154,1000,2.997925,0.859329412408082,1,20260709,1000
60,1,4,0,Inf,0.75,0,0.3,0,"fixed",6,0.2,0.3,0.1,"fixed_6",0.15,0.0399217985566783,0.012,0,5.61049069803191,0.103258849050201,1.03258849050201,0.225387176350887,0.246630851536877,0.9,0.846110312243759,0.08,80,1000,2.99455,0.86558809870244,1,20260709,1000
90,1,4,0,Inf,0.75,0,0.3,0,"fixed",6,0.2,0.3,0.1,"fixed_6",0.137254901960784,0.0481859132145892,0.007,0,3.86671006740512,0.0300182010588342,0.300182010588342,0.176396108990389,0.177218989127869,0.96078431372549,0.6863355969286,0.051,51,1000,3.00705555555556,0.861883435310976,1,20260709,1000
120,1,4,0,Inf,0.75,0,0.3,0,"fixed",6,0.2,0.3,0.1,"fixed_6",0.142857142857143,0.0763603548321213,0.003,0,3.80089239826173,-0.00372234538530707,-0.0372234538530707,0.178048516607071,0.17379742700135,0.904761904761905,0.601286258043286,0.021,21,1000,2.9991,0.866763652121317,1,20260709,1000
150,1,4,0,Inf,0.75,0,0.3,0,"fixed",6,0.2,0.3,0.1,"fixed_6",0,0,0,NA,NA,0.0257277028890305,0.257277028890305,0.0867281663697457,0.0879842724250522,1,0.531530699625114,0.017,17,1000,3.00264,0.864132850801052,1,20260709,1000
20,2,4,0,Inf,0.75,0,0.3,0,"fixed",6,0.2,0.3,0.1,"fixed_6",0.0859504132231405,0.0113954420125334,0.052,0.0188679245283019,5.31938889162173,0.00928675874364289,0.0928675874364289,0.231873949646758,0.231868289704651,0.943801652892562,0.868243413467545,0.605,605,1000,6.00085,1.21331897569571,1,20260709,1000
40,2,4,0,Inf,0.75,0,0.3,0,"fixed",6,0.2,0.3,0.1,"fixed_6",0.131914893617021,0.0156091458773123,0.062,0.0461538461538462,3.84430919325316,0.0190053626169508,0.190053626169508,0.161026487043921,0.16197396125965,0.934042553191489,0.612625369307502,0.47,470,1000,6.013,1.21061506454133,1,20260709,1000
60,2,4,0,Inf,0.75,0,0.3,0,"fixed",6,0.2,0.3,0.1,"fixed_6",0.164772727272727,0.0197730501006704,0.058,0.0491803278688525,3.07098913319316,0.00918257698805294,0.0918257698805294,0.134534992835779,0.134657211157145,0.951704545454545,0.504524577376061,0.352,352,1000,6.00433333333333,1.22041928966391,1,20260709,1000
90,2,4,0,Inf,0.75,0,0.3,0,"fixed",6,0.2,0.3,0.1,"fixed_6",0.183908045977011,0.0239800265388578,0.048,0,2.52741530084319,-0.00261327431073237,-0.0261327431073237,0.11110199387091,0.110919739248244,0.934865900383142,0.412516241528182,0.261,261,1000,5.99815555555556,1.22489918774012,1,20260709,1000
120,2,4,0,Inf,0.75,0,0.3,0,"fixed",6,0.2,0.3,0.1,"fixed_6",0.181818181818182,0.0310801572162649,0.028,0,2.4806075575197,-0.00176342057095433,-0.0176342057095433,0.0947567591187776,0.0944650669448263,0.948051948051948,0.353202501384679,0.154,154,1000,6.00208333333333,1.22234821834225,1,20260709,1000
150,2,4,0,Inf,0.75,0,0.3,0,"fixed",6,0.2,0.3,0.1,"fixed_6",0.265625,0.0390380783033334,0.034,0,1.99006770757536,0.0040457777721192,0.040457777721192,0.0818627311058715,0.0816426331058425,0.953125,0.317936867964402,0.128,128,1000,6.00176666666667,1.22464117528126,1,20260709,1000
20,3,4,0,Inf,0.75,0,0.3,0,"fixed",6,0.2,0.3,0.1,"fixed_6",0.0935910478128179,0.00928971710704412,0.092,0.123809523809524,4.09111992000963,0.00462903151379715,0.0462903151379715,0.174818688153598,0.174791051129567,0.944048830111902,0.668672632567787,0.983,983,1000,8.99815,1.47417245305442,0.6113,20260709,1000
40,3,4,0,Inf,0.75,0,0.3,0,"fixed",6,0.2,0.3,0.1,"fixed_6",0.123857868020305,0.0104961726913803,0.122,0,2.88075232779128,-9.1745377190755e-05,-0.00091745377190755,0.117302175253004,0.117242651777735,0.958375634517767,0.471000590959302,0.985,985,1000,8.99555,1.49160209157118,0.6112,20260709,1000
60,3,4,0,Inf,0.75,0,0.3,0,"fixed",6,0.2,0.3,0.1,"fixed_6",0.176529588766299,0.0120749453818319,0.176,0,2.42458169686203,-0.00312239401218961,-0.0312239401218961,0.100476245909137,0.100474372268793,0.930792377131394,0.38283724978225,0.997,997,1000,9.00126666666667,1.49808499777167,0.608083333333333,20260709,1000
90,3,4,0,Inf,0.75,0,0.3,0,"fixed",6,0.2,0.3,0.1,"fixed_6",0.250501002004008,0.0137159215149769,0.25,0,2.06643424087768,0.00137846056949428,0.0137846056949428,0.082495707315082,0.0824658880924213,0.94188376753507,0.312372767652456,0.998,998,1000,8.99131111111111,1.49583155792949,0.6096,20260709,1000
120,3,4,0,Inf,0.75,0,0.3,0,"fixed",6,0.2,0.3,0.1,"fixed_6",0.311,0.0146382717559144,0.311,0,1.79293146138676,0.00129323371554235,0.0129323371554235,0.0686837632902941,0.0686615928581652,0.951,0.270209451059601,1,1000,1000,9.00295833333333,1.49839682071317,0.607766666666667,20260709,1000
150,3,4,0,Inf,0.75,0,0.3,0,"fixed",6,0.2,0.3,0.1,"fixed_6",0.377,0.0153255016231117,0.377,0,1.64782158105989,0.00199361215983267,0.0199361215983267,0.0620036297734045,0.0620046784074893,0.949,0.242138274577608,1,1000,1000,8.99802666666667,1.49870911061314,0.61004,20260709,1000
20,4,4,0,Inf,0.75,0,0.3,0,"fixed",6,0.2,0.3,0.1,"fixed_6",0.103,0.0096120237203203,0.103,0.00961538461538462,3.46107032121514,-0.000385903623761216,-0.00385903623761216,0.143594959118814,0.14352366248691,0.943,0.55581093154718,1,1000,1000,11.99855,1.70019334947563,0.07985,20260709,1000
40,4,4,0,Inf,0.75,0,0.3,0,"fixed",6,0.2,0.3,0.1,"fixed_6",0.169,0.0118506961820815,0.169,0.0116959064327485,2.54336303317373,-0.00235681099499889,-0.0235681099499889,0.103192269898435,0.103167584445361,0.942,0.393672736714278,1,1000,1000,12.000275,1.72196884341986,0.079175,20260709,1000
60,4,4,0,Inf,0.75,0,0.3,0,"fixed",6,0.2,0.3,0.1,"fixed_6",0.252,0.013729384545565,0.252,0,2.03426130855286,0.000467828766636993,0.00467828766636993,0.0811584638822264,0.0811192235368277,0.955,0.319926589086663,1,1000,1000,11.9946833333333,1.73174946862446,0.0818166666666667,20260709,1000
90,4,4,0,Inf,0.75,0,0.3,0,"fixed",6,0.2,0.3,0.1,"fixed_6",0.325,0.0148113132435986,0.325,0.00611620795107034,1.735033050092,3.71440779157323e-05,0.000371440779157323,0.0678655434495743,0.0678316123603212,0.94,0.261584533985242,1,1000,1000,12.0025,1.729730217016,0.0791222222222222,20260709,1000
120,4,4,0,Inf,0.75,0,0.3,0,"fixed",6,0.2,0.3,0.1,"fixed_6",0.424,0.0156276677722557,0.424,0,1.54483597521874,0.00191026023872087,0.0191026023872087,0.0578529303006199,0.0578555414545889,0.95,0.225986681046884,1,1000,1000,11.9970416666667,1.72992605070461,0.080425,20260709,1000
150,4,4,0,Inf,0.75,0,0.3,0,"fixed",6,0.2,0.3,0.1,"fixed_6",0.481,0.0157999683543987,0.481,0,1.4034934646735,-0.00144618097291237,-0.0144618097291237,0.0505697312910724,0.0505651249828855,0.948,0.20238867089432,1,1000,1000,11.9962733333333,1.72795718402693,0.0792,20260709,1000
20,5,4,0,Inf,0.75,0,0.3,0,"fixed",6,0.2,0.3,0.1,"fixed_6",0.118,0.0102017645532525,0.118,0.040650406504065,3.00296905845883,-0.00406255770089495,-0.0406255770089495,0.124345189099854,0.124349381587925,0.96,0.488280712305386,1,1000,1000,15.01925,1.91677168936544,0.00385,20260709,1000
40,5,4,0,Inf,0.75,0,0.3,0,"fixed",6,0.2,0.3,0.1,"fixed_6",0.209,0.0128576436410409,0.209,0.00476190476190476,2.18470159857966,-0.00104588118573071,-0.0104588118573071,0.08723974607188,0.087202387518038,0.955,0.344615127297739,1,1000,1000,14.99885,1.91750143356424,0.004075,20260709,1000
60,5,4,0,Inf,0.75,0,0.3,0,"fixed",6,0.2,0.3,0.1,"fixed_6",0.276,0.0141359117144951,0.276,0,1.8088710040967,-0.00326136236312821,-0.0326136236312821,0.0696485296151592,0.0696900512579793,0.956,0.281021045240484,1,1000,1000,15.0039166666667,1.9242818985204,0.00386666666666667,20260709,1000
90,5,4,0,Inf,0.75,0,0.3,0,"fixed",6,0.2,0.3,0.1,"fixed_6",0.433,0.0156687906361659,0.433,0,1.53502305047006,0.00173746724627234,0.0173746724627234,0.0570733879305579,0.0570712977835089,0.962,0.229117588748116,1,1000,1000,15.0151888888889,1.92433827742657,0.00398888888888889,20260709,1000
120,5,4,0,Inf,0.75,0,0.3,0,"fixed",6,0.2,0.3,0.1,"fixed_6",0.499,0.0158113566780337,0.499,0,1.3869872382561,-0.00180461487263561,-0.0180461487263561,0.0508204093205467,0.0508270393033368,0.95,0.19818921171726,1,1000,1000,15.002725,1.92932412394171,0.00391666666666667,20260709,1000
150,5,4,0,Inf,0.75,0,0.3,0,"fixed",6,0.2,0.3,0.1,"fixed_6",0.63,0.0152676127799994,0.63,0,1.30939148639533,0.00258135480227942,0.0258135480227942,0.0473734646095527,0.0474200832620386,0.935,0.177287360188085,1,1000,1000,15.0009333333333,1.9318028631939,0.00391333333333333,20260709,1000
20,6,4,0,Inf,0.75,0,0.3,0,"fixed",6,0.2,0.3,0.1,"fixed_6",0.159,0.0115636931816786,0.159,0,2.75940569491595,0.00678058956683521,0.0678058956683521,0.110955036312041,0.111106640025686,0.948,0.441212566137154,1,1000,1000,17.9947,2.09558440871026,9.99999999999992e-05,20260709,1000
40,6,4,0,Inf,0.75,0,0.3,0,"fixed",6,0.2,0.3,0.1,"fixed_6",0.259,0.0138534833164804,0.259,0,1.98681721149773,-0.00223345368630005,-0.0223345368630005,0.0807770086144565,0.0807674966242493,0.945,0.310339867741762,1,1000,1000,18.01265,2.11939765545389,0.00015,20260709,1000
60,6,4,0,Inf,0.75,0,0.3,0,"fixed",6,0.2,0.3,0.1,"fixed_6",0.345,0.0150324648677454,0.345,0,1.68447717437148,0.000175009536563783,0.00175009536563783,0.064567185568471,0.0645351312009128,0.951,0.25274647000963,1,1000,1000,18.0005,2.11815147905855,1e-04,20260709,1000
90,6,4,0,Inf,0.75,0,0.3,0,"fixed",6,0.2,0.3,0.1,"fixed_6",0.457,0.0157528092732693,0.457,0,1.45097272524674,-0.00068689999191035,-0.0068689999191035,0.0519604330606754,0.0519389887160692,0.957,0.20659998925822,1,1000,1000,17.9927444444444,2.10883491819478,7.77777777777778e-05,20260709,1000
120,6,4,0,Inf,0.75,0,0.3,0,"fixed",6,0.2,0.3,0.1,"fixed_6",0.577,0.0156227718411299,0.577,0,1.3177505084575,0.000349968068336259,0.00349968068336259,0.0460188346837446,0.0459971508916914,0.945,0.178881435452245,1,1000,1000,18.0062,2.1111915478946,7.49999999999999e-05,20260709,1000
150,6,4,0,Inf,0.75,0,0.3,0,"fixed",6,0.2,0.3,0.1,"fixed_6",0.688,0.0146511433000978,0.688,0,1.23019691841815,0.00154441099929094,0.0154441099929094,0.0414554990884144,0.0414635388214704,0.954,0.160114380818232,1,1000,1000,17.9914533333333,2.11609208735114,0.000106666666666666,20260709,1000
20,7,4,0,Inf,0.75,0,0.3,0,"fixed",6,0.2,0.3,0.1,"fixed_6",0.156,0.0114744934528719,0.156,0.00636942675159236,2.5520884761025,0.00273989737603862,0.0273989737603862,0.101920614655749,0.101906481235224,0.953,0.403772341960455,1,1000,1000,20.99295,2.26914687660885,0,20260709,1000
40,7,4,0,Inf,0.75,0,0.3,0,"fixed",6,0.2,0.3,0.1,"fixed_6",0.282,0.0142294061717276,0.282,0.00704225352112676,1.86600044067293,-8.68724355838624e-05,-0.000868724355838624,0.0734515289755112,0.0734148454234672,0.953,0.284953742438698,1,1000,1000,20.98785,2.27364955260929,0,20260709,1000
60,7,4,0,Inf,0.75,0,0.3,0,"fixed",6,0.2,0.3,0.1,"fixed_6",0.38,0.0153492670834799,0.38,0,1.58869551330147,-0.0010540408921494,-0.010540408921494,0.0594180309115512,0.0593976674391425,0.952,0.232864109205218,1,1000,1000,20.9909666666667,2.27467363567621,0,20260709,1000
90,7,4,0,Inf,0.75,0,0.3,0,"fixed",6,0.2,0.3,0.1,"fixed_6",0.545,0.0157472219772251,0.545,0,1.34406030158583,0.000634022300277537,0.00634022300277537,0.046747178521602,0.0467281005959803,0.952,0.189753155636733,1,1000,1000,20.9993111111111,2.26650242745092,0,20260709,1000
120,7,4,0,Inf,0.75,0,0.3,0,"fixed",6,0.2,0.3,0.1,"fixed_6",0.666,0.0149145566477854,0.666,0,1.23825757992064,0.00146731886591357,0.0146731886591357,0.0410195518366358,0.0410252855431847,0.951,0.164285583877562,1,1000,1000,20.9976666666667,2.29264180236089,0,20260709,1000
150,7,4,0,Inf,0.75,0,0.3,0,"fixed",6,0.2,0.3,0.1,"fixed_6",0.776,0.0131842330076497,0.776,0,1.13609832430678,-0.000680500584387136,-0.00680500584387136,0.0369617060960432,0.0369494875588025,0.952,0.146824226829238,1,1000,1000,21.0073,2.28539088396691,6.6666666666667e-06,20260709,1000
20,8,4,0,Inf,0.75,0,0.3,0,"fixed",6,0.2,0.3,0.1,"fixed_6",0.186,0.01230463327369,0.186,0.0210526315789474,2.41582734918704,-0.00303902187916574,-0.0303902187916574,0.100369069044759,0.100364892890257,0.944,0.376255432818713,1,1000,1000,24.00745,2.39578394047106,0,20260709,1000
40,8,4,0,Inf,0.75,0,0.3,0,"fixed",6,0.2,0.3,0.1,"fixed_6",0.313,0.0146639353517397,0.313,0,1.77704446178615,0.00118425910948158,0.0118425910948158,0.0678126066521349,0.0677890370264588,0.946,0.264556028027498,1,1000,1000,23.98825,2.43993849451553,0,20260709,1000
60,8,4,0,Inf,0.75,0,0.3,0,"fixed",6,0.2,0.3,0.1,"fixed_6",0.446,0.0157189058143371,0.446,0,1.48794144058464,0.000694356821754255,0.00694356821754255,0.0542868867316697,0.0542641791271373,0.95,0.215961565351938,1,1000,1000,24,2.45265794446687,0,20260709,1000
90,8,4,0,Inf,0.75,0,0.3,0,"fixed",6,0.2,0.3,0.1,"fixed_6",0.593,0.0155354755318271,0.593,0,1.28959631774573,-0.000812315063963828,-0.00812315063963828,0.0457049506466532,0.0456893141430524,0.949,0.176282560952634,1,1000,1000,24.0036777777778,2.43946588546068,0,20260709,1000
120,8,4,0,Inf,0.75,0,0.3,0,"fixed",6,0.2,0.3,0.1,"fixed_6",0.714,0.0142899965010493,0.714,0,1.17882127174559,-0.000217237924414526,-0.00217237924414526,0.0383679698915089,0.0383493964072179,0.96,0.152542501950095,1,1000,1000,24.0067916666667,2.43901178156068,0,20260709,1000
150,8,4,0,Inf,0.75,0,0.3,0,"fixed",6,0.2,0.3,0.1,"fixed_6",0.827,0.011961229033841,0.827,0,1.10503490363887,-0.000415557660529489,-0.00415557660529489,0.0347861596677164,0.0347712455297859,0.953,0.136433087376581,1,1000,1000,24.0006733333333,2.43934052281652,0,20260709,1000
20,1,5,0,Inf,0.75,0,0.3,0,"fixed",6,0.2,0.3,0.1,"fixed_6",0.0481099656357388,0.0125448195578792,0.014,0.263157894736842,7.3713073605976,-0.0291051147011237,-0.291051147011237,0.332813862745307,0.333513926196998,0.927835051546392,1.24462840040955,0.291,291,1000,3.7564,0.955133670294391,1,20260709,1000
40,1,5,0,Inf,0.75,0,0.3,0,"fixed",6,0.2,0.3,0.1,"fixed_6",0.113636363636364,0.0276234337957044,0.015,0.0625,5.19730403508875,-0.00339933345220517,-0.0339933345220517,0.248118614379031,0.247200358143448,0.93939393939394,0.893997587467484,0.132,132,1000,3.747225,0.966088410238352,1,20260709,1000
60,1,5,0,Inf,0.75,0,0.3,0,"fixed",6,0.2,0.3,0.1,"fixed_6",0.12962962962963,0.0457095882541627,0.007,0.125,4.26127313136575,0.00189548003741498,0.0189548003741498,0.199185747946317,0.197341920299674,0.925925925925926,0.717985386092313,0.054,54,1000,3.74961666666667,0.964831243065803,1,20260709,1000
90,1,5,0,Inf,0.75,0,0.3,0,"fixed",6,0.2,0.3,0.1,"fixed_6",0.181818181818182,0.0822303667030264,0.004,0,3.32652646576169,0.0296591138806737,0.296591138806737,0.146332726552364,0.146012326824163,1,0.589663798533151,0.022,22,1000,3.7488,0.96694621202141,1,20260709,1000
120,1,5,0,Inf,0.75,0,0.3,0,"fixed",6,0.2,0.3,0.1,"fixed_6",0.285714285714286,0.170746944190628,0.002,0,3.28450694486464,0.0903902475874957,0.903902475874957,0.110457734519625,0.136485606098094,1,0.522853431795826,0.007,7,1000,3.75093333333333,0.966986511337673,1,20260709,1000
150,1,5,0,Inf,0.75,0,0.3,0,"fixed",6,0.2,0.3,0.1,"fixed_6",0,0,0,NA,NA,0.0528666756510589,0.528666756510589,0.0530340023908421,0.0721504679900781,1,0.456857311442004,0.007,7,1000,3.75018,0.963938209183152,1,20260709,1000
20,2,5,0,Inf,0.75,0,0.3,0,"fixed",6,0.2,0.3,0.1,"fixed_6",0.0675830469644903,0.00849604575683739,0.059,0.0634920634920635,4.61809635272824,-0.00577799114450313,-0.0577799114450313,0.190106705318657,0.190085629304373,0.942726231386025,0.75479727479761,0.873,873,1000,7.49175,1.35347955664178,0.94415,20260709,1000
40,2,5,0,Inf,0.75,0,0.3,0,"fixed",6,0.2,0.3,0.1,"fixed_6",0.115925058548009,0.0109547953071201,0.099,0.0388349514563107,3.21821294364915,-0.00153322535734715,-0.0153322535734715,0.137893109300319,0.137820880634217,0.94847775175644,0.529421519275623,0.854,854,1000,7.504575,1.36374434390601,0.942375,20260709,1000
60,2,5,0,Inf,0.75,0,0.3,0,"fixed",6,0.2,0.3,0.1,"fixed_6",0.170011806375443,0.0129072521128841,0.144,0.0136986301369863,2.7636090174687,0.00507312633729413,0.0507312633729413,0.115009964426089,0.115053952086305,0.944510035419126,0.432392089682339,0.847,847,1000,7.49383333333333,1.36348613726156,0.943366666666667,20260709,1000
90,2,5,0,Inf,0.75,0,0.3,0,"fixed",6,0.2,0.3,0.1,"fixed_6",0.20876585928489,0.0138029749264004,0.181,0.016304347826087,2.2400171493255,0.00327276911669423,0.0327276911669423,0.0894518436446181,0.0894601265708769,0.946943483275663,0.35262506587704,0.867,867,1000,7.5071,1.36226021749424,0.942666666666667,20260709,1000
120,2,5,0,Inf,0.75,0,0.3,0,"fixed",6,0.2,0.3,0.1,"fixed_6",0.260115606936416,0.0149161617730535,0.225,0.00881057268722467,1.98686621776034,0.00106973337994114,0.0106973337994114,0.0786559570770675,0.0786177562004633,0.95028901734104,0.305543413473576,0.865,865,1000,7.499075,1.3655421312879,0.944208333333333,20260709,1000
150,2,5,0,Inf,0.75,0,0.3,0,"fixed",6,0.2,0.3,0.1,"fixed_6",0.308823529411765,0.0155390166174054,0.273,0,1.81405271665591,-0.00097086821351483,-0.0097086821351483,0.0733487396162958,0.0733136697553657,0.938914027149321,0.2732142497351,0.884,884,1000,7.50556,1.36533529202094,0.94326,20260709,1000
20,3,5,0,Inf,0.75,0,0.3,0,"fixed",6,0.2,0.3,0.1,"fixed_6",0.103,0.0096120237203203,0.103,0.0283018867924528,3.50186317142201,0.00630040660227724,0.0630040660227724,0.146291531281089,0.146354043455571,0.959,0.578172774866867,1,1000,1000,11.2472,1.64827421928805,0.14715,20260709,1000
40,3,5,0,Inf,0.75,0,0.3,0,"fixed",6,0.2,0.3,0.1,"fixed_6",0.14,0.0109726933794762,0.14,0.0140845070422535,2.58862855490301,0.000940691686057316,0.00940691686057316,0.0999969793696352,0.0999513951279141,0.949,0.408607571060408,1,1000,1000,11.253125,1.67970951227923,0.14985,20260709,1000
60,3,5,0,Inf,0.75,0,0.3,0,"fixed",6,0.2,0.3,0.1,"fixed_6",0.215,0.012991343271579,0.215,0,2.2017499927245,0.00168934079091512,0.0168934079091512,0.0854251955144137,0.0853991828822441,0.947,0.332536857341644,1,1000,1000,11.2448333333333,1.67682636650814,0.150916666666667,20260709,1000
90,3,5,0,Inf,0.75,0,0.3,0,"fixed",6,0.2,0.3,0.1,"fixed_6",0.303,0.0145324120503102,0.303,0.00328947368421053,1.82316387916682,0.00198429635030406,0.0198429635030406,0.0702080566694105,0.0702009934550765,0.944,0.271864118283181,1,1000,1000,11.2461,1.67160485699165,0.149011111111111,20260709,1000
120,3,5,0,Inf,0.75,0,0.3,0,"fixed",6,0.2,0.3,0.1,"fixed_6",0.397,0.0154722655096143,0.397,0,1.58108132046165,0.000900505745138266,0.00900505745138266,0.0594107681174111,0.0593878829352379,0.95,0.235596560708743,1,1000,1000,11.2472166666667,1.67090225855001,0.148216666666667,20260709,1000
150,3,5,0,Inf,0.75,0,0.3,0,"fixed",6,0.2,0.3,0.1,"fixed_6",0.46,0.0157607106438764,0.46,0,1.45840204069771,-0.000241060153197192,-0.00241060153197192,0.0537441331042609,0.0537177952012444,0.945,0.210183279756439,1,1000,1000,11.2481066666667,1.67661643771255,0.1489,20260709,1000
20,4,5,0,Inf,0.75,0,0.3,0,"fixed",6,0.2,0.3,0.1,"fixed_6",0.114,0.0100500746265886,0.114,0.05,3.05208762491263,-0.00141532096732851,-0.0141532096732851,0.12399703356574,0.123943100664017,0.944,0.490809818471669,1,1000,1000,14.99125,1.90076459354072,0.00365,20260709,1000
40,4,5,0,Inf,0.75,0,0.3,0,"fixed",6,0.2,0.3,0.1,"fixed_6",0.2,0.0126491106406735,0.2,0.0099009900990099,2.19499070433705,-0.00119553084045951,-0.0119553084045951,0.0869618660989949,0.0869265959488498,0.954,0.34532221604755,1,1000,1000,14.994675,1.93676027874997,0.00395,20260709,1000
60,4,5,0,Inf,0.75,0,0.3,0,"fixed",6,0.2,0.3,0.1,"fixed_6",0.27,0.0140392307481571,0.27,0,1.81740242168046,-0.00290082019478582,-0.0290082019478582,0.0700974125229669,0.0701223812557378,0.951,0.280621755915509,1,1000,1000,15.00435,1.92926383567703,0.00416666666666667,20260709,1000
90,4,5,0,Inf,0.75,0,0.3,0,"fixed",6,0.2,0.3,0.1,"fixed_6",0.392,0.015438134602341,0.392,0,1.56622285234153,0.000615682352447772,0.00615682352447772,0.0573712364721803,0.0573458488500397,0.953,0.229235518871782,1,1000,1000,15.001,1.92947750099629,0.00385555555555556,20260709,1000
120,4,5,0,Inf,0.75,0,0.3,0,"fixed",6,0.2,0.3,0.1,"fixed_6",0.506,0.0158102498398982,0.506,0,1.39044050576657,0.000627225571172257,0.00627225571172257,0.0492769157950449,0.0492562648579732,0.953,0.198373061856519,1,1000,1000,15.006675,1.93347406546244,0.00403333333333333,20260709,1000
150,4,5,0,Inf,0.75,0,0.3,0,"fixed",6,0.2,0.3,0.1,"fixed_6",0.576,0.0156276677722557,0.576,0,1.31277313554561,0.000242261381996248,0.00242261381996248,0.0458616695356568,0.0458393731462637,0.961,0.177395692623258,1,1000,1000,15.00462,1.93807321077432,0.00403333333333333,20260709,1000
20,5,5,0,Inf,0.75,0,0.3,0,"fixed",6,0.2,0.3,0.1,"fixed_6",0.15,0.0112915897906362,0.15,0.0196078431372549,2.68657299003812,-0.00175308331337189,-0.0175308331337189,0.112997532916983,0.112954624978276,0.941,0.431267072398391,1,1000,1000,18.74655,2.12653260005381,0,20260709,1000
40,5,5,0,Inf,0.75,0,0.3,0,"fixed",6,0.2,0.3,0.1,"fixed_6",0.235,0.0134080199880519,0.235,0.00843881856540084,2.00964556605217,-0.00355704709881108,-0.0355704709881108,0.0791405851839471,0.0791809419942545,0.948,0.303486523952707,1,1000,1000,18.74845,2.15165265789988,9.99999999999987e-05,20260709,1000
60,5,5,0,Inf,0.75,0,0.3,0,"fixed",6,0.2,0.3,0.1,"fixed_6",0.363,0.0152062815967613,0.363,0,1.65579739628854,6.65370106278651e-06,6.65370106278651e-05,0.0640388004431022,0.064006773379862,0.945,0.247624216400839,1,1000,1000,18.7542666666667,2.15513794119098,1e-04,20260709,1000
90,5,5,0,Inf,0.75,0,0.3,0,"fixed",6,0.2,0.3,0.1,"fixed_6",0.528,0.0157865765763195,0.528,0,1.43518101453698,0.00458218757286739,0.0458218757286739,0.0523887758216267,0.0525626834475706,0.935,0.202277762061349,1,1000,1000,18.7466333333333,2.15516544977578,5.55555555555557e-05,20260709,1000
120,5,5,0,Inf,0.75,0,0.3,0,"fixed",6,0.2,0.3,0.1,"fixed_6",0.615,0.0153874949228261,0.615,0,1.29716521903731,0.0018893172661039,0.018893172661039,0.0450076390855562,0.0450247865981798,0.952,0.174612323547587,1,1000,1000,18.75725,2.16302065982025,4.99999999999998e-05,20260709,1000
150,5,5,0,Inf,0.75,0,0.3,0,"fixed",6,0.2,0.3,0.1,"fixed_6",0.71,0.0143492160064583,0.71,0,1.18708029210387,0.000235489498433231,0.00235489498433231,0.0389739038192695,0.0389551237841523,0.955,0.156464771090919,1,1000,1000,18.7515666666667,2.16476236932519,3.33333333333335e-05,20260709,1000
20,6,5,0,Inf,0.75,0,0.3,0,"fixed",6,0.2,0.3,0.1,"fixed_6",0.166,0.0117662228433767,0.166,0.00598802395209581,2.4514075968042,-0.00224480107246576,-0.0224480107246576,0.0964820031010099,0.0964598739233877,0.965,0.389115128358563,1,1000,1000,22.4916,2.35036199042592,0,20260709,1000
40,6,5,0,Inf,0.75,0,0.3,0,"fixed",6,0.2,0.3,0.1,"fixed_6",0.308,0.0145991780590552,0.308,0,1.77372594931914,-0.00361437732059812,-0.0361437732059812,0.0709803478552148,0.0710368587092737,0.949,0.274481061732337,1,1000,1000,22.50695,2.33854869868655,0,20260709,1000
60,6,5,0,Inf,0.75,0,0.3,0,"fixed",6,0.2,0.3,0.1,"fixed_6",0.415,0.0155812387184075,0.415,0.00479616306954436,1.54942300898188,-0.00158873110890291,-0.0158873110890291,0.0603535043328884,0.0603442375567968,0.937,0.224171966734347,1,1000,1000,22.4899333333333,2.35886538363416,0,20260709,1000
90,6,5,0,Inf,0.75,0,0.3,0,"fixed",6,0.2,0.3,0.1,"fixed_6",0.573,0.0156419627924375,0.573,0,1.3150017812557,-0.000216283898154493,-0.00216283898154493,0.0457452725755398,0.0457229057669351,0.953,0.182542792113395,1,1000,1000,22.5053777777778,2.36276223779904,0,20260709,1000
120,6,5,0,Inf,0.75,0,0.3,0,"fixed",6,0.2,0.3,0.1,"fixed_6",0.678,0.0147755202954075,0.678,0,1.20094633824907,-0.00212461475464337,-0.0212461475464337,0.0415368151967687,0.0415703704281003,0.943,0.157938107452207,1,1000,1000,22.497975,2.37150417329309,0,20260709,1000
150,6,5,0,Inf,0.75,0,0.3,0,"fixed",6,0.2,0.3,0.1,"fixed_6",0.794,0.0127892142057282,0.794,0,1.11745262857538,-0.00103910784595815,-0.0103910784595815,0.0352130476897357,0.0352107726979618,0.962,0.141300542968553,1,1000,1000,22.49972,2.36922022997091,0,20260709,1000
20,7,5,0,Inf,0.75,0,0.3,0,"fixed",6,0.2,0.3,0.1,"fixed_6",0.169,0.0118506961820815,0.169,0.00588235294117647,2.30746821493084,-0.00479820621293944,-0.0479820621293944,0.0910478969477202,0.09112876934276,0.945,0.356890892182996,1,1000,1000,26.27605,2.51048187024944,0,20260709,1000
40,7,5,0,Inf,0.75,0,0.3,0,"fixed",6,0.2,0.3,0.1,"fixed_6",0.311,0.0146382717559144,0.311,0,1.69741044477702,-0.00361140963634632,-0.0361140963634632,0.0650323334284063,0.0651000573449345,0.943,0.251768837126708,1,1000,1000,26.292875,2.54176369020078,0,20260709,1000
60,7,5,0,Inf,0.75,0,0.3,0,"fixed",6,0.2,0.3,0.1,"fixed_6",0.475,0.0157916116973538,0.475,0,1.4347044930479,-0.00024994049763094,-0.0024994049763094,0.0521084698420947,0.0520830088119683,0.954,0.205750837025194,1,1000,1000,26.23785,2.55703670684157,0,20260709,1000
90,7,5,0,Inf,0.75,0,0.3,0,"fixed",6,0.2,0.3,0.1,"fixed_6",0.662,0.0149584758581882,0.662,0,1.25174320932118,0.00155239188148011,0.0155239188148011,0.0436121635808343,0.0436179861059968,0.95,0.167832006235547,1,1000,1000,26.2529222222222,2.54760072743733,0,20260709,1000
120,7,5,0,Inf,0.75,0,0.3,0,"fixed",6,0.2,0.3,0.1,"fixed_6",0.773,0.0132465467198059,0.773,0,1.14371986291574,-5.6580400620107e-05,-0.00056580400620107,0.0372362139992621,0.037217634243831,0.948,0.145195234782051,1,1000,1000,26.2621666666667,2.5562782431298,0,20260709,1000
150,7,5,0,Inf,0.75,0,0.3,0,"fixed",6,0.2,0.3,0.1,"fixed_6",0.836,0.0117091417277271,0.836,0,1.09279775168362,-0.000694612834178862,-0.00694612834178862,0.0336272132713076,0.033617572338154,0.939,0.129899275135598,1,1000,1000,26.2350133333333,2.55910967710877,0,20260709,1000
20,8,5,0,Inf,0.75,0,0.3,0,"fixed",6,0.2,0.3,0.1,"fixed_6",0.219,0.0130781879478772,0.219,0.00454545454545455,2.12085858211613,0.000406825767834948,0.00406825767834948,0.0832176005847112,0.0831769762929311,0.954,0.331354628147155,1,1000,1000,30.02205,2.70926441361644,0,20260709,1000
40,8,5,0,Inf,0.75,0,0.3,0,"fixed",6,0.2,0.3,0.1,"fixed_6",0.389,0.0154168414404508,0.389,0.00256410256410256,1.59389438535673,0.000170794031284949,0.00170794031284949,0.0602817277923439,0.0602518214623072,0.95,0.234590315267554,1,1000,1000,30.007575,2.7204727932643,0,20260709,1000
60,8,5,0,Inf,0.75,0,0.3,0,"fixed",6,0.2,0.3,0.1,"fixed_6",0.547,0.0157413785927409,0.547,0,1.37597327150516,0.00138983288657046,0.0138983288657046,0.0498556379549074,0.0498500821133476,0.949,0.191253626695054,1,1000,1000,30.00065,2.74520973308732,0,20260709,1000
90,8,5,0,Inf,0.75,0,0.3,0,"fixed",6,0.2,0.3,0.1,"fixed_6",0.721,0.0141830532678969,0.721,0,1.20841663954245,0.00210496913307798,0.0210496913307798,0.0400781272260202,0.0401133509035873,0.947,0.156222590230311,1,1000,1000,30.0069666666667,2.73540241752054,0,20260709,1000
120,8,5,0,Inf,0.75,0,0.3,0,"fixed",6,0.2,0.3,0.1,"fixed_6",0.83,0.0118785521003193,0.83,0,1.1060258529758,0.000205309189610287,0.00205309189610287,0.0344633060938212,0.0344466819782811,0.957,0.135385550433605,1,1000,1000,30.0103583333333,2.73135688084672,0,20260709,1000
150,8,5,0,Inf,0.75,0,0.3,0,"fixed",6,0.2,0.3,0.1,"fixed_6",0.897,0.00961202372032029,0.897,0,1.06233549067746,-0.000171950075233462,-0.00171950075233462,0.0312353082741186,0.0312201602386121,0.948,0.120978513176157,1,1000,1000,30.0053866666667,2.72799475310341,0,20260709,1000
20,1,6,0,Inf,0.75,0,0.3,0,"fixed",6,0.2,0.3,0.1,"fixed_6",0.0729166666666667,0.013268052402459,0.028,0.151515151515152,6.36516899526772,0.00368316086898765,0.0368316086898765,0.29031049521003,0.289955633948044,0.9296875,1.06396834279564,0.384,384,1000,4.5089,1.05963062651397,1,20260709,1000
40,1,6,0,Inf,0.75,0,0.3,0,"fixed",6,0.2,0.3,0.1,"fixed_6",0.0898876404494382,0.0214381593709151,0.016,0.2,4.99848828499852,0.0066911481539039,0.066911481539039,0.217911559409222,0.217401580053023,0.915730337078652,0.77274636943887,0.178,178,1000,4.506975,1.0545715899541,1,20260709,1000
60,1,6,0,Inf,0.75,0,0.3,0,"fixed",6,0.2,0.3,0.1,"fixed_6",0.104477611940299,0.0373690830275731,0.007,0.125,3.85598833847034,0.00210607634048995,0.0210607634048995,0.184368276648364,0.182999340877166,0.895522388059702,0.624027224603041,0.067,67,1000,4.50316666666667,1.06277409865698,1,20260709,1000
90,1,6,0,Inf,0.75,0,0.3,0,"fixed",6,0.2,0.3,0.1,"fixed_6",0.0645161290322581,0.0441236525434218,0.002,0,3.73295372947296,0.00292660901393543,0.0292660901393543,0.12586516606757,0.123853023863803,0.967741935483871,0.525440642325386,0.031,31,1000,4.50291111111111,1.06062535193507,1,20260709,1000
120,1,6,0,Inf,0.75,0,0.3,0,"fixed",6,0.2,0.3,0.1,"fixed_6",0.142857142857143,0.132260014253222,0.001,0,2.69532756366783,0.00185765230180462,0.0185765230180462,0.110447360991031,0.102271259336433,1,0.458804007522321,0.007,7,1000,4.50235833333333,1.05868092972655,1,20260709,1000
150,1,6,0,Inf,0.75,0,0.3,0,"fixed",6,0.2,0.3,0.1,"fixed_6",NA,NA,0,NA,NA,NA,NA,NA,NA,NA,NA,0,0,1000,4.50116666666667,1.06173622048089,1,20260709,1000
20,2,6,0,Inf,0.75,0,0.3,0,"fixed",6,0.2,0.3,0.1,"fixed_6",0.0938775510204082,0.00931668223084975,0.092,0.0416666666666667,4.01473297563154,-0.00340393656913932,-0.0340393656913932,0.17169561895715,0.171641752926154,0.946938775510204,0.671680495974942,0.98,980,1000,8.99265,1.4777496103145,0.61255,20260709,1000
40,2,6,0,Inf,0.75,0,0.3,0,"fixed",6,0.2,0.3,0.1,"fixed_6",0.134479271991911,0.0108484643318019,0.133,0.0220588235294118,2.88315699784021,0.00220468509761779,0.0220468509761779,0.120327053513255,0.120286411567393,0.951466127401416,0.470817148765701,0.989,989,1000,9.0043,1.48271709956885,0.609125,20260709,1000
60,2,6,0,Inf,0.75,0,0.3,0,"fixed",6,0.2,0.3,0.1,"fixed_6",0.165995975855131,0.0118015665780953,0.165,0.0119760479041916,2.48735819551977,0.00276214706114274,0.0276214706114274,0.0977609624038135,0.0977508073182326,0.954728370221328,0.382699952510992,0.994,994,1000,8.99533333333333,1.49420072574456,0.611,20260709,1000
90,2,6,0,Inf,0.75,0,0.3,0,"fixed",6,0.2,0.3,0.1,"fixed_6",0.25751503006012,0.013841394719059,0.257,0.00387596899224806,2.03739104959606,0.00165860076507132,0.0165860076507132,0.0815895441239579,0.0815655225739076,0.94188376753507,0.312235327177988,0.998,998,1000,9.00195555555556,1.49615288234875,0.608355555555556,20260709,1000
120,2,6,0,Inf,0.75,0,0.3,0,"fixed",6,0.2,0.3,0.1,"fixed_6",0.316316316316316,0.0147131499390689,0.316,0,1.76967911414466,-0.0011736086613592,-0.011736086613592,0.0695767152965634,0.0695517857691125,0.951951951951952,0.271133420781636,0.999,999,1000,9.0014,1.49456038781128,0.609258333333333,20260709,1000
150,2,6,0,Inf,0.75,0,0.3,0,"fixed",6,0.2,0.3,0.1,"fixed_6",0.369,0.0152590628807932,0.369,0,1.64755963106111,0.000395563842925967,0.00395563842925967,0.0627907656715414,0.0627606090164734,0.946,0.2418611172412,1,1000,1000,8.99732666666667,1.50197956092681,0.609553333333333,20260709,1000
20,3,6,0,Inf,0.75,0,0.3,0,"fixed",6,0.2,0.3,0.1,"fixed_6",0.112,0.00997276290703835,0.112,0.0344827586206897,3.14973760421327,-0.00393810305800535,-0.0393810305800535,0.13082196488688,0.130815827658822,0.954,0.519127653270929,1,1000,1000,13.51145,1.80229309518079,0.0186,20260709,1000
40,3,6,0,Inf,0.75,0,0.3,0,"fixed",6,0.2,0.3,0.1,"fixed_6",0.211,0.0129026741414329,0.211,0.00938967136150235,2.31512799818732,0.00337920046934688,0.0337920046934688,0.0944913595321367,0.0945045364255988,0.957,0.366477765172292,1,1000,1000,13.50505,1.81434113284715,0.01855,20260709,1000
60,3,6,0,Inf,0.75,0,0.3,0,"fixed",6,0.2,0.3,0.1,"fixed_6",0.262,0.0139052508067996,0.262,0.00380228136882129,1.90806691432982,-0.000107455981902913,-0.00107455981902913,0.0744339285080187,0.0743967798376499,0.953,0.298736026670774,1,1000,1000,13.49795,1.83917053581164,0.0200666666666667,20260709,1000
90,3,6,0,Inf,0.75,0,0.3,0,"fixed",6,0.2,0.3,0.1,"fixed_6",0.362,0.0151972365909069,0.362,0,1.63147286503284,0.00111316536970389,0.0111316536970389,0.06022875570709,0.0602089249875017,0.959,0.243778651099344,1,1000,1000,13.4947666666667,1.82801949588339,0.0190777777777778,20260709,1000
120,3,6,0,Inf,0.75,0,0.3,0,"fixed",6,0.2,0.3,0.1,"fixed_6",0.444,0.0157119063133663,0.444,0,1.45529158141266,-0.00176982549985663,-0.0176982549985663,0.0535052109311786,0.0535077290818164,0.952,0.211079519626634,1,1000,1000,13.4989833333333,1.83324745344659,0.0190083333333333,20260709,1000
150,3,6,0,Inf,0.75,0,0.3,0,"fixed",6,0.2,0.3,0.1,"fixed_6",0.582,0.0155973074599432,0.582,0,1.36125587708849,0.00228734235435921,0.0228734235435921,0.0500406713790641,0.0500679204513376,0.944,0.188986744710743,1,1000,1000,13.49336,1.83220653306885,0.0194666666666667,20260709,1000
20,4,6,0,Inf,0.75,0,0.3,0,"fixed",6,0.2,0.3,0.1,"fixed_6",0.143,0.0110702755159933,0.143,0.0272108843537415,2.7610361555396,0.00223769955230112,0.0223769955230112,0.110994451194253,0.110961505608944,0.949,0.440694751037901,1,1000,1000,18.00715,2.10003595130548,9.99999999999998e-05,20260709,1000
40,4,6,0,Inf,0.75,0,0.3,0,"fixed",6,0.2,0.3,0.1,"fixed_6",0.216,0.0130132240432569,0.216,0.00460829493087558,2.00265360631463,-0.00338428974267516,-0.0338428974267516,0.0772853582799032,0.0773208057052623,0.948,0.31054358925809,1,1000,1000,18.013975,2.10513961297672,0.000275000000000002,20260709,1000
60,4,6,0,Inf,0.75,0,0.3,0,"fixed",6,0.2,0.3,0.1,"fixed_6",0.311,0.0146382717559144,0.311,0.0032051282051282,1.70316954829161,-0.00263632494931171,-0.0263632494931171,0.0639348923226898,0.0639572747628915,0.953,0.253847265728819,1,1000,1000,17.9920833333333,2.11132923517243,0.00015,20260709,1000
90,4,6,0,Inf,0.75,0,0.3,0,"fixed",6,0.2,0.3,0.1,"fixed_6",0.478,0.0157960754619621,0.478,0,1.43505489044353,-0.000514544940782569,-0.00514544940782569,0.0531372547391053,0.0531131719055024,0.947,0.206623460587131,1,1000,1000,18.0084111111111,2.10315006505391,7.7777777777778e-05,20260709,1000
120,4,6,0,Inf,0.75,0,0.3,0,"fixed",6,0.2,0.3,0.1,"fixed_6",0.586,0.0155757503832079,0.586,0,1.29390730031801,-0.00153914542311608,-0.0153914542311608,0.0459243492350634,0.0459271790495007,0.951,0.178676066325424,1,1000,1000,17.997525,2.11686554779465,0.000116666666666667,20260709,1000
150,4,6,0,Inf,0.75,0,0.3,0,"fixed",6,0.2,0.3,0.1,"fixed_6",0.697,0.0145324120503102,0.697,0,1.2027328577744,0.000118767387106006,0.00118767387106006,0.0407118295149194,0.0406916418332027,0.952,0.160049769778712,1,1000,1000,18.0071,2.1204377193187,0.00012,20260709,1000
20,5,6,0,Inf,0.75,0,0.3,0,"fixed",6,0.2,0.3,0.1,"fixed_6",0.165,0.0117377595817941,0.165,0,2.47952836908103,0.000574050219403266,0.00574050219403266,0.0971537970733155,0.0971069047963717,0.95,0.389217582630405,1,1000,1000,22.44855,2.3811918260743,0,20260709,1000
40,5,6,0,Inf,0.75,0,0.3,0,"fixed",6,0.2,0.3,0.1,"fixed_6",0.302,0.0145188153786733,0.302,0,1.80235785089832,0.0012157425883171,0.012157425883171,0.0680215513878888,0.067998401097401,0.951,0.274046367571313,1,1000,1000,22.490425,2.35969424389183,0,20260709,1000
60,5,6,0,Inf,0.75,0,0.3,0,"fixed",6,0.2,0.3,0.1,"fixed_6",0.432,0.0156644821171975,0.432,0,1.52722206788141,-0.000165812985174416,-0.00165812985174416,0.0585701595661724,0.0585411019879311,0.941,0.22339026299774,1,1000,1000,22.4951666666667,2.36807478744221,0,20260709,1000
90,5,6,0,Inf,0.75,0,0.3,0,"fixed",6,0.2,0.3,0.1,"fixed_6",0.56,0.0156971334962789,0.56,0,1.34085345862844,-0.000105790912155956,-0.00105790912155956,0.0482018665768795,0.0481778757654475,0.94,0.182577709573693,1,1000,1000,22.5027,2.35855098270258,0,20260709,1000
120,5,6,0,Inf,0.75,0,0.3,0,"fixed",6,0.2,0.3,0.1,"fixed_6",0.71,0.0143492160064583,0.71,0,1.21300532985811,0.000769806538918616,0.00769806538918616,0.0420838362550982,0.0420698327400922,0.935,0.158191499774374,1,1000,1000,22.49535,2.36734164447521,0,20260709,1000
150,5,6,0,Inf,0.75,0,0.3,0,"fixed",6,0.2,0.3,0.1,"fixed_6",0.791,0.0128576436410409,0.791,0,1.13208052955713,0.000166076259798961,0.00166076259798961,0.0355656162968672,0.0355482169853494,0.956,0.14143764434218,1,1000,1000,22.50598,2.36468445423857,0,20260709,1000
20,6,6,0,Inf,0.75,0,0.3,0,"fixed",6,0.2,0.3,0.1,"fixed_6",0.2,0.0126491106406735,0.2,0,2.23023639012487,-0.00226980990599569,-0.0226980990599569,0.0913896254906214,0.0913721162099143,0.948,0.351617987657236,1,1000,1000,27.00615,2.56534304167883,0,20260709,1000
40,6,6,0,Inf,0.75,0,0.3,0,"fixed",6,0.2,0.3,0.1,"fixed_6",0.345,0.0150324648677454,0.345,0,1.67506540100108,-0.00102674909936207,-0.0102674909936207,0.0646726559436605,0.064648465473616,0.938,0.248417800525607,1,1000,1000,26.987525,2.58196051252589,0,20260709,1000
60,6,6,0,Inf,0.75,0,0.3,0,"fixed",6,0.2,0.3,0.1,"fixed_6",0.492,0.0158093643135959,0.492,0,1.41053313938154,3.7719656650656e-05,0.00037719656650656,0.0509562649184186,0.0509307943809451,0.95,0.202771017257245,1,1000,1000,27.0071166666667,2.58514723847746,0,20260709,1000
90,6,6,0,Inf,0.75,0,0.3,0,"fixed",6,0.2,0.3,0.1,"fixed_6",0.67,0.0148694317309035,0.67,0,1.23807892036686,0.000981971772610085,0.00981971772610085,0.0425967553878483,0.0425867744090206,0.949,0.16537388021817,1,1000,1000,27.0000777777778,2.58535440385885,0,20260709,1000
120,6,6,0,Inf,0.75,0,0.3,0,"fixed",6,0.2,0.3,0.1,"fixed_6",0.786,0.0129693484801666,0.786,0,1.1377605542478,0.000314514118421899,0.00314514118421899,0.0366287750577236,0.0366118070326742,0.952,0.143030651151331,1,1000,1000,27.0089,2.58342391029392,0,20260709,1000
150,6,6,0,Inf,0.75,0,0.3,0,"fixed",6,0.2,0.3,0.1,"fixed_6",0.864,0.0108399261990108,0.864,0,1.06696656602049,-0.00184021195089773,-0.0184021195089773,0.0331671881673257,0.0332016368358563,0.937,0.127933736296325,1,1000,1000,26.99564,2.58538202131945,0,20260709,1000
20,7,6,0,Inf,0.75,0,0.3,0,"fixed",6,0.2,0.3,0.1,"fixed_6",0.202,0.0126962986732354,0.202,0,2.0587548784129,-0.00398065897602565,-0.0398065897602565,0.0814022946869724,0.0814589030898882,0.944,0.323933797353413,1,1000,1000,31.53215,2.77379045201011,0,20260709,1000
40,7,6,0,Inf,0.75,0,0.3,0,"fixed",6,0.2,0.3,0.1,"fixed_6",0.399,0.0154854447788883,0.399,0.0025,1.53022987459691,-0.00193341231707861,-0.0193341231707861,0.0579364856307302,0.057939777476794,0.952,0.228550413157255,1,1000,1000,31.519425,2.79303457360559,0,20260709,1000
60,7,6,0,Inf,0.75,0,0.3,0,"fixed",6,0.2,0.3,0.1,"fixed_6",0.536,0.0157703519301251,0.536,0,1.35076213797991,-0.000299682169409551,-0.00299682169409551,0.0473583125930619,0.0473355761694433,0.959,0.186863926721505,1,1000,1000,31.4860666666667,2.79722268079624,0,20260709,1000
90,7,6,0,Inf,0.75,0,0.3,0,"fixed",6,0.2,0.3,0.1,"fixed_6",0.707,0.0143927412260486,0.707,0,1.16860440132651,-0.00176512004684351,-0.0176512004684351,0.0384349027033421,0.0384562108488255,0.957,0.152008865044079,1,1000,1000,31.5098333333333,2.79240459548438,0,20260709,1000
120,7,6,0,Inf,0.75,0,0.3,0,"fixed",6,0.2,0.3,0.1,"fixed_6",0.852,0.0112292475259921,0.852,0,1.07972088653224,-0.000742293708005465,-0.00742293708005465,0.0329762168092873,0.032968082202746,0.951,0.131876394389609,1,1000,1000,31.4874666666667,2.80406570556737,0,20260709,1000
150,7,6,0,Inf,0.75,0,0.3,0,"fixed",6,0.2,0.3,0.1,"fixed_6",0.918,0.00867617427210864,0.918,0,1.05063136380596,0.000233848790962402,0.00233848790962402,0.0296889868895427,0.0296750600983713,0.953,0.117912465161231,1,1000,1000,31.5074666666667,2.80056696197208,0,20260709,1000
20,8,6,0,Inf,0.75,0,0.3,0,"fixed",6,0.2,0.3,0.1,"fixed_6",0.269,0.0140228028582021,0.269,0,1.94754135157138,0.0031613143358777,0.031613143358777,0.074416458553221,0.0744463928114041,0.954,0.301088897917071,1,1000,1000,36.0025,2.94199896152229,0,20260709,1000
40,8,6,0,Inf,0.75,0,0.3,0,"fixed",6,0.2,0.3,0.1,"fixed_6",0.462,0.0157656588825206,0.462,0,1.49580487920499,0.000965159819866668,0.00965159819866668,0.0558001626963999,0.055780606237882,0.951,0.212732906822388,1,1000,1000,35.99565,2.9763826263364,0,20260709,1000
60,8,6,0,Inf,0.75,0,0.3,0,"fixed",6,0.2,0.3,0.1,"fixed_6",0.633,0.0152417518678136,0.633,0,1.28720572563598,0.00157062524197299,0.0157062524197299,0.0452499726212534,0.0452546055761476,0.951,0.173810053013896,1,1000,1000,36.0028,2.98782572074768,0,20260709,1000
90,8,6,0,Inf,0.75,0,0.3,0,"fixed",6,0.2,0.3,0.1,"fixed_6",0.777,0.0131632442809514,0.777,0,1.1229077781089,-0.00114116389410626,-0.0114116389410626,0.035651954667044,0.035652392132122,0.956,0.14170481118276,1,1000,1000,36.0037222222222,3.00019151112727,0,20260709,1000
120,8,6,0,Inf,0.75,0,0.3,0,"fixed",6,0.2,0.3,0.1,"fixed_6",0.893,0.00977501918156686,0.893,0,1.06294996670455,4.52049551916134e-06,4.52049551916134e-05,0.0309191080243272,0.0309036449341153,0.958,0.122804726169284,1,1000,1000,35.993925,2.98732024754807,0,20260709,1000
150,8,6,0,Inf,0.75,0,0.3,0,"fixed",6,0.2,0.3,0.1,"fixed_6",0.952,0.00675988165576884,0.952,0,1.03474370913432,0.00059813745890884,0.0059813745890884,0.0278769698700718,0.0278694472874419,0.955,0.109772769078558,1,1000,1000,36.00554,2.98425226300679,0,20260709,1000
20,1,10,0,Inf,0.75,0,0.3,0,"fixed",6,0.2,0.3,0.1,"fixed_6",0.082004555808656,0.00925959507491257,0.072,0.1,4.56503510552855,-0.00216936755747374,-0.0216936755747374,0.200379141321141,0.200276747158484,0.935079726651481,0.752063611654772,0.878,878,1000,7.5081,1.35025707683448,0.94105,20260709,1000
40,1,10,0,Inf,0.75,0,0.3,0,"fixed",6,0.2,0.3,0.1,"fixed_6",0.118764845605701,0.011148946088148,0.1,0.029126213592233,3.24888388870368,0.000556831173370506,0.00556831173370506,0.134804497048418,0.13472557380801,0.951306413301663,0.527905321386562,0.842,842,1000,7.508075,1.36339176019774,0.943725,20260709,1000
60,1,10,0,Inf,0.75,0,0.3,0,"fixed",6,0.2,0.3,0.1,"fixed_6",0.137931034482759,0.0118906064209275,0.116,0.00854700854700855,2.78281621488169,0.00640557806831234,0.0640557806831234,0.107323626974169,0.107450901846676,0.951248513674197,0.432774397063434,0.841,841,1000,7.50171666666667,1.36372448594239,0.943433333333333,20260709,1000
90,1,10,0,Inf,0.75,0,0.3,0,"fixed",6,0.2,0.3,0.1,"fixed_6",0.21403912543153,0.0139135245698677,0.186,0,2.26344055481721,0.00127555400249534,0.0127555400249534,0.0927255260521175,0.0926809368845271,0.94361334867664,0.35291747006314,0.869,869,1000,7.4929,1.37099910935309,0.944033333333333,20260709,1000
120,1,10,0,Inf,0.75,0,0.3,0,"fixed",6,0.2,0.3,0.1,"fixed_6",0.268090154211151,0.0152565184880907,0.226,0.00440528634361234,1.98681375040572,0.00336261018745271,0.0336261018745271,0.0781291569809899,0.0781551745904141,0.954922894424674,0.305673433141751,0.843,843,1000,7.50615,1.36454279833749,0.943016666666667,20260709,1000
150,1,10,0,Inf,0.75,0,0.3,0,"fixed",6,0.2,0.3,0.1,"fixed_6",0.313703284258211,0.0156147538075668,0.277,0,1.79548249575431,0.000883581033444603,0.00883581033444603,0.0696824765416963,0.0696486124617246,0.952434881087203,0.273366316419207,0.883,883,1000,7.49586,1.3659012065669,0.944166666666667,20260709,1000
20,2,10,0,Inf,0.75,0,0.3,0,"fixed",6,0.2,0.3,0.1,"fixed_6",0.106,0.00973468027209934,0.106,0.0275229357798165,3.00222385660729,-0.00537882277492177,-0.0537882277492177,0.12213051842581,0.122187885659219,0.952,0.489134294006419,1,1000,1000,14.9912,1.91979770625752,0.00465,20260709,1000
40,2,10,0,Inf,0.75,0,0.3,0,"fixed",6,0.2,0.3,0.1,"fixed_6",0.209,0.0128576436410409,0.209,0,2.23853937128117,0.00222253908581177,0.0222253908581177,0.0872451420089609,0.0872298272917443,0.944,0.343765174818362,1,1000,1000,14.9943,1.91934064747404,0.00405,20260709,1000
60,2,10,0,Inf,0.75,0,0.3,0,"fixed",6,0.2,0.3,0.1,"fixed_6",0.308,0.0145991780590552,0.308,0,1.83108397395363,0.00283426564671758,0.0283426564671758,0.0710061246650661,0.071027184457552,0.957,0.281745983715651,1,1000,1000,14.9873833333333,1.92488905402453,0.00401666666666667,20260709,1000
90,2,10,0,Inf,0.75,0,0.3,0,"fixed",6,0.2,0.3,0.1,"fixed_6",0.379,0.0153414145371279,0.379,0,1.57819328599449,-0.00130863821256787,-0.0130863821256787,0.0591421937118517,0.0591270987952608,0.95,0.229083835450273,1,1000,1000,14.9959222222222,1.92772140205196,0.00374444444444444,20260709,1000
120,2,10,0,Inf,0.75,0,0.3,0,"fixed",6,0.2,0.3,0.1,"fixed_6",0.522,0.0157960754619621,0.522,0,1.38005458675508,0.000141868932425307,0.00141868932425307,0.0499590058582048,0.0499342216407524,0.954,0.198475907748216,1,1000,1000,14.9975083333333,1.93719224111294,0.003925,20260709,1000
150,2,10,0,Inf,0.75,0,0.3,0,"fixed",6,0.2,0.3,0.1,"fixed_6",0.596,0.0155172162451904,0.596,0,1.2826474671064,-0.000422031674141218,-0.00422031674141218,0.0442702278563236,0.0442500997977444,0.948,0.177472198432364,1,1000,1000,14.9944933333333,1.92733628567166,0.00385333333333333,20260709,1000
20,3,10,0,Inf,0.75,0,0.3,0,"fixed",6,0.2,0.3,0.1,"fixed_6",0.17,0.0118785521003193,0.17,0.0116279069767442,2.4840864971374,-0.00494359846786568,-0.0494359846786568,0.101253047726975,0.101323080589462,0.947,0.387190909382159,1,1000,1000,22.48955,2.34493844797533,0,20260709,1000
40,3,10,0,Inf,0.75,0,0.3,0,"fixed",6,0.2,0.3,0.1,"fixed_6",0.304,0.0145459272650457,0.304,0,1.82544207784073,-0.000309988289479757,-0.00309988289479757,0.0726548414000311,0.0726191665170044,0.942,0.274056388819921,1,1000,1000,22.492525,2.35086011109494,0,20260709,1000
60,3,10,0,Inf,0.75,0,0.3,0,"fixed",6,0.2,0.3,0.1,"fixed_6",0.421,0.0156127832240123,0.421,0,1.54259440640242,0.00068867747864601,0.0068867747864601,0.0576797721551339,0.0576550382570499,0.952,0.223631956818962,1,1000,1000,22.4876166666667,2.3590866343969,0,20260709,1000
90,3,10,0,Inf,0.75,0,0.3,0,"fixed",6,0.2,0.3,0.1,"fixed_6",0.572,0.0156465970741245,0.572,0,1.32807717133073,0.00046840629454821,0.0046840629454821,0.0476631505176972,0.047641615692713,0.942,0.182355349202448,1,1000,1000,22.4903111111111,2.36198488210696,0,20260709,1000
120,3,10,0,Inf,0.75,0,0.3,0,"fixed",6,0.2,0.3,0.1,"fixed_6",0.711,0.0143345387090063,0.711,0,1.22450150150588,0.0023375694189534,0.023375694189534,0.0418313721414122,0.0418757455136802,0.941,0.158098332849112,1,1000,1000,22.4978,2.37506181947342,0,20260709,1000
150,3,10,0,Inf,0.75,0,0.3,0,"fixed",6,0.2,0.3,0.1,"fixed_6",0.796,0.0127429980773757,0.796,0,1.13744118675099,0.000811485193160433,0.00811485193160433,0.0364522310377248,0.0364430362442369,0.949,0.141421153433235,1,1000,1000,22.4898466666667,2.37049803399065,0,20260709,1000
20,4,10,0,Inf,0.75,0,0.3,0,"fixed",6,0.2,0.3,0.1,"fixed_6",0.207,0.0128121426779442,0.207,0.00480769230769231,2.15263341325278,-0.00103109777381336,-0.0103109777381336,0.083303630181558,0.0832683521468001,0.954,0.332509954553129,1,1000,1000,29.99265,2.73863769825019,0,20260709,1000
40,4,10,0,Inf,0.75,0,0.3,0,"fixed",6,0.2,0.3,0.1,"fixed_6",0.39,0.0154240072614091,0.39,0.00255754475703325,1.59345396608734,-0.000179281835910747,-0.00179281835910747,0.0608693336207964,0.0608391554974349,0.946,0.234854689698652,1,1000,1000,29.988775,2.71882442923002,0,20260709,1000
60,4,10,0,Inf,0.75,0,0.3,0,"fixed",6,0.2,0.3,0.1,"fixed_6",0.516,0.0158032907965398,0.516,0,1.37035888111576,-0.001638302572851,-0.01638302572851,0.0493749391258771,0.0493774317314155,0.958,0.191562297339844,1,1000,1000,29.9778833333333,2.72703158070588,0,20260709,1000
90,4,10,0,Inf,0.75,0,0.3,0,"fixed",6,0.2,0.3,0.1,"fixed_6",0.711,0.0143345387090063,0.711,0,1.19689974813584,0.000609807330875206,0.00609807330875206,0.039846592947026,0.0398313329364871,0.955,0.156370294112457,1,1000,1000,29.9969666666667,2.73728761878655,0,20260709,1000
120,4,10,0,Inf,0.75,0,0.3,0,"fixed",6,0.2,0.3,0.1,"fixed_6",0.829,0.0119062588582644,0.829,0,1.09422669321405,-0.000836437487904559,-0.00836437487904559,0.0333282165204959,0.0333220478676175,0.96,0.135282806424166,1,1000,1000,29.9907416666667,2.73377505829311,0,20260709,1000
150,4,10,0,Inf,0.75,0,0.3,0,"fixed",6,0.2,0.3,0.1,"fixed_6",0.889,0.00993373041711924,0.889,0,1.07404687651837,0.000555612267474595,0.00555612267474595,0.0319554117630563,0.0319442623580088,0.946,0.120931576439655,1,1000,1000,29.9969,2.7389596184764,0,20260709,1000
20,5,10,0,Inf,0.75,0,0.3,0,"fixed",6,0.2,0.3,0.1,"fixed_6",0.268,0.0140062843038402,0.268,0,1.90293366715654,0.00109142127713852,0.0109142127713852,0.0732572869452921,0.0732287830084487,0.958,0.295633555414084,1,1000,1000,37.52975,3.046144099786,0,20260709,1000
40,5,10,0,Inf,0.75,0,0.3,0,"fixed",6,0.2,0.3,0.1,"fixed_6",0.484,0.0158032907965398,0.484,0,1.44116728282671,0.00200794154253375,0.0200794154253375,0.0515478226931829,0.0515611547157514,0.955,0.208185040191988,1,1000,1000,37.504375,3.02819224725203,0,20260709,1000
60,5,10,0,Inf,0.75,0,0.3,0,"fixed",6,0.2,0.3,0.1,"fixed_6",0.609,0.0154311049507156,0.609,0,1.26050036752088,-0.00288548634599965,-0.0288548634599965,0.0446965899267194,0.0447673251086011,0.946,0.170170114187142,1,1000,1000,37.49695,3.04613850757149,0,20260709,1000
90,5,10,0,Inf,0.75,0,0.3,0,"fixed",6,0.2,0.3,0.1,"fixed_6",0.808,0.0124553602918583,0.808,0,1.12340321535876,0.000267711847086252,0.00267711847086252,0.0359995907850706,0.0359825823946658,0.943,0.138793222054055,1,1000,1000,37.4918444444444,3.04558271150542,0,20260709,1000
120,5,10,0,Inf,0.75,0,0.3,0,"fixed",6,0.2,0.3,0.1,"fixed_6",0.915,0.00881901355027874,0.915,0,1.06559659177363,0.00127148293980155,0.0127148293980155,0.0307633162177528,0.0307742085512357,0.949,0.120036850429678,1,1000,1000,37.4980833333333,3.05961580493204,0,20260709,1000
150,5,10,0,Inf,0.75,0,0.3,0,"fixed",6,0.2,0.3,0.1,"fixed_6",0.962,0.00604615580348373,0.962,0,1.03046522382667,0.000678667494672158,0.00678667494672158,0.0269159402014916,0.026911037859244,0.956,0.107471172406002,1,1000,1000,37.4999533333333,3.05613773361927,0,20260709,1000
20,6,10,0,Inf,0.75,0,0.3,0,"fixed",6,0.2,0.3,0.1,"fixed_6",0.312,0.0146511433000978,0.312,0,1.770563323277,0.000833987262457217,0.00833987262457217,0.067038289330313,0.0670099517896586,0.953,0.268333639478703,1,1000,1000,45.0004,3.33299019636786,0,20260709,1000
40,6,10,0,Inf,0.75,0,0.3,0,"fixed",6,0.2,0.3,0.1,"fixed_6",0.549,0.015735278834517,0.549,0,1.34417061346583,-0.000315322717900426,-0.00315322717900426,0.0489780204077408,0.0489545408005677,0.945,0.189242815567004,1,1000,1000,45.006325,3.33280419541379,0,20260709,1000
60,6,10,0,Inf,0.75,0,0.3,0,"fixed",6,0.2,0.3,0.1,"fixed_6",0.692,0.0145991780590552,0.692,0,1.1892352988109,-0.00158887330015776,-0.0158887330015776,0.0397723050880408,0.0397841543095758,0.944,0.154390053494281,1,1000,1000,44.999,3.3369400865587,0,20260709,1000
90,6,10,0,Inf,0.75,0,0.3,0,"fixed",6,0.2,0.3,0.1,"fixed_6",0.87,0.0106348483769163,0.87,0,1.0804590479995,0.00024920781933746,0.0024920781933746,0.0323402391568755,0.0323250256332829,0.946,0.126055798781357,1,1000,1000,45.0225888888889,3.35035343942338,0,20260709,1000
120,6,10,0,Inf,0.75,0,0.3,0,"fixed",6,0.2,0.3,0.1,"fixed_6",0.948,0.00702111102319284,0.948,0,1.0359683285642,0.000376052774657035,0.00376052774657035,0.0281900965613457,0.0281785073821021,0.949,0.109173374555788,1,1000,1000,44.9996583333333,3.354823782584,0,20260709,1000
150,6,10,0,Inf,0.75,0,0.3,0,"fixed",6,0.2,0.3,0.1,"fixed_6",0.978,0.00463853425124791,0.978,0,1.0113036630029,-0.00014483074564621,-0.0014483074564621,0.0244916736602757,0.0244798531970199,0.952,0.0976089579024783,1,1000,1000,44.99204,3.35444954971901,0,20260709,1000
20,7,10,0,Inf,0.75,0,0.3,0,"fixed",6,0.2,0.3,0.1,"fixed_6",0.337,0.0149476085043729,0.337,0,1.65360926620796,-0.00120655674396908,-0.0120655674396908,0.0613899388633664,0.0613710978248771,0.962,0.247559487993962,1,1000,1000,52.49905,3.57426568581552,0,20260709,1000
40,7,10,0,Inf,0.75,0,0.3,0,"fixed",6,0.2,0.3,0.1,"fixed_6",0.614,0.015394934231753,0.614,0,1.27659944307168,0.000191738596277635,0.00191738596277635,0.0445538481632596,0.0445319784476048,0.942,0.174486500515339,1,1000,1000,52.5221,3.57832166587287,0,20260709,1000
60,7,10,0,Inf,0.75,0,0.3,0,"fixed",6,0.2,0.3,0.1,"fixed_6",0.793,0.0128121426779442,0.793,0,1.12548136522872,-0.000166797740912633,-0.00166797740912633,0.0350593494968898,0.0350422124108096,0.953,0.142453415902259,1,1000,1000,52.5208833333333,3.60128559541337,0,20260709,1000
90,7,10,0,Inf,0.75,0,0.3,0,"fixed",6,0.2,0.3,0.1,"fixed_6",0.93,0.00806845710157772,0.93,0,1.04968519359354,0.000826510629970731,0.00826510629970731,0.029755699490485,0.0297523002528769,0.94,0.116305781801157,1,1000,1000,52.4905,3.6106978359824,0,20260709,1000
120,7,10,0,Inf,0.75,0,0.3,0,"fixed",6,0.2,0.3,0.1,"fixed_6",0.979,0.00453420334788814,0.979,0,1.02190600439405,0.000940762231373529,0.00940762231373529,0.0251096558822033,0.0251147239140732,0.952,0.100739734187759,1,1000,1000,52.49975,3.61702790890346,0,20260709,1000
150,7,10,0,Inf,0.75,0,0.3,0,"fixed",6,0.2,0.3,0.1,"fixed_6",0.99,0.00314642654451046,0.99,0,1.00485400114361,-0.000133130038266899,-0.00133130038266899,0.022681637874488,0.0226706851149194,0.953,0.0900518962998975,1,1000,1000,52.4938133333333,3.6145564613353,0,20260709,1000
20,8,10,0,Inf,0.75,0,0.3,0,"fixed",6,0.2,0.3,0.1,"fixed_6",0.402,0.0155047089621186,0.402,0,1.58929458120292,-0.00051559480742977,-0.0051559480742977,0.0624892989270393,0.0624601745588174,0.936,0.230834003949613,1,1000,1000,60.01945,3.80898425566535,0,20260709,1000
40,8,10,0,Inf,0.75,0,0.3,0,"fixed",6,0.2,0.3,0.1,"fixed_6",0.673,0.0148347901906296,0.673,0,1.21765905018373,-0.000317057915401223,-0.00317057915401223,0.0410762237062517,0.0410569046998649,0.956,0.16292182807356,1,1000,1000,59.981975,3.86581978466231,0,20260709,1000
60,8,10,0,Inf,0.75,0,0.3,0,"fixed",6,0.2,0.3,0.1,"fixed_6",0.837,0.0116803681448831,0.837,0,1.09502773077861,-0.000357875472762711,-0.00357875472762711,0.0335658434260745,0.0335509650220802,0.956,0.133001353270786,1,1000,1000,60.0188166666667,3.86919770129588,0,20260709,1000
90,8,10,0,Inf,0.75,0,0.3,0,"fixed",6,0.2,0.3,0.1,"fixed_6",0.951,0.00682634602111555,0.951,0,1.03465739674684,0.000415582490683478,0.00415582490683478,0.0289951149374155,0.0289835933305425,0.939,0.108570057262975,1,1000,1000,60.0108888888889,3.85481492254744,0,20260709,1000
120,8,10,0,Inf,0.75,0,0.3,0,"fixed",6,0.2,0.3,0.1,"fixed_6",0.986,0.00371537346709587,0.986,0,0.999731483237847,-0.000865047522042958,-0.00865047522042958,0.0234900735246455,0.0234942562737034,0.953,0.0939998073822476,1,1000,1000,59.9941583333333,3.86353893898618,0,20260709,1000
150,8,10,0,Inf,0.75,0,0.3,0,"fixed",6,0.2,0.3,0.1,"fixed_6",0.997,0.00172945077987204,0.997,0,1.00092108487295,-0.000105618116390802,-0.00105618116390802,0.0216718817000286,0.0216613005415216,0.953,0.08406240119305,1,1000,1000,60.00266,3.88113271013478,0,20260709,1000
20,1,17,0,Inf,0.75,0,0.3,0,"fixed",6,0.2,0.3,0.1,"fixed_6",0.122,0.0103496859855746,0.122,0.024,3.3005846002084,0.000530702239274483,0.00530702239274483,0.138635970475111,0.1385676514275,0.945,0.537776281668965,1,1000,1000,12.7477,1.76999009428639,0.03985,20260709,1000
40,1,17,0,Inf,0.75,0,0.3,0,"fixed",6,0.2,0.3,0.1,"fixed_6",0.173,0.011961229033841,0.173,0.00574712643678161,2.38670747664781,0.000391812592494933,0.00391812592494933,0.0953473836408446,0.095300503465065,0.954,0.379622727122509,1,1000,1000,12.73795,1.77559091972651,0.041375,20260709,1000
60,1,17,0,Inf,0.75,0,0.3,0,"fixed",6,0.2,0.3,0.1,"fixed_6",0.269,0.0140228028582021,0.269,0,1.99847753133291,0.00448884663655875,0.0448884663655875,0.0785109696207702,0.0785999880570554,0.946,0.309105967590609,1,1000,1000,12.75155,1.77298534624197,0.0398666666666667,20260709,1000
90,1,17,0,Inf,0.75,0,0.3,0,"fixed",6,0.2,0.3,0.1,"fixed_6",0.364,0.0152152555022911,0.364,0.00273972602739726,1.69589074603269,0.0027492871932694,0.027492871932694,0.0655364458043373,0.0655613398506106,0.951,0.252601728014653,1,1000,1000,12.7552555555556,1.77704153158886,0.0404888888888889,20260709,1000
120,1,17,0,Inf,0.75,0,0.3,0,"fixed",6,0.2,0.3,0.1,"fixed_6",0.445,0.0157154382694216,0.445,0,1.51567644821313,0.000518735953283223,0.00518735953283223,0.0569379428592018,0.0569118308850622,0.95,0.217983497596445,1,1000,1000,12.7531166666667,1.78130927227185,0.0400666666666667,20260709,1000
150,1,17,0,Inf,0.75,0,0.3,0,"fixed",6,0.2,0.3,0.1,"fixed_6",0.501,0.0158113566780337,0.501,0,1.41952913957805,0.000945037440653496,0.00945037440653496,0.0511416732842376,0.0511248312596689,0.942,0.195209236165475,1,1000,1000,12.74622,1.78188102107367,0.0405133333333333,20260709,1000
20,2,17,0,Inf,0.75,0,0.3,0,"fixed",6,0.2,0.3,0.1,"fixed_6",0.185,0.0122790471943062,0.185,0,2.28862787925371,-0.00158169492482448,-0.0158169492482448,0.0912226117496703,0.0911907072478983,0.948,0.363252705480285,1,1000,1000,25.479,2.49769247349554,0,20260709,1000
40,2,17,0,Inf,0.75,0,0.3,0,"fixed",6,0.2,0.3,0.1,"fixed_6",0.322,0.0147755202954075,0.322,0,1.71716760880057,-0.00142094174163576,-0.0142094174163576,0.0648927932382786,0.0648759016514209,0.957,0.2567647710324,1,1000,1000,25.50485,2.51613860477524,0,20260709,1000
60,2,17,0,Inf,0.75,0,0.3,0,"fixed",6,0.2,0.3,0.1,"fixed_6",0.46,0.0157607106438764,0.46,0,1.44435160671898,-0.000406241631239923,-0.00406241631239923,0.0516427782884236,0.0516185490406393,0.955,0.208837783344391,1,1000,1000,25.5074833333333,2.51225160217254,0,20260709,1000
90,2,17,0,Inf,0.75,0,0.3,0,"fixed",6,0.2,0.3,0.1,"fixed_6",0.642,0.0151603430040352,0.642,0,1.27053342394528,0.00072517967961945,0.0072517967961945,0.044466499185738,0.0444501762184711,0.949,0.17035929720724,1,1000,1000,25.5066222222222,2.51401264934794,0,20260709,1000
120,2,17,0,Inf,0.75,0,0.3,0,"fixed",6,0.2,0.3,0.1,"fixed_6",0.759,0.0135247550809617,0.759,0,1.14028125648243,-0.000790168012281781,-0.00790168012281781,0.0367992016346515,0.0367892841082077,0.953,0.147647229503594,1,1000,1000,25.4930416666667,2.5128230494209,0,20260709,1000
150,2,17,0,Inf,0.75,0,0.3,0,"fixed",6,0.2,0.3,0.1,"fixed_6",0.836,0.0117091417277271,0.836,0,1.10302866903487,0.000394617959171686,0.00394617959171686,0.0332713079667632,0.0332570094449137,0.955,0.132091660907816,1,1000,1000,25.5027333333333,2.51949703403271,0,20260709,1000
20,3,17,0,Inf,0.75,0,0.3,0,"fixed",6,0.2,0.3,0.1,"fixed_6",0.264,0.0139392969693597,0.264,0.00377358490566038,1.89793140492669,-0.00138807546848414,-0.0138807546848414,0.0739743364906467,0.0739503685608017,0.953,0.292715478905665,1,1000,1000,38.2165,3.02906242920143,0,20260709,1000
40,3,17,0,Inf,0.75,0,0.3,0,"fixed",6,0.2,0.3,0.1,"fixed_6",0.469,0.0157809695519635,0.469,0,1.43157942343703,-0.000806394202242697,-0.00806394202242697,0.0514876745999917,0.0514682419234262,0.959,0.206086748733475,1,1000,1000,38.252275,3.10521165897291,0,20260709,1000
60,3,17,0,Inf,0.75,0,0.3,0,"fixed",6,0.2,0.3,0.1,"fixed_6",0.679,0.0147634345597493,0.679,0,1.23386643253083,0.000727982010572073,0.00727982010572073,0.0426663826934787,0.0426512573055232,0.94,0.168299693410101,1,1000,1000,38.2574333333333,3.08562164777489,0,20260709,1000
90,3,17,0,Inf,0.75,0,0.3,0,"fixed",6,0.2,0.3,0.1,"fixed_6",0.815,0.0122790471943062,0.815,0,1.10849833205223,-0.000360478969898159,-0.00360478969898159,0.0345189482986051,0.0345035676262306,0.956,0.137331646900112,1,1000,1000,38.2444222222222,3.08004115132635,0,20260709,1000
120,3,17,0,Inf,0.75,0,0.3,0,"fixed",6,0.2,0.3,0.1,"fixed_6",0.907,0.00918428004799505,0.907,0,1.05650433969031,-4.37605873499086e-05,-0.000437605873499086,0.0308913949903315,0.0308759764404826,0.948,0.118829068857596,1,1000,1000,38.256325,3.08407291581349,0,20260709,1000
150,3,17,0,Inf,0.75,0,0.3,0,"fixed",6,0.2,0.3,0.1,"fixed_6",0.957,0.00641490451994416,0.957,0,1.01615535381294,-0.000894285077608178,-0.00894285077608178,0.0267958220778122,0.0267973470803543,0.959,0.106311374433122,1,1000,1000,38.2411866666667,3.08702312472096,0,20260709,1000
20,4,17,0,Inf,0.75,0,0.3,0,"fixed",6,0.2,0.3,0.1,"fixed_6",0.344,0.0150221170279026,0.344,0,1.6603859599179,-9.62969064909891e-05,-0.000962969064909891,0.0624198147208383,0.0623886713242732,0.946,0.250304767796222,1,1000,1000,51.0309,3.53948732678167,0,20260709,1000
40,4,17,0,Inf,0.75,0,0.3,0,"fixed",6,0.2,0.3,0.1,"fixed_6",0.587,0.0155701958882989,0.587,0,1.29037879919071,-0.00101765134109946,-0.0101765134109946,0.0444481336197972,0.0444375579881827,0.957,0.177264366338612,1,1000,1000,50.965125,3.54983183653075,0,20260709,1000
60,4,17,0,Inf,0.75,0,0.3,0,"fixed",6,0.2,0.3,0.1,"fixed_6",0.781,0.0130781879478772,0.781,0,1.1339746636674,-0.000167668591034953,-0.00167668591034953,0.035744143661245,0.0357266605635912,0.96,0.144700232890461,1,1000,1000,50.9873666666667,3.55424296451104,0,20260709,1000
90,4,17,0,Inf,0.75,0,0.3,0,"fixed",6,0.2,0.3,0.1,"fixed_6",0.905,0.00927227048785787,0.905,0,1.05281036215225,-0.000453311619748833,-0.00453311619748833,0.0303148466324308,0.0303030762109403,0.95,0.118016029099102,1,1000,1000,50.9887666666667,3.58449864402548,0,20260709,1000
120,4,17,0,Inf,0.75,0,0.3,0,"fixed",6,0.2,0.3,0.1,"fixed_6",0.966,0.00573096850453743,0.966,0,1.02053321387471,1.65473772932717e-05,0.000165473772932717,0.0256300930664293,0.0256172801588874,0.955,0.102303630301736,1,1000,1000,51.00205,3.5624748156015,0,20260709,1000
150,4,17,0,Inf,0.75,0,0.3,0,"fixed",6,0.2,0.3,0.1,"fixed_6",0.989,0.00329833291224522,0.989,0,1.01289091221842,0.000574363579601556,0.00574363579601556,0.0234463680029212,0.0234416794167451,0.946,0.0914964548699602,1,1000,1000,50.99726,3.57492419853289,0,20260709,1000
20,5,17,0,Inf,0.75,0,0.3,0,"fixed",6,0.2,0.3,0.1,"fixed_6",0.421,0.0156127832240123,0.421,0,1.52181960872419,-0.000433797644962236,-0.00433797644962236,0.0571671157778742,0.0571401717501031,0.942,0.223362021424242,1,1000,1000,63.764,3.91567458234158,0,20260709,1000
40,5,17,0,Inf,0.75,0,0.3,0,"fixed",6,0.2,0.3,0.1,"fixed_6",0.707,0.0143927412260486,0.707,0,1.20677910377939,0.00167048600410748,0.0167048600410748,0.039313300850775,0.0393291318445969,0.957,0.158061431185776,1,1000,1000,63.738175,3.99217491355841,0,20260709,1000
60,5,17,0,Inf,0.75,0,0.3,0,"fixed",6,0.2,0.3,0.1,"fixed_6",0.83,0.0118785521003193,0.83,0,1.08487629758856,-0.0016087026839789,-0.016087026839789,0.0334792481997133,0.0335011510889316,0.949,0.128758302789928,1,1000,1000,63.7524333333333,3.958122305463,0,20260709,1000
90,5,17,0,Inf,0.75,0,0.3,0,"fixed",6,0.2,0.3,0.1,"fixed_6",0.959,0.00627048642451286,0.959,0,1.03442485095963,0.000956997148030866,0.00956997148030866,0.0268043372987407,0.026808018745666,0.944,0.10508731469155,1,1000,1000,63.7432888888889,3.98560153310228,0,20260709,1000
120,5,17,0,Inf,0.75,0,0.3,0,"fixed",6,0.2,0.3,0.1,"fixed_6",0.984,0.00396787096564392,0.984,0,1.00161721520875,-0.000805034475559116,-0.00805034475559116,0.02344507583344,0.0234471744515571,0.948,0.0910527220732996,1,1000,1000,63.76195,3.96776940818578,0,20260709,1000
150,5,17,0,Inf,0.75,0,0.3,0,"fixed",6,0.2,0.3,0.1,"fixed_6",0.997,0.00172945077987204,0.997,0,1.01764755053427,0.001554655364845,0.01554655364845,0.0210793530405504,0.0211260914223856,0.948,0.0814447702389046,1,1000,1000,63.75388,3.99904186026976,0,20260709,1000
20,6,17,0,Inf,0.75,0,0.3,0,"fixed",6,0.2,0.3,0.1,"fixed_6",0.482,0.0158011391994375,0.482,0,1.42858345458242,-0.00077175859742605,-0.0077175859742605,0.0525489152549736,0.052528303963793,0.949,0.203379610097871,1,1000,1000,76.5261,4.31399557469665,0,20260709,1000
40,6,17,0,Inf,0.75,0,0.3,0,"fixed",6,0.2,0.3,0.1,"fixed_6",0.79,0.0128802173894698,0.79,0,1.13250352435706,0.000254196590556893,0.00254196590556893,0.0354137895699085,0.0353969909895843,0.964,0.143792311428162,1,1000,1000,76.489625,4.34602419811678,0,20260709,1000
60,6,17,0,Inf,0.75,0,0.3,0,"fixed",6,0.2,0.3,0.1,"fixed_6",0.922,0.00848033018225116,0.922,0,1.03784644522567,-0.0006487290426192,-0.006487290426192,0.0288285571662666,0.0288214411844923,0.96,0.117373173516004,1,1000,1000,76.48795,4.35547706719673,0,20260709,1000
90,6,17,0,Inf,0.75,0,0.3,0,"fixed",6,0.2,0.3,0.1,"fixed_6",0.983,0.00408790900094413,0.983,0,1.01193785940322,0.000159624752876592,0.00159624752876592,0.0239339858509121,0.0239225484239175,0.955,0.0957728618913358,1,1000,1000,76.4906888888889,4.37422883144437,0,20260709,1000
120,6,17,0,Inf,0.75,0,0.3,0,"fixed",6,0.2,0.3,0.1,"fixed_6",0.998,0.00141279864099595,0.998,0,1.00766350806469,0.000645176978910228,0.00645176978910228,0.0213974988976822,0.0213965268081376,0.945,0.0829157205693921,1,1000,1000,76.49075,4.37910907881677,0,20260709,1000
150,6,17,0,Inf,0.75,0,0.3,0,"fixed",6,0.2,0.3,0.1,"fixed_6",1,0,1,0,0.991084020527259,-0.000891597947274128,-0.00891597947274128,0.0186854089828887,0.0186973343353683,0.943,0.0741754768746034,1,1000,1000,76.5077333333333,4.35387358605748,0,20260709,1000
20,7,17,0,Inf,0.75,0,0.3,0,"fixed",6,0.2,0.3,0.1,"fixed_6",0.525,0.0157916116973538,0.525,0,1.34605492390344,-0.000955116496840977,-0.00955116496840977,0.0467873805938543,0.0467737337762753,0.957,0.187814833318762,1,1000,1000,89.2214,4.68546151556743,0,20260709,1000
40,7,17,0,Inf,0.75,0,0.3,0,"fixed",6,0.2,0.3,0.1,"fixed_6",0.848,0.0113532374237483,0.848,0,1.09382561046407,6.66314015430464e-05,0.000666314015430464,0.032581501555251,0.0325652748966579,0.958,0.132836106638662,1,1000,1000,89.2026,4.72248441432471,0,20260709,1000
60,7,17,0,Inf,0.75,0,0.3,0,"fixed",6,0.2,0.3,0.1,"fixed_6",0.945,0.00720936890441875,0.945,0,1.03463105480145,0.00010854458487429,0.0010854458487429,0.0273998217671791,0.0273863335364049,0.949,0.108393404753936,1,1000,1000,89.24415,4.69938707672141,0,20260709,1000
90,7,17,0,Inf,0.75,0,0.3,0,"fixed",6,0.2,0.3,0.1,"fixed_6",0.993,0.00263647491928143,0.993,0,1.00669566148566,0.000208183897466865,0.00208183897466865,0.0227979148264762,0.0227874640109423,0.945,0.08851058567728,1,1000,1000,89.2354666666667,4.7226932282038,0,20260709,1000
120,7,17,0,Inf,0.75,0,0.3,0,"fixed",6,0.2,0.3,0.1,"fixed_6",1,0,1,0,0.994356722509482,-0.000564327749051796,-0.00564327749051796,0.0196109333223476,0.0196092473816855,0.947,0.0766447513576456,1,1000,1000,89.2682833333333,4.71248081658084,0,20260709,1000
150,7,17,0,Inf,0.75,0,0.3,0,"fixed",6,0.2,0.3,0.1,"fixed_6",1,0,1,0,0.997360674403988,-0.000263932559601179,-0.00263932559601179,0.0176640805799336,0.0176572190162458,0.951,0.0685567741192741,1,1000,1000,89.2290466666667,4.71189631007783,0,20260709,1000
20,8,17,0,Inf,0.75,0,0.3,0,"fixed",6,0.2,0.3,0.1,"fixed_6",0.622,0.0153334927527945,0.622,0,1.25517479056112,-0.000994176592553062,-0.00994176592553062,0.0437125117279483,0.043701959738456,0.957,0.175413442864847,1,1000,1000,101.97685,4.9705954713686,0,20260709,1000
40,8,17,0,Inf,0.75,0,0.3,0,"fixed",6,0.2,0.3,0.1,"fixed_6",0.882,0.0102017645532525,0.882,0,1.05887318263814,-0.00115097819295179,-0.0115097819295179,0.0322161687584725,0.0322206207070186,0.943,0.1240237636862,1,1000,1000,102.03625,5.03262299555918,0,20260709,1000
60,8,17,0,Inf,0.75,0,0.3,0,"fixed",6,0.2,0.3,0.1,"fixed_6",0.966,0.00573096850453743,0.966,0,1.01746695966796,-0.000353634631590771,-0.00353634631590771,0.0263731709946257,0.0263623531122719,0.943,0.101233199082424,1,1000,1000,102.04495,5.00256100802284,0,20260709,1000
90,8,17,0,Inf,0.75,0,0.3,0,"fixed",6,0.2,0.3,0.1,"fixed_6",0.999,0.000999499874937461,0.999,0,0.998372823517135,-0.000227941702466455,-0.00227941702466455,0.0202667996511508,0.0202579461533372,0.961,0.0826952739794949,1,1000,1000,101.989322222222,5.04356700998887,0,20260709,1000
120,8,17,0,Inf,0.75,0,0.3,0,"fixed",6,0.2,0.3,0.1,"fixed_6",1,0,1,0,1.00255093566264,0.000255093566263784,0.00255093566263784,0.0184829725972379,0.018475489938883,0.94,0.0715548831310125,1,1000,1000,101.991966666667,5.04480565666614,0,20260709,1000
150,8,17,0,Inf,0.75,0,0.3,0,"fixed",6,0.2,0.3,0.1,"fixed_6",1,0,1,0,0.994493754001641,-0.000550624599835917,-0.00550624599835917,0.0161055184249386,0.0161068781414104,0.953,0.0640083375394671,1,1000,1000,102.007126666667,5.02966679142905,0,20260709,1000
20,1,24,0,Inf,0.75,0,0.3,0,"fixed",6,0.2,0.3,0.1,"fixed_6",0.146,0.0111661989951818,0.146,0.0135135135135135,2.75038833918504,0.000954556626756184,0.00954556626756184,0.110735661121651,0.110684395629008,0.956,0.439995790970511,1,1000,1000,17.98775,2.09275146028691,4.99999999999992e-05,20260709,1000
40,1,24,0,Inf,0.75,0,0.3,0,"fixed",6,0.2,0.3,0.1,"fixed_6",0.239,0.0134862522592453,0.239,0.00416666666666667,1.96284857636826,-0.00261356013787352,-0.0261356013787352,0.0774560841671191,0.077461449935588,0.951,0.310494342655143,1,1000,1000,17.993725,2.12237344532914,0.000125,20260709,1000
60,1,24,0,Inf,0.75,0,0.3,0,"fixed",6,0.2,0.3,0.1,"fixed_6",0.39,0.0154240072614091,0.39,0,1.66797358126711,0.00475711748188337,0.0475711748188337,0.0629521662160379,0.063100256915458,0.962,0.253183607713358,1,1000,1000,18.00285,2.11831429348244,0.00015,20260709,1000
90,1,24,0,Inf,0.75,0,0.3,0,"fixed",6,0.2,0.3,0.1,"fixed_6",0.481,0.0157999683543987,0.481,0,1.44045984393448,0.000842864759088818,0.00842864759088818,0.0527866036593162,0.0527669358723999,0.946,0.206404730310048,1,1000,1000,18.0043555555556,2.11206363590771,0.000111111111111112,20260709,1000
120,1,24,0,Inf,0.75,0,0.3,0,"fixed",6,0.2,0.3,0.1,"fixed_6",0.578,0.015617810345884,0.578,0.00172711571675302,1.30769101943042,-0.000303836349111519,-0.00303836349111519,0.0456142549643891,0.0455924545536581,0.954,0.178761264394192,1,1000,1000,18.0013,2.11487445976143,0.000116666666666667,20260709,1000
150,1,24,0,Inf,0.75,0,0.3,0,"fixed",6,0.2,0.3,0.1,"fixed_6",0.701,0.0144775343204566,0.701,0,1.20664199015272,0.000967885488768638,0.00967885488768638,0.0397073436485908,0.0396992854949182,0.955,0.159983111096284,1,1000,1000,18.0050266666667,2.11396177649038,0.00012,20260709,1000
20,2,24,0,Inf,0.75,0,0.3,0,"fixed",6,0.2,0.3,0.1,"fixed_6",0.26,0.0138708327075198,0.26,0,1.97875500198296,0.00141363391534889,0.0141363391534889,0.0783758371344208,0.0783493933321845,0.946,0.301075749138151,1,1000,1000,36.03225,2.9623175561436,0,20260709,1000
40,2,24,0,Inf,0.75,0,0.3,0,"fixed",6,0.2,0.3,0.1,"fixed_6",0.457,0.0157528092732693,0.457,0,1.46395887086055,-0.000247127318385901,-0.00247127318385901,0.0536589918518415,0.0536327250012614,0.957,0.212905576076621,1,1000,1000,36.001675,2.9788439668575,0,20260709,1000
60,2,24,0,Inf,0.75,0,0.3,0,"fixed",6,0.2,0.3,0.1,"fixed_6",0.626,0.0153011110707687,0.626,0,1.2821586024354,0.000663687267746835,0.00663687267746835,0.0457095760627028,0.0456915359697784,0.943,0.173670305160646,1,1000,1000,36.0101833333333,2.99184444519223,0,20260709,1000
90,2,24,0,Inf,0.75,0,0.3,0,"fixed",6,0.2,0.3,0.1,"fixed_6",0.796,0.0127429980773757,0.796,0,1.12441138206518,-0.000321002791283678,-0.00321002791283678,0.0353695999068315,0.035353368039888,0.957,0.141790043630952,1,1000,1000,35.9979111111111,2.98104974167336,0,20260709,1000
120,2,24,0,Inf,0.75,0,0.3,0,"fixed",6,0.2,0.3,0.1,"fixed_6",0.907,0.00918428004799505,0.907,0,1.05884196962777,0.000197954177682078,0.00197954177682078,0.0317234886134321,0.0317082408205377,0.946,0.122897990900725,1,1000,1000,35.9921083333333,2.99401639432141,0,20260709,1000
150,2,24,0,Inf,0.75,0,0.3,0,"fixed",6,0.2,0.3,0.1,"fixed_6",0.929,0.00812151463706124,0.929,0,1.02994840928706,-0.00122976817424968,-0.0122976817424968,0.0286389388231023,0.0286510201887975,0.943,0.109797538108319,1,1000,1000,36.00764,2.99853998601259,0,20260709,1000
20,3,24,0,Inf,0.75,0,0.3,0,"fixed",6,0.2,0.3,0.1,"fixed_6",0.364,0.0152152555022911,0.364,0.00273972602739726,1.60854129179657,-0.000791820201216598,-0.00791820201216598,0.0606431161117713,0.0606179587535334,0.955,0.244165228489362,1,1000,1000,53.978,3.6160072647721,0,20260709,1000
40,3,24,0,Inf,0.75,0,0.3,0,"fixed",6,0.2,0.3,0.1,"fixed_6",0.636,0.0152152555022911,0.636,0,1.27498590502242,0.00117119125036427,0.0117119125036427,0.0446736286612143,0.044666643634901,0.944,0.171973835651207,1,1000,1000,53.994975,3.66425833505351,0,20260709,1000
60,3,24,0,Inf,0.75,0,0.3,0,"fixed",6,0.2,0.3,0.1,"fixed_6",0.816,0.0122533260790693,0.816,0,1.12721606568418,0.00128498013504554,0.0128498013504554,0.0347677705071308,0.0347741317953151,0.956,0.140493028614251,1,1000,1000,53.9864,3.66972196289338,0,20260709,1000
90,3,24,0,Inf,0.75,0,0.3,0,"fixed",6,0.2,0.3,0.1,"fixed_6",0.931,0.00801492358042171,0.931,0,1.03816753772426,-0.000414500596779208,-0.00414500596779208,0.0295883079147192,0.029576414725854,0.944,0.114604708154497,1,1000,1000,53.992,3.660551724046,0,20260709,1000
120,3,24,0,Inf,0.75,0,0.3,0,"fixed",6,0.2,0.3,0.1,"fixed_6",0.975,0.00493710441453288,0.975,0,1.03381969295324,0.0017911716370272,0.017911716370272,0.0260518515174259,0.0261003556365007,0.941,0.0992188139914747,1,1000,1000,53.9935166666667,3.6668147799873,0,20260709,1000
150,3,24,0,Inf,0.75,0,0.3,0,"fixed",6,0.2,0.3,0.1,"fixed_6",0.992,0.00281709069786544,0.992,0,1.00052227746028,-0.00044293254970118,-0.0044293254970118,0.0228711124028957,0.0228639647481999,0.943,0.0888039198775488,1,1000,1000,53.98648,3.67168665833692,0,20260709,1000
20,4,24,0,Inf,0.75,0,0.3,0,"fixed",6,0.2,0.3,0.1,"fixed_6",0.48,0.0157987341265052,0.48,0,1.43192898766008,-0.000176517590601749,-0.00176517590601749,0.0519095756068355,0.0518839145988608,0.963,0.209732189617581,1,1000,1000,71.955,4.15610409867042,0,20260709,1000
40,4,24,0,Inf,0.75,0,0.3,0,"fixed",6,0.2,0.3,0.1,"fixed_6",0.754,0.0136192510807313,0.754,0,1.16152802570525,0.000603184750784705,0.00603184750784705,0.0375980714765066,0.0375841082855152,0.953,0.148277369892078,1,1000,1000,72.009075,4.2281962633691,0,20260709,1000
60,4,24,0,Inf,0.75,0,0.3,0,"fixed",6,0.2,0.3,0.1,"fixed_6",0.884,0.0101264011376204,0.884,0,1.0528148700497,-0.00155449796648009,-0.0155449796648009,0.0311972672180017,0.0312203887918988,0.945,0.120958358370739,1,1000,1000,72.0013,4.23558737349281,0,20260709,1000
90,4,24,0,Inf,0.75,0,0.3,0,"fixed",6,0.2,0.3,0.1,"fixed_6",0.976,0.00483983470792134,0.976,0,1.01061229333023,-0.000376764054205656,-0.00376764054205656,0.0255045428086912,0.0254945714482323,0.946,0.0987396574700837,1,1000,1000,72.0264,4.23463124923572,0,20260709,1000
120,4,24,0,Inf,0.75,0,0.3,0,"fixed",6,0.2,0.3,0.1,"fixed_6",0.994,0.00244213021765835,0.994,0,0.996787914592063,-0.000702710895198438,-0.00702710895198438,0.0225322810344035,0.0225319725618277,0.949,0.0855414636771684,1,1000,1000,71.9878833333333,4.24133604711458,0,20260709,1000
150,4,24,0,Inf,0.75,0,0.3,0,"fixed",6,0.2,0.3,0.1,"fixed_6",1,0,1,0,0.989103758888612,-0.00108962411113878,-0.0108962411113878,0.0196093439640258,0.0196298019611088,0.959,0.0765482995934683,1,1000,1000,71.9928866666667,4.24055277071636,0,20260709,1000
20,5,24,0,Inf,0.75,0,0.3,0,"fixed",6,0.2,0.3,0.1,"fixed_6",0.57,0.0156556698994326,0.57,0,1.34452719317743,0.00177390950489416,0.0177390950489416,0.0467002541696431,0.0467105938808458,0.961,0.186949712759919,1,1000,1000,90.0039,4.68530000277713,0,20260709,1000
40,5,24,0,Inf,0.75,0,0.3,0,"fixed",6,0.2,0.3,0.1,"fixed_6",0.84,0.0115931013969516,0.84,0,1.10210774492571,0.00028976146412836,0.0028976146412836,0.0349178193038703,0.0349015588840799,0.935,0.132123496924292,1,1000,1000,89.9842,4.71684024752718,0,20260709,1000
60,5,24,0,Inf,0.75,0,0.3,0,"fixed",6,0.2,0.3,0.1,"fixed_6",0.949,0.00695693898205238,0.949,0,1.02427224378006,-0.000628793886659179,-0.00628793886659179,0.0271995606134669,0.0271932282603592,0.952,0.107901745470449,1,1000,1000,89.9645666666667,4.70550506689856,0,20260709,1000
90,5,24,0,Inf,0.75,0,0.3,0,"fixed",6,0.2,0.3,0.1,"fixed_6",0.992,0.00281709069786544,0.992,0,1.00030594388246,-0.000463469252137985,-0.00463469252137985,0.0222031773052917,0.0221969120626146,0.948,0.0880913348011747,1,1000,1000,90.0161444444444,4.71724072924284,0,20260709,1000
120,5,24,0,Inf,0.75,0,0.3,0,"fixed",6,0.2,0.3,0.1,"fixed_6",0.998,0.00141279864099595,0.998,0,0.997786282461979,-0.000362380750959748,-0.00362380750959748,0.0192635204320907,0.0192572961764316,0.95,0.0762970598558742,1,1000,1000,90.0136916666667,4.73524965199505,0,20260709,1000
150,5,24,0,Inf,0.75,0,0.3,0,"fixed",6,0.2,0.3,0.1,"fixed_6",1,0,1,0,0.999262599881367,-7.37400118633463e-05,-0.000737400118633463,0.0180335761282988,0.0180247079226411,0.942,0.0682285990390656,1,1000,1000,90.0039933333333,4.73125809784836,0,20260709,1000
20,6,24,0,Inf,0.75,0,0.3,0,"fixed",6,0.2,0.3,0.1,"fixed_6",0.654,0.0150427391122761,0.654,0,1.25164320899037,0.00110863859518773,0.0110863859518773,0.0431023679578566,0.043095073836642,0.947,0.170239790218129,1,1000,1000,108.02355,5.16291666659815,0,20260709,1000
40,6,24,0,Inf,0.75,0,0.3,0,"fixed",6,0.2,0.3,0.1,"fixed_6",0.906,0.00922843432007835,0.906,0,1.05051123390049,-0.000509418478663634,-0.00509418478663634,0.0314313142906694,0.0314197246599522,0.949,0.120408057423121,1,1000,1000,108.050275,5.17876901487878,0,20260709,1000
60,6,24,0,Inf,0.75,0,0.3,0,"fixed",6,0.2,0.3,0.1,"fixed_6",0.974,0.00503229569878401,0.974,0,1.01300569766498,-0.000320363998423279,-0.00320363998423279,0.0252256243530231,0.0252150436241407,0.943,0.0983554256861543,1,1000,1000,108.00545,5.1631332151925,0,20260709,1000
90,6,24,0,Inf,0.75,0,0.3,0,"fixed",6,0.2,0.3,0.1,"fixed_6",0.996,0.00199599599197994,0.996,0,1.00168573363764,-9.81682422901697e-05,-0.000981682422901697,0.0209047296117142,0.0208945052447416,0.948,0.080264330135832,1,1000,1000,108.023966666667,5.19106878726728,0,20260709,1000
120,6,24,0,Inf,0.75,0,0.3,0,"fixed",6,0.2,0.3,0.1,"fixed_6",0.999,0.000999499874937461,0.999,0,0.990783187803619,-0.000990694522807603,-0.00990694522807603,0.0177941173824514,0.0178127891820613,0.945,0.0695113549071461,1,1000,1000,108.008775,5.18184031660973,0,20260709,1000
150,6,24,0,Inf,0.75,0,0.3,0,"fixed",6,0.2,0.3,0.1,"fixed_6",1,0,1,0,1.00763972221424,0.000763972221424172,0.00763972221424172,0.0158558579615317,0.0158663315552046,0.943,0.0622040410858589,1,1000,1000,107.984593333333,5.18016886373309,0,20260709,1000
20,7,24,0,Inf,0.75,0,0.3,0,"fixed",6,0.2,0.3,0.1,"fixed_6",0.697,0.0145324120503102,0.697,0,1.20176651807154,2.04570598623666e-05,0.000204570598623666,0.0407392556396075,0.0407188860556195,0.934,0.157678157647382,1,1000,1000,125.94375,5.53612185819707,0,20260709,1000
40,7,24,0,Inf,0.75,0,0.3,0,"fixed",6,0.2,0.3,0.1,"fixed_6",0.953,0.00669260786241059,0.953,0,1.03874168000582,0.00109190985250361,0.0109190985250361,0.0273424130110728,0.0273505431179129,0.959,0.111476324808893,1,1000,1000,125.9894,5.56931951838379,0,20260709,1000
60,7,24,0,Inf,0.75,0,0.3,0,"fixed",6,0.2,0.3,0.1,"fixed_6",0.989,0.00329833291224522,0.989,0,1.00532246558607,-0.000180918286219814,-0.00180918286219814,0.0234176289735119,0.0234066164325519,0.947,0.0909766681172265,1,1000,1000,126.027533333333,5.56757506686599,0,20260709,1000
90,7,24,0,Inf,0.75,0,0.3,0,"fixed",6,0.2,0.3,0.1,"fixed_6",1,0,1,0,1.00042333271797,4.23332717967018e-05,0.000423332717967018,0.0193557312181531,0.0193460972489103,0.946,0.0742645870418585,1,1000,1000,126.001988888889,5.59124387117753,0,20260709,1000
120,7,24,0,Inf,0.75,0,0.3,0,"fixed",6,0.2,0.3,0.1,"fixed_6",1,0,1,0,0.996000476767649,-0.000399952323235087,-0.00399952323235087,0.0164636296539887,0.0164602555309198,0.948,0.0642834891887029,1,1000,1000,125.984141666667,5.6062687547903,0,20260709,1000
150,7,24,0,Inf,0.75,0,0.3,0,"fixed",6,0.2,0.3,0.1,"fixed_6",1,0,1,0,1.00186525065532,0.000186525065531531,0.00186525065531531,0.0150204772761683,0.0150141238327901,0.938,0.057497413112749,1,1000,1000,125.986926666667,5.6038660207795,0,20260709,1000
20,8,24,0,Inf,0.75,0,0.3,0,"fixed",6,0.2,0.3,0.1,"fixed_6",0.738,0.0139052508067996,0.738,0,1.16185560118647,-0.000846584664610961,-0.00846584664610961,0.0387535371913849,0.038743406068563,0.942,0.147224774063584,1,1000,1000,143.945,5.91093708212973,0,20260709,1000
40,8,24,0,Inf,0.75,0,0.3,0,"fixed",6,0.2,0.3,0.1,"fixed_6",0.969,0.00548078461536303,0.969,0,1.01661682028495,-0.000201849248479297,-0.00201849248479297,0.0256804903700954,0.0256684405677872,0.952,0.103996372220352,1,1000,1000,143.993425,5.96551552209267,0,20260709,1000
60,8,24,0,Inf,0.75,0,0.3,0,"fixed",6,0.2,0.3,0.1,"fixed_6",0.997,0.00172945077987204,0.997,0,1.0109108724085,0.000883448967972253,0.00883448967972253,0.0216320747083391,0.0216392973917822,0.949,0.084957538252347,1,1000,1000,143.993733333333,5.97721035891875,0,20260709,1000
90,8,24,0,Inf,0.75,0,0.3,0,"fixed",6,0.2,0.3,0.1,"fixed_6",1,0,1,0,1.00430838009044,0.000430838009044324,0.00430838009044324,0.0173410565731837,0.0173377378057612,0.951,0.0693203022919961,1,1000,1000,143.992644444444,6.0013989293376,0,20260709,1000
120,8,24,0,Inf,0.75,0,0.3,0,"fixed",6,0.2,0.3,0.1,"fixed_6",1,0,1,0,1.00252595974262,0.000252595974262373,0.00252595974262373,0.0155498520183513,0.0155441276571265,0.948,0.0600782209908848,1,1000,1000,144.006541666667,5.9856292927402,0,20260709,1000
150,8,24,0,Inf,0.75,0,0.3,0,"fixed",6,0.2,0.3,0.1,"fixed_6",1,0,1,0,1.00358692314308,0.00035869231430817,0.0035869231430817,0.0132764321760223,0.0132746392738009,0.958,0.0537199231521083,1,1000,1000,143.99962,6.0129357241041,0,20260709,1000
