"N","lambda_bar","D","cv","cap","compliance","decay","phi","trigger_link","trigger_mode","model","beta1","beta_l2","beta_cross","grid","power","mcse_power","power_all","type_s","type_m","bias","rel_bias","emp_se","rmse","coverage","ci_width","conv_rate","R_converged","R_total","mean_n","sd_n","below_k","master_seed","R_requested"
20,1,3,0,Inf,0.75,0,0.3,0,"fixed",7,0.2,0.3,0.1,"fixed_7",NA,NA,0,NA,NA,NA,NA,NA,NA,NA,NA,0,0,1000,2.2539,0.74164443809968,1,20260709,1000
40,1,3,0,Inf,0.75,0,0.3,0,"fixed",7,0.2,0.3,0.1,"fixed_7",NA,NA,0,NA,NA,NA,NA,NA,NA,NA,NA,0,0,1000,2.2506,0.749585410082444,1,20260709,1000
60,1,3,0,Inf,0.75,0,0.3,0,"fixed",7,0.2,0.3,0.1,"fixed_7",NA,NA,0,NA,NA,NA,NA,NA,NA,NA,NA,0,0,1000,2.24923333333333,0.746953483146613,1,20260709,1000
90,1,3,0,Inf,0.75,0,0.3,0,"fixed",7,0.2,0.3,0.1,"fixed_7",NA,NA,0,NA,NA,NA,NA,NA,NA,NA,NA,0,0,1000,2.24718888888889,0.749467694712346,1,20260709,1000
120,1,3,0,Inf,0.75,0,0.3,0,"fixed",7,0.2,0.3,0.1,"fixed_7",NA,NA,0,NA,NA,NA,NA,NA,NA,NA,NA,0,0,1000,2.24905,0.751313144077433,1,20260709,1000
150,1,3,0,Inf,0.75,0,0.3,0,"fixed",7,0.2,0.3,0.1,"fixed_7",NA,NA,0,NA,NA,NA,NA,NA,NA,NA,NA,0,0,1000,2.24993333333333,0.748482356982161,1,20260709,1000
20,2,3,0,Inf,0.75,0,0.3,0,"fixed",7,0.2,0.3,0.1,"fixed_7",0.0698529411764706,0.0154555229736087,0.019,0.136363636363636,4.10115114508358,-0.0147331899780622,-0.147331899780622,0.188047918097564,0.188279257920575,0.952205882352941,0.752092949935397,0.272,272,1000,4.49495,1.03820566860738,1,20260709,1000
40,2,3,0,Inf,0.75,0,0.3,0,"fixed",7,0.2,0.3,0.1,"fixed_7",0.173553719008264,0.0243453820375953,0.042,0,3.00683389439454,0.00816998090924378,0.0816998090924378,0.143240711592434,0.143177740339753,0.921487603305785,0.505531779308145,0.242,242,1000,4.501675,1.05471011327429,1,20260709,1000
60,2,3,0,Inf,0.75,0,0.3,0,"fixed",7,0.2,0.3,0.1,"fixed_7",0.150234741784038,0.0244818860071147,0.032,0,2.45466950646171,0.000560499357631972,0.00560499357631972,0.0964362994858297,0.0962112895385838,0.943661971830986,0.399380122013671,0.213,213,1000,4.49768333333333,1.06108448017567,1,20260709,1000
90,2,3,0,Inf,0.75,0,0.3,0,"fixed",7,0.2,0.3,0.1,"fixed_7",0.324675324675325,0.0377329352693491,0.05,0,2.04396231854386,0.0122537399825396,0.122537399825396,0.0904036089344695,0.0909389709686822,0.922077922077922,0.322815501886912,0.154,154,1000,4.50865555555556,1.05354331009247,1,20260709,1000
120,2,3,0,Inf,0.75,0,0.3,0,"fixed",7,0.2,0.3,0.1,"fixed_7",0.288590604026846,0.0371199820728544,0.043,0,1.84451282662338,0.0047493816576079,0.047493816576079,0.0697955667971317,0.0697229063437643,0.939597315436242,0.276721091423143,0.149,149,1000,4.50144166666667,1.05998834867556,1,20260709,1000
150,2,3,0,Inf,0.75,0,0.3,0,"fixed",7,0.2,0.3,0.1,"fixed_7",0.385093167701863,0.0383508176798824,0.062,0,1.5885327738858,0.00675453541435805,0.0675453541435805,0.0530545730876397,0.0533191177777813,0.981366459627329,0.243789242154573,0.161,161,1000,4.49782666666667,1.05679348256986,1,20260709,1000
20,3,3,0,Inf,0.75,0,0.3,0,"fixed",7,0.2,0.3,0.1,"fixed_7",0.120915032679739,0.0131789212983424,0.074,0.038961038961039,3.39737230180687,0.00672902355924071,0.0672902355924071,0.151230444230519,0.151256592192067,0.934640522875817,0.576950758437709,0.612,612,1000,6.75365,1.27827759325131,1,20260709,1000
40,3,3,0,Inf,0.75,0,0.3,0,"fixed",7,0.2,0.3,0.1,"fixed_7",0.175675675675676,0.0139890754988646,0.13,0.00763358778625954,2.35681590654246,0.00105771963842825,0.0105771963842825,0.0969700409212418,0.0969102708445288,0.952702702702703,0.378798156723248,0.74,740,1000,6.759525,1.28650751837128,1,20260709,1000
60,3,3,0,Inf,0.75,0,0.3,0,"fixed",7,0.2,0.3,0.1,"fixed_7",0.272251308900524,0.0161038243686534,0.208,0.00478468899521531,1.88033049000277,0.00166514332031779,0.0166514332031779,0.0757754535266645,0.0757441513134582,0.955497382198953,0.302299483929674,0.764,764,1000,6.75268333333333,1.29039595855103,1,20260709,1000
90,3,3,0,Inf,0.75,0,0.3,0,"fixed",7,0.2,0.3,0.1,"fixed_7",0.361647361647362,0.0172370312901433,0.281,0,1.61822449002224,-0.000475861485653054,-0.00475861485653054,0.0619569073188935,0.0619188537557019,0.952380952380952,0.243129047599729,0.777,777,1000,6.75157777777778,1.29272963427857,1,20260709,1000
120,3,3,0,Inf,0.75,0,0.3,0,"fixed",7,0.2,0.3,0.1,"fixed_7",0.469259723964868,0.0176774046218534,0.374,0,1.46735286340969,0.0024026583807451,0.024026583807451,0.0524034990304475,0.052425698837669,0.958594730238394,0.208875783696733,0.797,797,1000,6.7505,1.29714847277728,1,20260709,1000
150,3,3,0,Inf,0.75,0,0.3,0,"fixed",7,0.2,0.3,0.1,"fixed_7",0.551378446115288,0.0176061142003727,0.44,0,1.37872838482172,0.00378966060981428,0.0378966060981428,0.0478428446913405,0.0479628082226675,0.954887218045113,0.186905844658998,0.798,798,1000,6.75327333333333,1.29392845598704,1,20260709,1000
20,5,3,0,Inf,0.75,0,0.3,0,"fixed",7,0.2,0.3,0.1,"fixed_7",0.156774916013438,0.0121670226801204,0.14,0.0277777777777778,2.58479671539144,-0.000217794608744937,-0.00217794608744937,0.112032525578654,0.111969991647995,0.940649496080627,0.437287872926873,0.893,893,1000,11.2494,1.65777610059789,0.14845,20260709,1000
40,5,3,0,Inf,0.75,0,0.3,0,"fixed",7,0.2,0.3,0.1,"fixed_7",0.304878048780488,0.0146756055591839,0.3,0,1.85773828926703,0.00371690361336102,0.0371690361336102,0.075277829230237,0.0753313218536096,0.95020325203252,0.29263623237407,0.984,984,1000,11.257325,1.66617872707559,0.14485,20260709,1000
60,5,3,0,Inf,0.75,0,0.3,0,"fixed",7,0.2,0.3,0.1,"fixed_7",0.39616935483871,0.0155289530941072,0.393,0,1.58224646547894,0.000647548203012147,0.00647548203012147,0.0613790128676926,0.0613514855072332,0.938508064516129,0.237294115294328,0.992,992,1000,11.2506833333333,1.67082403716511,0.147716666666667,20260709,1000
90,5,3,0,Inf,0.75,0,0.3,0,"fixed",7,0.2,0.3,0.1,"fixed_7",0.553,0.0157223089907303,0.553,0,1.36358989382709,0.0016865286956457,0.016865286956457,0.0490008445840611,0.0490053677286743,0.951,0.191760913143551,1,1000,1000,11.245,1.67773526274689,0.149166666666667,20260709,1000
120,5,3,0,Inf,0.75,0,0.3,0,"fixed",7,0.2,0.3,0.1,"fixed_7",0.683,0.0147143127600306,0.683,0,1.22673973715768,0.000872195960039415,0.00872195960039415,0.042284738432147,0.0422725895937725,0.948,0.164715473024363,1,1000,1000,11.2524666666667,1.67691293352763,0.148075,20260709,1000
150,5,3,0,Inf,0.75,0,0.3,0,"fixed",7,0.2,0.3,0.1,"fixed_7",0.721,0.0141830532678969,0.721,0,1.16736236180007,-0.0016029617457258,-0.016029617457258,0.0389226551836061,0.0389361990930499,0.947,0.148095186792971,1,1000,1000,11.2581066666667,1.67556968223561,0.148406666666667,20260709,1000
20,8,3,0,Inf,0.75,0,0.3,0,"fixed",7,0.2,0.3,0.1,"fixed_7",0.197095435684647,0.0128124366172676,0.19,0.0206185567010309,2.1026041746458,-0.00461562746594404,-0.0461562746594404,0.0940190489139414,0.0940835579959267,0.936721991701245,0.364011134282985,0.964,964,1000,18.0162,2.08470814690019,4.99999999999996e-05,20260709,1000
40,8,3,0,Inf,0.75,0,0.3,0,"fixed",7,0.2,0.3,0.1,"fixed_7",0.351053159478435,0.0151162276946928,0.35,0,1.68105181131662,0.00123765960102071,0.0123765960102071,0.0668162199903527,0.0667941705114382,0.9358074222668,0.253338492694304,0.997,997,1000,17.996625,2.10881027028772,2e-04,20260709,1000
60,8,3,0,Inf,0.75,0,0.3,0,"fixed",7,0.2,0.3,0.1,"fixed_7",0.493,0.0158098387088547,0.493,0,1.40853119889595,-0.000854863427355676,-0.00854863427355676,0.0532133026460215,0.0531935589559301,0.939,0.203449960208606,1,1000,1000,18.0126166666667,2.12220670509169,8.33333333333331e-05,20260709,1000
90,8,3,0,Inf,0.75,0,0.3,0,"fixed",7,0.2,0.3,0.1,"fixed_7",0.647,0.0151126106282138,0.647,0,1.24935269630889,0.000856005364624726,0.00856005364624726,0.042984791837975,0.0429718207923397,0.942,0.166198074862933,1,1000,1000,17.9839333333333,2.12153471212963,8.88888888888889e-05,20260709,1000
120,8,3,0,Inf,0.75,0,0.3,0,"fixed",7,0.2,0.3,0.1,"fixed_7",0.794,0.0127892142057282,0.794,0,1.1311390991925,-1.51996871102927e-05,-0.000151996871102927,0.0363165194594517,0.0362983598402679,0.943,0.143514950460071,1,1000,1000,18.0054166666667,2.11902208264791,0.000125,20260709,1000
150,8,3,0,Inf,0.75,0,0.3,0,"fixed",7,0.2,0.3,0.1,"fixed_7",0.848,0.0113532374237483,0.848,0,1.07122386289283,-0.00181893864005951,-0.0181893864005951,0.0326731679048813,0.0327074441498556,0.946,0.128271006245474,1,1000,1000,17.9978866666667,2.12202908141777,0.000106666666666666,20260709,1000
20,1,7,0,Inf,0.75,0,0.3,0,"fixed",7,0.2,0.3,0.1,"fixed_7",0.094488188976378,0.0149855723370385,0.036,0.0769230769230769,4.02895854843255,0.012556433373146,0.12556433373146,0.173570936300041,0.17379718293951,0.931758530183727,0.681979650840721,0.381,381,1000,5.2511,1.13870147433943,1,20260709,1000
40,1,7,0,Inf,0.75,0,0.3,0,"fixed",7,0.2,0.3,0.1,"fixed_7",0.160349854227405,0.0198123690255417,0.055,0,2.74160276223282,0.00736849922023873,0.0736849922023873,0.115621701137767,0.115687932354395,0.941690962099125,0.442594961748247,0.343,343,1000,5.236775,1.14177175783296,1,20260709,1000
60,1,7,0,Inf,0.75,0,0.3,0,"fixed",7,0.2,0.3,0.1,"fixed_7",0.212218649517685,0.0231853911146677,0.066,0,2.24751034049375,0.000489136640719465,0.00489136640719465,0.0920693869427892,0.0919225476421752,0.958199356913183,0.356206280813713,0.311,311,1000,5.2515,1.13827482614187,1,20260709,1000
90,1,7,0,Inf,0.75,0,0.3,0,"fixed",7,0.2,0.3,0.1,"fixed_7",0.291666666666667,0.0309268268886282,0.063,0,1.86043592766644,0.0047771318000551,0.047771318000551,0.070710548730181,0.0707082359172147,0.939814814814815,0.285185094387388,0.216,216,1000,5.24986666666667,1.14718866904176,1,20260709,1000
120,1,7,0,Inf,0.75,0,0.3,0,"fixed",7,0.2,0.3,0.1,"fixed_7",0.422535211267606,0.0338457705006456,0.09,0.010989010989011,1.62042681623212,0.0032466077384348,0.032466077384348,0.0649164051002272,0.0648451649681474,0.967136150234742,0.248919757670993,0.213,213,1000,5.24834166666667,1.14356887472608,1,20260709,1000
150,1,7,0,Inf,0.75,0,0.3,0,"fixed",7,0.2,0.3,0.1,"fixed_7",0.431192660550459,0.033542082977194,0.094,0,1.5053148719532,-0.000588512498359214,-0.00588512498359214,0.0571999372954841,0.0570716283814167,0.954128440366973,0.219177637298047,0.218,218,1000,5.25063333333333,1.14393420970909,1,20260709,1000
20,2,7,0,Inf,0.75,0,0.3,0,"fixed",7,0.2,0.3,0.1,"fixed_7",0.153757225433526,0.0122647076299904,0.133,0.00746268656716418,2.56527751668443,0.000887791858239922,0.00887791858239922,0.110175224889909,0.110115100296261,0.95028901734104,0.450425707290872,0.865,865,1000,10.48945,1.59952576509318,0.25935,20260709,1000
40,2,7,0,Inf,0.75,0,0.3,0,"fixed",7,0.2,0.3,0.1,"fixed_7",0.26046986721144,0.0140270173965895,0.255,0,1.8592112412834,-0.000908328929892802,-0.00908328929892802,0.0765096233845648,0.0764759324518813,0.944841675178754,0.301047009951692,0.979,979,1000,10.487725,1.61175375876808,0.263125,20260709,1000
60,2,7,0,Inf,0.75,0,0.3,0,"fixed",7,0.2,0.3,0.1,"fixed_7",0.341046277665996,0.0150362979383326,0.339,0,1.5621255278523,-0.00330239168818419,-0.0330239168818419,0.0579330683914875,0.0579980146617559,0.955734406438632,0.243141368243182,0.994,994,1000,10.4839333333333,1.61384145226585,0.262316666666667,20260709,1000
90,2,7,0,Inf,0.75,0,0.3,0,"fixed",7,0.2,0.3,0.1,"fixed_7",0.521042084168337,0.0158132016171496,0.52,0,1.38165720331835,0.000319287571609983,0.00319287571609983,0.0512007013154052,0.051176039260545,0.943887775551102,0.196376749569432,0.998,998,1000,10.5043777777778,1.61481473683976,0.256488888888889,20260709,1000
120,2,7,0,Inf,0.75,0,0.3,0,"fixed",7,0.2,0.3,0.1,"fixed_7",0.649,0.0150930116279025,0.649,0,1.24612252708591,0.000937983528532554,0.00937983528532554,0.0429871944014976,0.0429759327615985,0.951,0.169972776865162,1,1000,1000,10.4995083333333,1.61173203599125,0.258491666666667,20260709,1000
150,2,7,0,Inf,0.75,0,0.3,0,"fixed",7,0.2,0.3,0.1,"fixed_7",0.711,0.0143345387090063,0.711,0,1.18116332935725,-0.000980281522418025,-0.00980281522418025,0.0409386345333516,0.0409299007758517,0.937,0.15144615233382,1,1000,1000,10.50456,1.61960286716944,0.257533333333333,20260709,1000
20,3,7,0,Inf,0.75,0,0.3,0,"fixed",7,0.2,0.3,0.1,"fixed_7",0.188284518828452,0.0126438773612342,0.18,0.010989010989011,2.19034277364438,-0.00199608787221683,-0.0199608787221683,0.0976581584222853,0.0976274767192216,0.943514644351464,0.386756378290482,0.956,956,1000,15.75905,1.96057726481594,0.00155,20260709,1000
40,3,7,0,Inf,0.75,0,0.3,0,"fixed",7,0.2,0.3,0.1,"fixed_7",0.324623115577889,0.014844011309927,0.323,0,1.66304227297935,-0.00227371730482603,-0.0227371730482603,0.0655928352122358,0.0655992818659583,0.936683417085427,0.261470216024378,0.995,995,1000,15.7499,1.97723986962132,0.00165,20260709,1000
60,3,7,0,Inf,0.75,0,0.3,0,"fixed",7,0.2,0.3,0.1,"fixed_7",0.485,0.0158042715744826,0.485,0.00205761316872428,1.46065143633232,0.00317320553025059,0.0317320553025059,0.0543608689959178,0.0544262639472026,0.943,0.210183465976541,1,1000,1000,15.7510833333333,1.97769998889283,0.00166666666666667,20260709,1000
90,3,7,0,Inf,0.75,0,0.3,0,"fixed",7,0.2,0.3,0.1,"fixed_7",0.644,0.0151414662433993,0.644,0,1.26327400101466,0.00170031160434435,0.0170031160434435,0.0439724407293763,0.0439833267012248,0.949,0.171979193990863,1,1000,1000,15.7523444444444,1.98134552344916,0.00172222222222222,20260709,1000
120,3,7,0,Inf,0.75,0,0.3,0,"fixed",7,0.2,0.3,0.1,"fixed_7",0.747,0.0137473997541353,0.747,0,1.14796600060582,-0.000856212526930078,-0.00856212526930078,0.0374494076917499,0.0374404697916267,0.952,0.148869231573647,1,1000,1000,15.7558083333333,1.97410160592839,0.00153333333333333,20260709,1000
150,3,7,0,Inf,0.75,0,0.3,0,"fixed",7,0.2,0.3,0.1,"fixed_7",0.838,0.0116514376795312,0.838,0,1.10057673784846,0.00030293421231295,0.0030293421231295,0.0334841843461769,0.033468809059547,0.948,0.132809468087469,1,1000,1000,15.7624466666667,1.98381200799096,0.00169333333333333,20260709,1000
20,5,7,0,Inf,0.75,0,0.3,0,"fixed",7,0.2,0.3,0.1,"fixed_7",0.234170854271357,0.0134252018796264,0.233,0.00851063829787234,2.03046089672388,-0.00148128375088867,-0.0148128375088867,0.0871435136826761,0.0871123069707876,0.95678391959799,0.342267136458806,0.995,995,1000,26.26375,2.5348521947936,0,20260709,1000
40,5,7,0,Inf,0.75,0,0.3,0,"fixed",7,0.2,0.3,0.1,"fixed_7",0.428,0.0156465970741245,0.428,0,1.54506872352293,0.00176471675751814,0.0176471675751814,0.0600452119126962,0.0600411215035264,0.937,0.230084895411742,1,1000,1000,26.242125,2.55245525530273,0,20260709,1000
60,5,7,0,Inf,0.75,0,0.3,0,"fixed",7,0.2,0.3,0.1,"fixed_7",0.551,0.0157289224042844,0.551,0,1.33239511053525,-1.82649762012488e-05,-0.000182649762012488,0.0478686171344698,0.0478446803257106,0.951,0.189353825506578,1,1000,1000,26.2513,2.54301488423409,0,20260709,1000
90,5,7,0,Inf,0.75,0,0.3,0,"fixed",7,0.2,0.3,0.1,"fixed_7",0.713,0.0143049292203771,0.713,0,1.17005212051671,-0.000981032379359245,-0.00981032379359245,0.0388155616858456,0.0388085506774995,0.955,0.152986709022947,1,1000,1000,26.2285666666667,2.55191010103876,0,20260709,1000
120,5,7,0,Inf,0.75,0,0.3,0,"fixed",7,0.2,0.3,0.1,"fixed_7",0.834,0.0117662228433767,0.834,0,1.10517582537477,0.000641166844831259,0.00641166844831259,0.0338362495598508,0.033825404467872,0.956,0.132328863053442,1,1000,1000,26.2607333333333,2.5529096550779,0,20260709,1000
150,5,7,0,Inf,0.75,0,0.3,0,"fixed",7,0.2,0.3,0.1,"fixed_7",0.914,0.00886588969026797,0.914,0,1.04839724927143,-3.02697021223736e-05,-0.000302697021223736,0.0287328068326499,0.0287184527882119,0.955,0.118099725172901,1,1000,1000,26.2514266666667,2.56354159547778,0,20260709,1000
20,8,7,0,Inf,0.75,0,0.3,0,"fixed",7,0.2,0.3,0.1,"fixed_7",0.263263263263263,0.0139337671627808,0.263,0,1.86866494608001,-0.000414102534362956,-0.00414102534362956,0.0812407801365006,0.0812011648134926,0.937937937937938,0.317681579753583,0.999,999,1000,41.9682,3.20005475343776,0,20260709,1000
40,8,7,0,Inf,0.75,0,0.3,0,"fixed",7,0.2,0.3,0.1,"fixed_7",0.432,0.0156644821171975,0.432,0,1.49791075699492,0.000749604358848965,0.00749604358848965,0.0557330016314149,0.0557101715135688,0.945,0.216659563631288,1,1000,1000,42.005425,3.21016422053634,0,20260709,1000
60,8,7,0,Inf,0.75,0,0.3,0,"fixed",7,0.2,0.3,0.1,"fixed_7",0.596,0.0155172162451904,0.596,0,1.26220822500325,-0.0012082384742863,-0.012082384742863,0.04453629559335,0.0445304163888438,0.954,0.176733627438133,1,1000,1000,42.0067666666667,3.2255878335256,0,20260709,1000
90,8,7,0,Inf,0.75,0,0.3,0,"fixed",7,0.2,0.3,0.1,"fixed_7",0.811,0.012380589646701,0.811,0,1.15973478347768,0.00424578477327969,0.0424578477327969,0.0355565145763869,0.0357914536088297,0.949,0.142874657543362,1,1000,1000,41.9908555555556,3.24451693960452,0,20260709,1000
120,8,7,0,Inf,0.75,0,0.3,0,"fixed",7,0.2,0.3,0.1,"fixed_7",0.885,0.0100883596287999,0.885,0,1.064994423881,-0.000280691233186983,-0.00280691233186983,0.0317214636803592,0.0317068414436808,0.954,0.122821090668952,1,1000,1000,42.0164583333333,3.22320212725395,0,20260709,1000
150,8,7,0,Inf,0.75,0,0.3,0,"fixed",7,0.2,0.3,0.1,"fixed_7",0.931,0.00801492358042171,0.931,0,1.03217834376215,-0.000909865904951276,-0.00909865904951276,0.0289286673243842,0.0289285115644881,0.938,0.109802121802103,1,1000,1000,42.0057133333333,3.23304002676441,0,20260709,1000
20,1,14,0,Inf,0.75,0,0.3,0,"fixed",7,0.2,0.3,0.1,"fixed_7",0.166666666666667,0.0127677377715812,0.142,0.0138888888888889,2.6086686908061,0.000619622799620079,0.00619622799620079,0.115550341336554,0.115484172478862,0.949530516431925,0.451078613169513,0.852,852,1000,10.4762,1.60712393435364,0.266,20260709,1000
40,1,14,0,Inf,0.75,0,0.3,0,"fixed",7,0.2,0.3,0.1,"fixed_7",0.268167860798362,0.0141730011049377,0.262,0.00380228136882129,1.87539023450394,0.000288867876865967,0.00288867876865967,0.0767713100327155,0.0767325544037588,0.95496417604913,0.301062182708952,0.977,977,1000,10.50005,1.61465785883798,0.2604,20260709,1000
60,1,14,0,Inf,0.75,0,0.3,0,"fixed",7,0.2,0.3,0.1,"fixed_7",0.407444668008048,0.0155849560683944,0.405,0,1.59500895970626,0.00156643486651038,0.0156643486651038,0.0637990078824303,0.0637861445948132,0.932595573440644,0.241905949476181,0.994,994,1000,10.5127,1.61162049202912,0.2545,20260709,1000
90,1,14,0,Inf,0.75,0,0.3,0,"fixed",7,0.2,0.3,0.1,"fixed_7",0.506,0.0158102498398982,0.506,0,1.38862544699467,-0.000452560743356867,-0.00452560743356867,0.0507917967879952,0.0507684116903265,0.943,0.196632640200505,1,1000,1000,10.4997222222222,1.60928276856598,0.256933333333333,20260709,1000
120,1,14,0,Inf,0.75,0,0.3,0,"fixed",7,0.2,0.3,0.1,"fixed_7",0.619,0.0153570504980611,0.619,0,1.24683414030143,-0.00149205278293042,-0.0149205278293042,0.0444465111341973,0.0444493316165426,0.944,0.170154472376536,1,1000,1000,10.4924666666667,1.62129531968937,0.260483333333333,20260709,1000
150,1,14,0,Inf,0.75,0,0.3,0,"fixed",7,0.2,0.3,0.1,"fixed_7",0.743,0.0138185020895899,0.743,0,1.16570263815996,-0.000581010832966217,-0.00581010832966217,0.0388944820020031,0.038879371433473,0.945,0.151791442007266,1,1000,1000,10.4962333333333,1.62235005381174,0.260346666666667,20260709,1000
20,2,14,0,Inf,0.75,0,0.3,0,"fixed",7,0.2,0.3,0.1,"fixed_7",0.222787385554425,0.0132720637769543,0.219,0,2.17928265214081,0.00468312073704941,0.0468312073704941,0.0928563899552228,0.0929272261073238,0.943031536113937,0.355702958979323,0.983,983,1000,20.99435,2.27011536182412,0,20260709,1000
40,2,14,0,Inf,0.75,0,0.3,0,"fixed",7,0.2,0.3,0.1,"fixed_7",0.359,0.0151696736945789,0.359,0,1.57788682933694,-0.0031975081495,-0.031975081495,0.0615760948948847,0.0616283044177548,0.946,0.242666417505417,1,1000,1000,20.996775,2.28600728159617,0,20260709,1000
60,2,14,0,Inf,0.75,0,0.3,0,"fixed",7,0.2,0.3,0.1,"fixed_7",0.512,0.0158068339650924,0.512,0,1.36512001590796,-0.00151138634704356,-0.0151138634704356,0.0509597004210421,0.0509566331759211,0.948,0.197050104299301,1,1000,1000,20.9844833333333,2.27759516906803,0,20260709,1000
90,2,14,0,Inf,0.75,0,0.3,0,"fixed",7,0.2,0.3,0.1,"fixed_7",0.684,0.0147018366199601,0.684,0,1.23205936247583,0.0013937776576475,0.013937776576475,0.0423029866321162,0.0423047958448916,0.941,0.160308941643892,1,1000,1000,21.0038,2.27683916194414,0,20260709,1000
120,2,14,0,Inf,0.75,0,0.3,0,"fixed",7,0.2,0.3,0.1,"fixed_7",0.805,0.0125289664378192,0.805,0,1.11065637206142,-0.000628263122120484,-0.00628263122120484,0.0347263999659911,0.0347147180068341,0.95,0.138425797145179,1,1000,1000,21.0093,2.28503888587193,0,20260709,1000
150,2,14,0,Inf,0.75,0,0.3,0,"fixed",7,0.2,0.3,0.1,"fixed_7",0.872,0.0105648473723003,0.872,0,1.07104398403951,-0.000401569654627329,-0.00401569654627329,0.0320795502438427,0.0320660210267956,0.95,0.123421234461358,1,1000,1000,20.9978066666667,2.28699761770947,6.66666666666662e-06,20260709,1000
20,3,14,0,Inf,0.75,0,0.3,0,"fixed",7,0.2,0.3,0.1,"fixed_7",0.258032128514056,0.0138643582935573,0.257,0,1.96569809595325,0.00191832117301573,0.0191832117301573,0.0824068846544912,0.0823878415014847,0.943775100401606,0.325476683922164,0.996,996,1000,31.4968,2.79487447893986,0,20260709,1000
40,3,14,0,Inf,0.75,0,0.3,0,"fixed",7,0.2,0.3,0.1,"fixed_7",0.437,0.0156853753541316,0.437,0,1.49578100279077,0.0014317456156481,0.014317456156481,0.0554262058315597,0.0554169840761609,0.961,0.224157326900981,1,1000,1000,31.50005,2.780945748731,0,20260709,1000
60,3,14,0,Inf,0.75,0,0.3,0,"fixed",7,0.2,0.3,0.1,"fixed_7",0.601,0.0154854447788883,0.601,0,1.30750547230892,0.00152168423905319,0.0152168423905319,0.0468151051108816,0.0468164280504156,0.95,0.183739253861925,1,1000,1000,31.4953333333333,2.80555769476839,0,20260709,1000
90,3,14,0,Inf,0.75,0,0.3,0,"fixed",7,0.2,0.3,0.1,"fixed_7",0.73,0.0140392307481571,0.73,0,1.16064220889992,-0.00160174555573733,-0.0160174555573733,0.0386861356429993,0.0386999491307531,0.949,0.148990944673265,1,1000,1000,31.4879555555556,2.79496223134246,0,20260709,1000
120,3,14,0,Inf,0.75,0,0.3,0,"fixed",7,0.2,0.3,0.1,"fixed_7",0.865,0.0108062481925967,0.865,0,1.08284364105971,0.00020410335613627,0.0020410335613627,0.0329872478145805,0.0329713818036513,0.951,0.12817695681648,1,1000,1000,31.5094916666667,2.80055761213685,0,20260709,1000
150,3,14,0,Inf,0.75,0,0.3,0,"fixed",7,0.2,0.3,0.1,"fixed_7",0.916,0.00877177291087725,0.916,0,1.04284142744368,-0.000639043945604628,-0.00639043945604628,0.0294184560917797,0.029410686670487,0.95,0.11410457315556,1,1000,1000,31.5035266666667,2.80837861111297,0,20260709,1000
20,5,14,0,Inf,0.75,0,0.3,0,"fixed",7,0.2,0.3,0.1,"fixed_7",0.279,0.0141830532678969,0.279,0.00711743772241993,1.84184948542413,0.000138943646133385,0.00138943646133385,0.0784761361751778,0.0784370113554364,0.958,0.310885063798406,1,1000,1000,52.48475,3.55771958271752,0,20260709,1000
40,5,14,0,Inf,0.75,0,0.3,0,"fixed",7,0.2,0.3,0.1,"fixed_7",0.486,0.0158051890213309,0.486,0,1.45288306577944,0.00141336629662414,0.0141336629662414,0.0569692258886002,0.0569582725329381,0.935,0.211586091467193,1,1000,1000,52.533525,3.59714500056272,0,20260709,1000
60,5,14,0,Inf,0.75,0,0.3,0,"fixed",7,0.2,0.3,0.1,"fixed_7",0.632,0.0152504426165276,0.632,0,1.23003395264084,-0.00100660410096616,-0.0100660410096616,0.0413320982921565,0.041323688832186,0.961,0.169398828230314,1,1000,1000,52.50505,3.61363880313492,0,20260709,1000
90,5,14,0,Inf,0.75,0,0.3,0,"fixed",7,0.2,0.3,0.1,"fixed_7",0.796,0.0127429980773757,0.796,0,1.13900671648202,0.00107108455539989,0.0107108455539989,0.0366270102796156,0.0366243575543089,0.936,0.139918222468634,1,1000,1000,52.4925333333333,3.61645778833951,0,20260709,1000
120,5,14,0,Inf,0.75,0,0.3,0,"fixed",7,0.2,0.3,0.1,"fixed_7",0.892,0.00981509042240569,0.892,0,1.06539943509792,0.00027796289450259,0.0027796289450259,0.0313971734819782,0.0313827019793627,0.954,0.119865748499683,1,1000,1000,52.5203,3.60015762446106,0,20260709,1000
150,5,14,0,Inf,0.75,0,0.3,0,"fixed",7,0.2,0.3,0.1,"fixed_7",0.956,0.00648567652600714,0.956,0,1.03362833818847,0.000625255002702982,0.00625255002702982,0.0274647261142164,0.0274581101528637,0.948,0.106650349693833,1,1000,1000,52.49816,3.62639412165488,0,20260709,1000
20,8,14,0,Inf,0.75,0,0.3,0,"fixed",7,0.2,0.3,0.1,"fixed_7",0.286,0.0142899965010493,0.286,0.00694444444444444,1.82069616466527,-0.00259165474514284,-0.0259165474514284,0.0788903404968694,0.078893464952468,0.93,0.292825215868383,1,1000,1000,84.05435,4.52712818513586,0,20260709,1000
40,8,14,0,Inf,0.75,0,0.3,0,"fixed",7,0.2,0.3,0.1,"fixed_7",0.498,0.0158112618092295,0.498,0,1.40750551592962,0.000933582714121209,0.00933582714121209,0.0527018257047262,0.0526837406308894,0.949,0.205051975236835,1,1000,1000,83.988875,4.55528288292699,0,20260709,1000
60,8,14,0,Inf,0.75,0,0.3,0,"fixed",7,0.2,0.3,0.1,"fixed_7",0.674,0.0148230900961979,0.674,0,1.21638782571053,-0.000200809724251585,-0.00200809724251585,0.0422259783936109,0.0422053378447768,0.937,0.163948755840447,1,1000,1000,84.0336166666667,4.55860379258363,0,20260709,1000
90,8,14,0,Inf,0.75,0,0.3,0,"fixed",7,0.2,0.3,0.1,"fixed_7",0.819,0.0121753439376471,0.819,0,1.10025076361012,-0.000531403138047032,-0.00531403138047032,0.0340088050340657,0.0339959499105463,0.953,0.13383710415279,1,1000,1000,84.0314,4.55907963929416,0,20260709,1000
120,8,14,0,Inf,0.75,0,0.3,0,"fixed",7,0.2,0.3,0.1,"fixed_7",0.917,0.00872416185085994,0.917,0,1.05630782944399,0.000633924104056077,0.00633924104056077,0.0298559119292173,0.0298477128339469,0.945,0.115293696821601,1,1000,1000,84.0005333333333,4.58250600577109,0,20260709,1000
150,8,14,0,Inf,0.75,0,0.3,0,"fixed",7,0.2,0.3,0.1,"fixed_7",0.966,0.00573096850453743,0.966,0,1.02459328079689,0.000491258753384988,0.00491258753384988,0.0259939286184584,0.02598557245587,0.945,0.103547476009078,1,1000,1000,84.0003333333333,4.57835155086847,0,20260709,1000
20,1,28,0,Inf,0.75,0,0.3,0,"fixed",7,0.2,0.3,0.1,"fixed_7",0.206510681586979,0.012911153473085,0.203,0.00975609756097561,2.14726932037976,0.00167995857188384,0.0167995857188384,0.0902370286206288,0.0902067627927251,0.948118006103764,0.356427590078686,0.983,983,1000,21.00125,2.2438992924707,0,20260709,1000
40,1,28,0,Inf,0.75,0,0.3,0,"fixed",7,0.2,0.3,0.1,"fixed_7",0.402,0.0155047089621186,0.402,0,1.59562534355148,0.00225516856951764,0.0225516856951764,0.0629870634520099,0.0629959409598916,0.955,0.245655650870693,1,1000,1000,21.0039,2.28111478281521,0,20260709,1000
60,1,28,0,Inf,0.75,0,0.3,0,"fixed",7,0.2,0.3,0.1,"fixed_7",0.518,0.0158011391994375,0.518,0,1.40391008003837,0.00134885426834906,0.0134885426834906,0.0531896004340929,0.0531801078278463,0.933,0.197261616012545,1,1000,1000,21.0099666666667,2.27385552806677,0,20260709,1000
90,1,28,0,Inf,0.75,0,0.3,0,"fixed",7,0.2,0.3,0.1,"fixed_7",0.673,0.0148347901906296,0.673,0,1.2108117541541,-0.000827000809768788,-0.00827000809768788,0.041925276008726,0.0419124679538059,0.941,0.160467891226449,1,1000,1000,21.0020444444444,2.2906352234866,0,20260709,1000
120,1,28,0,Inf,0.75,0,0.3,0,"fixed",7,0.2,0.3,0.1,"fixed_7",0.786,0.0129693484801666,0.786,0,1.10338003472085,-0.00251728593049448,-0.0251728593049448,0.0358513838804307,0.035921764055677,0.948,0.138494244370365,1,1000,1000,20.9897,2.29276764257898,0,20260709,1000
150,1,28,0,Inf,0.75,0,0.3,0,"fixed",7,0.2,0.3,0.1,"fixed_7",0.865,0.0108062481925967,0.865,0,1.06067569869896,-0.0017331912061449,-0.017331912061449,0.0314731285655003,0.0315050982483132,0.945,0.123320632867579,1,1000,1000,20.9985666666667,2.28665037021608,6.66666666666669e-06,20260709,1000
20,2,28,0,Inf,0.75,0,0.3,0,"fixed",7,0.2,0.3,0.1,"fixed_7",0.245,0.0136005514594078,0.245,0.0239043824701195,1.88234504100984,-0.00631081640511669,-0.0631081640511669,0.0836014775670141,0.0837976386781611,0.935,0.313033989428462,1,1000,1000,42.01095,3.17362184547152,0,20260709,1000
40,2,28,0,Inf,0.75,0,0.3,0,"fixed",7,0.2,0.3,0.1,"fixed_7",0.432,0.0156644821171975,0.432,0,1.45893309764319,-0.00209507244408577,-0.0209507244408577,0.0562605030570983,0.0562713807239479,0.937,0.217939874096626,1,1000,1000,41.9853,3.21633496030643,0,20260709,1000
60,2,28,0,Inf,0.75,0,0.3,0,"fixed",7,0.2,0.3,0.1,"fixed_7",0.619,0.0153570504980611,0.619,0,1.26839174044808,0.00015557218270916,0.0015557218270916,0.0447241013499657,0.0447020044184204,0.939,0.174942237049853,1,1000,1000,41.9944833333333,3.22650388276327,0,20260709,1000
90,2,28,0,Inf,0.75,0,0.3,0,"fixed",7,0.2,0.3,0.1,"fixed_7",0.777,0.0131632442809514,0.777,0,1.13845312673313,1.33073934311528e-05,0.000133073934311528,0.0369775204322614,0.0369590294432593,0.947,0.142400532114328,1,1000,1000,42.0104,3.23008325086349,0,20260709,1000
120,2,28,0,Inf,0.75,0,0.3,0,"fixed",7,0.2,0.3,0.1,"fixed_7",0.887,0.0100115433375679,0.887,0,1.06287141336981,-0.000148472820246798,-0.00148472820246798,0.030683441002593,0.0306684548418435,0.953,0.123068855764455,1,1000,1000,41.9961833333333,3.23025833854841,0,20260709,1000
150,2,28,0,Inf,0.75,0,0.3,0,"fixed",7,0.2,0.3,0.1,"fixed_7",0.939,0.00756828910652864,0.939,0,1.03874071262347,0.00031202306696354,0.0031202306696354,0.0289496724137868,0.0289368762606993,0.945,0.10992534110215,1,1000,1000,42.007,3.24057617900641,0,20260709,1000
20,3,28,0,Inf,0.75,0,0.3,0,"fixed",7,0.2,0.3,0.1,"fixed_7",0.274,0.0141040419738457,0.274,0,1.8444911831664,1.116390188792e-05,0.0001116390188792,0.0773237385813148,0.0772850678480393,0.943,0.301785806114002,1,1000,1000,63.0209,3.91243779083061,0,20260709,1000
40,3,28,0,Inf,0.75,0,0.3,0,"fixed",7,0.2,0.3,0.1,"fixed_7",0.468,0.0157789733506334,0.468,0,1.43756778462188,-0.000452912699538344,-0.00452912699538344,0.0539881729044643,0.0539630727503741,0.942,0.208894948040038,1,1000,1000,62.9982,3.94155293772737,0,20260709,1000
60,3,28,0,Inf,0.75,0,0.3,0,"fixed",7,0.2,0.3,0.1,"fixed_7",0.636,0.0152152555022911,0.636,0,1.26828030810332,0.000562596097117521,0.00562596097117521,0.045449140794289,0.0454298942207514,0.931,0.168809399673122,1,1000,1000,62.9890333333333,3.95765962237859,0,20260709,1000
90,3,28,0,Inf,0.75,0,0.3,0,"fixed",7,0.2,0.3,0.1,"fixed_7",0.823,0.0120694241784768,0.823,0,1.0987470321499,-0.000303583715209499,-0.00303583715209499,0.0332248511573191,0.0332096222014603,0.957,0.13721866935945,1,1000,1000,62.9774222222222,3.95340258078973,0,20260709,1000
120,3,28,0,Inf,0.75,0,0.3,0,"fixed",7,0.2,0.3,0.1,"fixed_7",0.906,0.00922843432007835,0.906,0,1.05882192294211,0.000221183949198123,0.00221183949198123,0.0303182141733031,0.0303038584818336,0.941,0.118076266934455,1,1000,1000,63.0004333333333,3.96010312455518,0,20260709,1000
150,3,28,0,Inf,0.75,0,0.3,0,"fixed",7,0.2,0.3,0.1,"fixed_7",0.958,0.00634318531969546,0.958,0,1.02069674804393,-0.000385829646422822,-0.00385829646422822,0.0268486390696294,0.026837984927848,0.949,0.105130519906544,1,1000,1000,63.0099466666667,3.97247879565502,0,20260709,1000
20,5,28,0,Inf,0.75,0,0.3,0,"fixed",7,0.2,0.3,0.1,"fixed_7",0.31,0.0146253205093085,0.31,0.00321543408360129,1.81704970555054,0.000525420914563035,0.00525420914563035,0.0769407434579944,0.0769040583649686,0.938,0.294183210501694,1,1000,1000,105.0477,5.06623744562677,0,20260709,1000
40,5,28,0,Inf,0.75,0,0.3,0,"fixed",7,0.2,0.3,0.1,"fixed_7",0.484,0.0158032907965398,0.484,0,1.37458491497143,-0.0029974435320036,-0.029974435320036,0.0518401559962347,0.051900857793179,0.951,0.201664902131812,1,1000,1000,104.985725,5.10794925606658,0,20260709,1000
60,5,28,0,Inf,0.75,0,0.3,0,"fixed",7,0.2,0.3,0.1,"fixed_7",0.676,0.014799459449588,0.676,0,1.21107772568671,-5.82149361612744e-05,-0.000582149361612744,0.0416038451390265,0.0415830787628879,0.947,0.162404862566207,1,1000,1000,104.990766666667,5.12069714511527,0,20260709,1000
90,5,28,0,Inf,0.75,0,0.3,0,"fixed",7,0.2,0.3,0.1,"fixed_7",0.837,0.0116803681448831,0.837,0,1.10219290575595,0.000182099665390123,0.00182099665390123,0.0346486640234912,0.0346318141162472,0.94,0.132345051525609,1,1000,1000,104.995222222222,5.11078291264371,0,20260709,1000
120,5,28,0,Inf,0.75,0,0.3,0,"fixed",7,0.2,0.3,0.1,"fixed_7",0.924,0.00837997613361756,0.924,0,1.02313658415308,-0.00190620322108241,-0.0190620322108241,0.0285803859436535,0.028629621599797,0.953,0.11435306458022,1,1000,1000,105.012558333333,5.10958582981771,0,20260709,1000
150,5,28,0,Inf,0.75,0,0.3,0,"fixed",7,0.2,0.3,0.1,"fixed_7",0.964,0.00589101010014412,0.964,0,1.03360421906519,0.0011309899081454,0.011309899081454,0.026501358466322,0.0265122389988522,0.936,0.102040308167481,1,1000,1000,104.985633333333,5.12540635792905,0,20260709,1000
20,8,28,0,Inf,0.75,0,0.3,0,"fixed",7,0.2,0.3,0.1,"fixed_7",0.315,0.0146892818068141,0.315,0,1.75629997925557,0.00377386190301535,0.0377386190301535,0.0717293012675228,0.0717926848733891,0.941,0.285009257332842,1,1000,1000,168.0255,6.37558816338932,0,20260709,1000
40,8,28,0,Inf,0.75,0,0.3,0,"fixed",7,0.2,0.3,0.1,"fixed_7",0.535,0.0157726028289563,0.535,0,1.35885805864277,0.000992774451573308,0.00992774451573308,0.050424829687124,0.0504093878820025,0.929,0.197436725654085,1,1000,1000,168.020425,6.43947786517861,0,20260709,1000
60,8,28,0,Inf,0.75,0,0.3,0,"fixed",7,0.2,0.3,0.1,"fixed_7",0.674,0.0148230900961979,0.674,0,1.19918398097232,-0.0013184354943645,-0.013184354943645,0.0421557518483187,0.0421552912294048,0.937,0.159556941480283,1,1000,1000,168.022933333333,6.44002367193594,0,20260709,1000
90,8,28,0,Inf,0.75,0,0.3,0,"fixed",7,0.2,0.3,0.1,"fixed_7",0.848,0.0113532374237483,0.848,0,1.09275616040462,-5.91736641469831e-06,-5.91736641469831e-05,0.0341036899348246,0.0340866343383841,0.951,0.130307541804938,1,1000,1000,167.994411111111,6.47470263021336,0,20260709,1000
120,8,28,0,Inf,0.75,0,0.3,0,"fixed",7,0.2,0.3,0.1,"fixed_7",0.93,0.00806845710157772,0.93,0,1.03721925114333,-0.000569539661703297,-0.00569539661703297,0.0285152230407159,0.0285066518999156,0.948,0.111893887518239,1,1000,1000,167.975008333333,6.43980247824562,0,20260709,1000
150,8,28,0,Inf,0.75,0,0.3,0,"fixed",7,0.2,0.3,0.1,"fixed_7",0.97,0.00539444158370447,0.97,0,1.02107923483543,0.000249382031372994,0.00249382031372994,0.0261597606171483,0.0261478667173544,0.943,0.09974650939868,1,1000,1000,168.0061,6.4699390368087,0,20260709,1000
20,1,21,0,Inf,0.75,0,0.3,0,"fixed",7,0.2,0.3,0.1,"fixed_7",0.186847599164927,0.0125935154906228,0.179,0.0427807486631016,2.27074914947677,-0.00413253085863384,-0.0413253085863384,0.102443474072256,0.102473354711155,0.931106471816284,0.384853723454734,0.958,958,1000,15.7349,1.96693828541735,0.00145,20260709,1000
40,1,21,0,Inf,0.75,0,0.3,0,"fixed",7,0.2,0.3,0.1,"fixed_7",0.319,0.0147390298188178,0.319,0.0093167701863354,1.68802473465232,-0.00253658858501991,-0.0253658858501991,0.0687849947076713,0.0687973720652692,0.945,0.263372190276344,1,1000,1000,15.755275,1.96788265945411,0.00165,20260709,1000
60,1,21,0,Inf,0.75,0,0.3,0,"fixed",7,0.2,0.3,0.1,"fixed_7",0.462,0.0157656588825206,0.462,0,1.46058328041599,-0.00041178664821305,-0.0041178664821305,0.0561530757210472,0.0561265027706553,0.931,0.21028325732386,1,1000,1000,15.75465,1.97575012582993,0.0013,20260709,1000
90,1,21,0,Inf,0.75,0,0.3,0,"fixed",7,0.2,0.3,0.1,"fixed_7",0.639,0.0151881203577006,0.639,0,1.27317781332623,0.000974970344006607,0.00974970344006607,0.0462107973971983,0.0461979753394076,0.935,0.172057002193575,1,1000,1000,15.7580333333333,1.97794943827761,0.00168888888888889,20260709,1000
120,1,21,0,Inf,0.75,0,0.3,0,"fixed",7,0.2,0.3,0.1,"fixed_7",0.742,0.0138360398958662,0.742,0,1.16357656125778,0.000345118850219789,0.00345118850219789,0.0377008194456397,0.0376835447126014,0.947,0.148628251336512,1,1000,1000,15.7488166666667,1.98162242083107,0.001675,20260709,1000
150,1,21,0,Inf,0.75,0,0.3,0,"fixed",7,0.2,0.3,0.1,"fixed_7",0.832,0.0118226900492231,0.832,0,1.10050540855745,0.000274026509208727,0.00274026509208727,0.0331344073822327,0.0331189697023766,0.958,0.133605767070537,1,1000,1000,15.7510933333333,1.97829548002408,0.00170666666666667,20260709,1000
20,2,21,0,Inf,0.75,0,0.3,0,"fixed",7,0.2,0.3,0.1,"fixed_7",0.23370110330993,0.0134023792264074,0.233,0.00851063829787234,1.99482888659321,-0.00360609272191138,-0.0360609272191138,0.0858893961752733,0.0859220175166931,0.936810431293882,0.328179052400046,0.997,997,1000,31.50045,2.78807868900075,0,20260709,1000
40,2,21,0,Inf,0.75,0,0.3,0,"fixed",7,0.2,0.3,0.1,"fixed_7",0.452,0.0157383607786834,0.452,0,1.51686188252823,0.00223845097466056,0.0223845097466056,0.0593129444305756,0.0593255258250062,0.938,0.225414631876362,1,1000,1000,31.502575,2.78208880416563,0,20260709,1000
60,2,21,0,Inf,0.75,0,0.3,0,"fixed",7,0.2,0.3,0.1,"fixed_7",0.569,0.0156601085564564,0.569,0,1.31862409978719,0.000490800657504648,0.00490800657504648,0.0471925722644967,0.0471715234367962,0.947,0.183016280367628,1,1000,1000,31.4825833333333,2.79998487771345,0,20260709,1000
90,2,21,0,Inf,0.75,0,0.3,0,"fixed",7,0.2,0.3,0.1,"fixed_7",0.774,0.0132258837133857,0.774,0,1.17371008469675,0.00240759641306373,0.0240759641306373,0.038373883168227,0.0384301818235033,0.947,0.1481881628437,1,1000,1000,31.5108,2.80368233790442,0,20260709,1000
120,2,21,0,Inf,0.75,0,0.3,0,"fixed",7,0.2,0.3,0.1,"fixed_7",0.859,0.0110054077616415,0.859,0,1.09492132883676,0.00110759097822463,0.0110759097822463,0.0328338057123332,0.0328360700531098,0.953,0.12739383576496,1,1000,1000,31.47805,2.80701829643189,0,20260709,1000
150,2,21,0,Inf,0.75,0,0.3,0,"fixed",7,0.2,0.3,0.1,"fixed_7",0.934,0.00785136930732467,0.934,0,1.04929207451425,0.00101126112155309,0.0101126112155309,0.0289480829200173,0.028951272205128,0.951,0.114181216391727,1,1000,1000,31.5065733333333,2.80157930149235,0,20260709,1000
20,3,21,0,Inf,0.75,0,0.3,0,"fixed",7,0.2,0.3,0.1,"fixed_7",0.284,0.0142598737722323,0.284,0,1.87484212012652,0.00202980241112788,0.0202980241112788,0.0790151758237854,0.0790017386535352,0.94,0.311296646865132,1,1000,1000,47.2091,3.40751399744385,0,20260709,1000
40,3,21,0,Inf,0.75,0,0.3,0,"fixed",7,0.2,0.3,0.1,"fixed_7",0.452,0.0157383607786834,0.452,0,1.45545906349132,0.000148450199690717,0.00148450199690717,0.0550909583358649,0.055063606076386,0.946,0.213850467588668,1,1000,1000,47.256325,3.4078975797911,0,20260709,1000
60,3,21,0,Inf,0.75,0,0.3,0,"fixed",7,0.2,0.3,0.1,"fixed_7",0.626,0.0153011110707687,0.626,0,1.25210491752102,-0.00078112242704162,-0.0078112242704162,0.0432686186047018,0.0432540325848263,0.959,0.172125750895419,1,1000,1000,47.2346833333333,3.40952983002236,0,20260709,1000
90,3,21,0,Inf,0.75,0,0.3,0,"fixed",7,0.2,0.3,0.1,"fixed_7",0.799,0.0126727660753286,0.799,0,1.13384669824646,0.000608686457411245,0.00608686457411245,0.0366213947276392,0.0366081401391712,0.941,0.141256175351539,1,1000,1000,47.2373222222222,3.42744365263218,0,20260709,1000
120,3,21,0,Inf,0.75,0,0.3,0,"fixed",7,0.2,0.3,0.1,"fixed_7",0.896,0.00965318600255895,0.896,0,1.06852629582606,0.000633123201983846,0.00633123201983846,0.0307449811759134,0.0307361262788376,0.951,0.12092715224416,1,1000,1000,47.2496333333333,3.44564715618293,0,20260709,1000
150,3,21,0,Inf,0.75,0,0.3,0,"fixed",7,0.2,0.3,0.1,"fixed_7",0.943,0.00733150734842434,0.943,0,1.04469962084197,0.00114278827759157,0.0114278827759157,0.0281480284494497,0.0281571511189048,0.947,0.108779030131777,1,1000,1000,47.24258,3.43214812283791,0,20260709,1000
20,5,21,0,Inf,0.75,0,0.3,0,"fixed",7,0.2,0.3,0.1,"fixed_7",0.282,0.0142294061717276,0.282,0.00353356890459364,1.82097545811418,-0.00397542014030795,-0.0397542014030795,0.0774480859684952,0.0775113654856835,0.947,0.299396829814106,1,1000,1000,78.7422,4.40711526966456,0,20260709,1000
40,5,21,0,Inf,0.75,0,0.3,0,"fixed",7,0.2,0.3,0.1,"fixed_7",0.475,0.0157916116973538,0.475,0,1.40190290423461,-0.000133764019937602,-0.00133764019937602,0.0497183798979035,0.0496936945213939,0.963,0.205122868662335,1,1000,1000,78.759775,4.39289233797946,0,20260709,1000
60,5,21,0,Inf,0.75,0,0.3,0,"fixed",7,0.2,0.3,0.1,"fixed_7",0.644,0.0151414662433993,0.644,0,1.23369765675303,-0.000672363084677607,-0.00672363084677607,0.0425799610933043,0.0425639766203563,0.948,0.164760195224586,1,1000,1000,78.7608666666667,4.4359198870877,0,20260709,1000
90,5,21,0,Inf,0.75,0,0.3,0,"fixed",7,0.2,0.3,0.1,"fixed_7",0.829,0.0119062588582644,0.829,0,1.095181610896,-0.000594337636004208,-0.00594337636004208,0.0341393829741326,0.0341274846657384,0.948,0.13462228581459,1,1000,1000,78.7438555555556,4.42664285490281,0,20260709,1000
120,5,21,0,Inf,0.75,0,0.3,0,"fixed",7,0.2,0.3,0.1,"fixed_7",0.907,0.00918428004799505,0.907,0,1.04599542553821,-0.000874803385921982,-0.00874803385921982,0.0298649307053805,0.029862810532754,0.934,0.115412922495218,1,1000,1000,78.7542166666667,4.42159137072923,0,20260709,1000
150,5,21,0,Inf,0.75,0,0.3,0,"fixed",7,0.2,0.3,0.1,"fixed_7",0.968,0.00556560868189635,0.968,0,1.01833272065579,-0.000129674248991032,-0.00129674248991032,0.0263620782764714,0.0263492130298915,0.946,0.103900378629162,1,1000,1000,78.7590933333333,4.43565046136527,0,20260709,1000
20,8,21,0,Inf,0.75,0,0.3,0,"fixed",7,0.2,0.3,0.1,"fixed_7",0.279,0.0141830532678969,0.279,0.00357142857142857,1.79153226884506,-0.00384539871160219,-0.0384539871160219,0.076579517442862,0.0766377528411489,0.934,0.290666462868117,1,1000,1000,125.9617,5.5203191966718,0,20260709,1000
40,8,21,0,Inf,0.75,0,0.3,0,"fixed",7,0.2,0.3,0.1,"fixed_7",0.509,0.0158088266484265,0.509,0,1.3779655637349,-0.000655751481707226,-0.00655751481707226,0.0511659225591078,0.0511445372420072,0.949,0.199166333184029,1,1000,1000,125.903975,5.60712559016293,0,20260709,1000
60,8,21,0,Inf,0.75,0,0.3,0,"fixed",7,0.2,0.3,0.1,"fixed_7",0.69,0.0146253205093085,0.69,0,1.19997367190023,-0.00111316448171321,-0.0111316448171321,0.0418794281142273,0.0418732820285072,0.946,0.160795681885688,1,1000,1000,125.989116666667,5.57991260137627,0,20260709,1000
90,8,21,0,Inf,0.75,0,0.3,0,"fixed",7,0.2,0.3,0.1,"fixed_7",0.833,0.01179453263169,0.833,0,1.09231292767776,-0.000581774749354613,-0.00581774749354613,0.0336536332974413,0.0336418330199696,0.947,0.131331372346844,1,1000,1000,126.010955555556,5.58916060505771,0,20260709,1000
120,8,21,0,Inf,0.75,0,0.3,0,"fixed",7,0.2,0.3,0.1,"fixed_7",0.924,0.00837997613361756,0.924,0,1.03905860461866,-0.00078147470668738,-0.0078147470668738,0.0292042688545959,0.0292001221355217,0.947,0.113358888895947,1,1000,1000,125.975808333333,5.59154483927874,0,20260709,1000
150,8,21,0,Inf,0.75,0,0.3,0,"fixed",7,0.2,0.3,0.1,"fixed_7",0.963,0.00596917079668525,0.963,0,1.0071620748352,-0.00141951747666055,-0.0141951747666055,0.0258118547434028,0.0258379686375647,0.95,0.100914901742246,1,1000,1000,125.999326666667,5.60737295773958,0,20260709,1000
20,4,3,0,Inf,0.75,0,0.3,0,"fixed",7,0.2,0.3,0.1,"fixed_7",0.121359223300971,0.0113757087809027,0.1,0.0384615384615385,2.77127457899116,-0.00511795629548396,-0.0511795629548396,0.118201742829431,0.11824081188912,0.949029126213592,0.488588344301956,0.824,824,1000,8.9827,1.49077862867214,0.61315,20260709,1000
40,4,3,0,Inf,0.75,0,0.3,0,"fixed",7,0.2,0.3,0.1,"fixed_7",0.24390243902439,0.0139843132561212,0.23,0.00432900432900433,2.01409234475103,0.00360520711225297,0.0360520711225297,0.0829220165408128,0.0829564142097024,0.948038176033934,0.323361556758961,0.943,943,1000,9.00455,1.4959418059973,0.60685,20260709,1000
60,4,3,0,Inf,0.75,0,0.3,0,"fixed",7,0.2,0.3,0.1,"fixed_7",0.337090163934426,0.0151312693724217,0.329,0.00303030303030303,1.68170567828842,0.00168096611757401,0.0168096611757401,0.0641986696038644,0.0641877870720973,0.957991803278688,0.259211013878877,0.976,976,1000,9.00133333333333,1.49307667490559,0.608383333333333,20260709,1000
90,4,3,0,Inf,0.75,0,0.3,0,"fixed",7,0.2,0.3,0.1,"fixed_7",0.473947895791583,0.0158057245871793,0.473,0,1.44770889613543,0.000928759163351348,0.00928759163351348,0.0529544453376049,0.0529360565373937,0.955911823647295,0.209543995192076,0.998,998,1000,9.00042222222222,1.49827411435821,0.607522222222222,20260709,1000
120,4,3,0,Inf,0.75,0,0.3,0,"fixed",7,0.2,0.3,0.1,"fixed_7",0.628628628628629,0.0152868690143332,0.628,0,1.32389474958672,0.00468514189912338,0.0468514189912338,0.0469206177114079,0.0471305757753974,0.942942942942943,0.181149180834651,0.999,999,1000,8.99680833333333,1.49722074389025,0.609458333333333,20260709,1000
150,4,3,0,Inf,0.75,0,0.3,0,"fixed",7,0.2,0.3,0.1,"fixed_7",0.685,0.0146892818068141,0.685,0,1.22769965665127,0.00106881923625594,0.0106881923625594,0.0423137973282931,0.042306138578879,0.944,0.161315817150127,1,1000,1000,9.00085333333333,1.49543396478573,0.60864,20260709,1000
20,6,3,0,Inf,0.75,0,0.3,0,"fixed",7,0.2,0.3,0.1,"fixed_7",0.193722943722944,0.0130015968382518,0.179,0.0110497237569061,2.41316180109308,0.00392880905236437,0.0392880905236437,0.105096105700916,0.105112669567876,0.93939393939394,0.406817189202624,0.924,924,1000,13.5004,1.82180596204465,0.0201,20260709,1000
40,6,3,0,Inf,0.75,0,0.3,0,"fixed",7,0.2,0.3,0.1,"fixed_7",0.309403437815976,0.014698622211889,0.306,0,1.74070272587776,-0.00254280175628616,-0.0254280175628616,0.0702174296236734,0.0702279711918139,0.941354903943377,0.273753157628541,0.989,989,1000,13.5,1.82122806711,0.0185,20260709,1000
60,6,3,0,Inf,0.75,0,0.3,0,"fixed",7,0.2,0.3,0.1,"fixed_7",0.461461461461461,0.0157722396821728,0.461,0,1.53414060465906,0.00426220469470551,0.0426220469470551,0.0582205700085418,0.0583473061347237,0.942942942942943,0.222950738711321,0.999,999,1000,13.48915,1.83585414258016,0.0200166666666667,20260709,1000
90,6,3,0,Inf,0.75,0,0.3,0,"fixed",7,0.2,0.3,0.1,"fixed_7",0.607,0.015445096309185,0.607,0,1.31424337344124,0.00323278351876717,0.0323278351876717,0.045677539615946,0.0457690078221078,0.959,0.179945820506335,1,1000,1000,13.5019222222222,1.82852374547056,0.0192111111111111,20260709,1000
120,6,3,0,Inf,0.75,0,0.3,0,"fixed",7,0.2,0.3,0.1,"fixed_7",0.719,0.014214042352547,0.719,0,1.18834338402167,0.000681676792389965,0.00681676792389965,0.0394101652894136,0.0393963532609307,0.959,0.155624662386084,1,1000,1000,13.5051,1.8369594928971,0.0189416666666667,20260709,1000
150,6,3,0,Inf,0.75,0,0.3,0,"fixed",7,0.2,0.3,0.1,"fixed_7",0.801,0.0126253316788115,0.801,0,1.11958522159826,2.30512483429535e-05,0.000230512483429535,0.0352012709679623,0.0351836734813492,0.949,0.138702977547601,1,1000,1000,13.4997,1.83591102258717,0.0194133333333333,20260709,1000
20,7,3,0,Inf,0.75,0,0.3,0,"fixed",7,0.2,0.3,0.1,"fixed_7",0.186458333333333,0.0125702866938885,0.179,0.0271739130434783,2.24266490067061,-0.00422688099926341,-0.0422688099926341,0.100756016693095,0.100792195418695,0.93125,0.387282947205892,0.96,960,1000,15.7214,1.95646866967643,0.00145,20260709,1000
40,7,3,0,Inf,0.75,0,0.3,0,"fixed",7,0.2,0.3,0.1,"fixed_7",0.311935807422267,0.0146723444802706,0.311,0.0032051282051282,1.68083929783278,-0.00335613674929003,-0.0335613674929003,0.0662842547228365,0.066335957482718,0.940822467402207,0.261216061145936,0.997,997,1000,15.724775,1.96621468868951,0.001925,20260709,1000
60,7,3,0,Inf,0.75,0,0.3,0,"fixed",7,0.2,0.3,0.1,"fixed_7",0.462,0.0157656588825206,0.462,0,1.45650938294013,-0.000372418907792382,-0.00372418907792382,0.0552106080088627,0.0551842524758148,0.953,0.212787469091076,1,1000,1000,15.7709,1.97674754960915,0.00168333333333333,20260709,1000
90,7,3,0,Inf,0.75,0,0.3,0,"fixed",7,0.2,0.3,0.1,"fixed_7",0.599,0.0154983547513922,0.599,0,1.26039746595264,-0.00191599789532747,-0.0191599789532747,0.0451442799482522,0.0451623632460594,0.939,0.172484400214329,1,1000,1000,15.7399,1.98320186087973,0.00182222222222222,20260709,1000
120,7,3,0,Inf,0.75,0,0.3,0,"fixed",7,0.2,0.3,0.1,"fixed_7",0.75,0.0136930639376292,0.75,0,1.16350674383831,0.000186317121433077,0.00186317121433077,0.0390882487666943,0.0390691440208903,0.937,0.149185708317573,1,1000,1000,15.7608166666667,1.97611506058685,0.00161666666666667,20260709,1000
150,7,3,0,Inf,0.75,0,0.3,0,"fixed",7,0.2,0.3,0.1,"fixed_7",0.837,0.0116803681448831,0.837,0,1.10024740127363,-9.04071951574603e-05,-0.000904071951574603,0.0341408614575185,0.034123906518764,0.95,0.132829569706223,1,1000,1000,15.75198,1.9784712484985,0.00164,20260709,1000
20,4,7,0,Inf,0.75,0,0.3,0,"fixed",7,0.2,0.3,0.1,"fixed_7",0.201213346814965,0.0127481054274892,0.199,0.0197044334975369,2.09805332534016,-0.00355808768313112,-0.0355808768313112,0.0918546500292263,0.091877122293371,0.93933265925177,0.356246116236903,0.989,989,1000,20.9824,2.25989082375176,0,20260709,1000
40,4,7,0,Inf,0.75,0,0.3,0,"fixed",7,0.2,0.3,0.1,"fixed_7",0.353,0.0151126106282138,0.353,0.00282485875706215,1.61175800029649,-0.00153055065334222,-0.0153055065334222,0.0625575139625686,0.0625449573980687,0.949,0.245880008999827,1,1000,1000,20.997175,2.28369490445116,2.49999999999998e-05,20260709,1000
60,4,7,0,Inf,0.75,0,0.3,0,"fixed",7,0.2,0.3,0.1,"fixed_7",0.524524524524524,0.0158002593615655,0.524,0,1.3518674084407,-0.000888762047371275,-0.00888762047371275,0.0500261018451539,0.0500089556761262,0.946946946946947,0.196457321448944,0.999,999,1000,21.0201166666667,2.29851125162258,0,20260709,1000
90,4,7,0,Inf,0.75,0,0.3,0,"fixed",7,0.2,0.3,0.1,"fixed_7",0.662,0.0149584758581882,0.662,0,1.19265863769519,-0.00247597043726076,-0.0247597043726076,0.0403401276839404,0.0403959033227535,0.949,0.160007599126437,1,1000,1000,21.0053333333333,2.29341612627121,0,20260709,1000
120,4,7,0,Inf,0.75,0,0.3,0,"fixed",7,0.2,0.3,0.1,"fixed_7",0.831,0.0118506961820815,0.831,0,1.1147674758896,0.00113634404543517,0.0113634404543517,0.0348139132421504,0.03481505169415,0.954,0.138530755426031,1,1000,1000,20.9834916666667,2.28814973960964,0,20260709,1000
150,4,7,0,Inf,0.75,0,0.3,0,"fixed",7,0.2,0.3,0.1,"fixed_7",0.895,0.00969407035254026,0.895,0,1.07196056220311,0.000520954052939934,0.00520954052939934,0.032025787455174,0.0320140094987668,0.927,0.123814109156629,1,1000,1000,21.0033,2.28782596715042,0,20260709,1000
20,6,7,0,Inf,0.75,0,0.3,0,"fixed",7,0.2,0.3,0.1,"fixed_7",0.228370221327968,0.0133146892202852,0.227,0,2.05667386310815,-0.00223470486329241,-0.0223470486329241,0.0864021179528465,0.0863875541050155,0.925553319919517,0.32632775798865,0.994,994,1000,31.4959,2.78234803815011,0,20260709,1000
40,6,7,0,Inf,0.75,0,0.3,0,"fixed",7,0.2,0.3,0.1,"fixed_7",0.452,0.0157383607786834,0.452,0,1.50059963210128,0.00304995554632874,0.0304995554632874,0.05623283231351,0.0562874011427416,0.951,0.224759576411587,1,1000,1000,31.492825,2.76805481555555,0,20260709,1000
60,6,7,0,Inf,0.75,0,0.3,0,"fixed",7,0.2,0.3,0.1,"fixed_7",0.558,0.0157046489932122,0.558,0,1.29918334435326,-0.00107636614303654,-0.0107636614303654,0.045686897506441,0.0456767323178241,0.951,0.182550625136124,1,1000,1000,31.5110166666667,2.79785416357924,0,20260709,1000
90,6,7,0,Inf,0.75,0,0.3,0,"fixed",7,0.2,0.3,0.1,"fixed_7",0.746,0.0137653187394989,0.746,0,1.14516787727534,-0.00145593260123054,-0.0145593260123054,0.0375153008720392,0.0375247936897651,0.948,0.147803868612771,1,1000,1000,31.5136,2.7999446500592,0,20260709,1000
120,6,7,0,Inf,0.75,0,0.3,0,"fixed",7,0.2,0.3,0.1,"fixed_7",0.872,0.0105648473723003,0.872,0,1.08554929859741,0.000923484693273316,0.00923484693273316,0.0326271275016121,0.0326238830235788,0.947,0.128279356990933,1,1000,1000,31.5058166666667,2.79671414617762,0,20260709,1000
150,6,7,0,Inf,0.75,0,0.3,0,"fixed",7,0.2,0.3,0.1,"fixed_7",0.914,0.00886588969026797,0.914,0,1.05385658005449,0.00028628690533955,0.0028628690533955,0.0298142651509196,0.0298007294587736,0.941,0.114356831250757,1,1000,1000,31.49464,2.79619685423327,0,20260709,1000
20,7,7,0,Inf,0.75,0,0.3,0,"fixed",7,0.2,0.3,0.1,"fixed_7",0.244,0.0135817524642441,0.244,0.00813008130081301,1.95567191387879,-0.00465473210304145,-0.0465473210304145,0.0874046019653993,0.0874848067451499,0.932,0.321874721765455,1,1000,1000,36.7415,2.99626012678576,0,20260709,1000
40,7,7,0,Inf,0.75,0,0.3,0,"fixed",7,0.2,0.3,0.1,"fixed_7",0.42,0.0156076904121013,0.42,0,1.53917713305526,-0.000306299190656834,-0.00306299190656834,0.0604965144159147,0.0604670343857932,0.93,0.222423199128096,1,1000,1000,36.762275,3.00958672554778,0,20260709,1000
60,7,7,0,Inf,0.75,0,0.3,0,"fixed",7,0.2,0.3,0.1,"fixed_7",0.574,0.0156372631876553,0.574,0,1.27140183841298,-0.00283055987579897,-0.0283055987579897,0.0452258362035104,0.0452917537003916,0.95,0.179492149072895,1,1000,1000,36.7447166666667,3.02419881522407,0,20260709,1000
90,7,7,0,Inf,0.75,0,0.3,0,"fixed",7,0.2,0.3,0.1,"fixed_7",0.786,0.0129693484801666,0.786,0,1.14920975023806,0.00131844561414191,0.0131844561414191,0.0371714728574444,0.0371762689741021,0.951,0.144851349102267,1,1000,1000,36.7641111111111,3.02885872142314,0,20260709,1000
120,7,7,0,Inf,0.75,0,0.3,0,"fixed",7,0.2,0.3,0.1,"fixed_7",0.898,0.00957057991973318,0.898,0,1.05334108274704,-0.000454002950495178,-0.00454002950495178,0.0291779030206454,0.0291668440757064,0.961,0.124837046966959,1,1000,1000,36.7581583333333,3.0125198585299,0,20260709,1000
150,7,7,0,Inf,0.75,0,0.3,0,"fixed",7,0.2,0.3,0.1,"fixed_7",0.937,0.00768316341099159,0.937,0,1.04367818822752,0.000774005587129756,0.00774005587129756,0.0288683756875271,0.0288643173550022,0.949,0.111651477902151,1,1000,1000,36.7466066666667,3.03002863246293,0,20260709,1000
20,4,14,0,Inf,0.75,0,0.3,0,"fixed",7,0.2,0.3,0.1,"fixed_7",0.277277277277277,0.0141631629224176,0.277,0,1.8940868208012,0.00199751339481224,0.0199751339481224,0.0805333511716687,0.0805178154071387,0.937937937937938,0.313319751922071,0.999,999,1000,42.01105,3.17688583178708,0,20260709,1000
40,4,14,0,Inf,0.75,0,0.3,0,"fixed",7,0.2,0.3,0.1,"fixed_7",0.448,0.0157256478403912,0.448,0,1.48437668028144,0.00161876913329409,0.0161876913329409,0.0547946646587273,0.0547911784258581,0.948,0.216998334189446,1,1000,1000,42.00205,3.225666748588,0,20260709,1000
60,4,14,0,Inf,0.75,0,0.3,0,"fixed",7,0.2,0.3,0.1,"fixed_7",0.607,0.015445096309185,0.607,0,1.28011151348907,0.00124303322178035,0.0124303322178035,0.0445727231973255,0.0445677692639268,0.95,0.176538952714058,1,1000,1000,42.0367166666667,3.2337612708017,0,20260709,1000
90,4,14,0,Inf,0.75,0,0.3,0,"fixed",7,0.2,0.3,0.1,"fixed_7",0.764,0.0134277324965908,0.764,0,1.13208800610237,-0.00141242404070904,-0.0141242404070904,0.0372968411979411,0.0373049360092182,0.94,0.143131686554215,1,1000,1000,42.0273888888889,3.23555843197454,0,20260709,1000
120,4,14,0,Inf,0.75,0,0.3,0,"fixed",7,0.2,0.3,0.1,"fixed_7",0.868,0.0107040179372047,0.868,0,1.07423579187376,-0.000298467539177602,-0.00298467539177602,0.0307581200461047,0.0307441859494402,0.949,0.122310209444112,1,1000,1000,42.0104,3.242244966102,0,20260709,1000
150,4,14,0,Inf,0.75,0,0.3,0,"fixed",7,0.2,0.3,0.1,"fixed_7",0.948,0.00702111102319284,0.948,0,1.02768629490737,-0.000287600901678592,-0.00287600901678592,0.0278179521075019,0.0278055270634178,0.954,0.109850503759719,1,1000,1000,41.99948,3.24321862080432,0,20260709,1000
20,6,14,0,Inf,0.75,0,0.3,0,"fixed",7,0.2,0.3,0.1,"fixed_7",0.266,0.0139729739139526,0.266,0.00374531835205993,1.83047743167738,-0.00628843732631765,-0.0628843732631765,0.0801995797447842,0.080405752671409,0.931,0.300744925069457,1,1000,1000,62.9839,3.90294305001089,0,20260709,1000
40,6,14,0,Inf,0.75,0,0.3,0,"fixed",7,0.2,0.3,0.1,"fixed_7",0.485,0.0158042715744826,0.485,0,1.43252450260464,0.000934865600988502,0.00934865600988502,0.054098743406019,0.0540797682850443,0.952,0.207587527327533,1,1000,1000,62.998775,3.97220193158161,0,20260709,1000
60,6,14,0,Inf,0.75,0,0.3,0,"fixed",7,0.2,0.3,0.1,"fixed_7",0.633,0.0152417518678136,0.633,0,1.24520835218864,-0.00166065418892833,-0.0166065418892833,0.0448069846959886,0.0448153543331325,0.936,0.168516211001869,1,1000,1000,62.9892833333333,3.94696179365654,0,20260709,1000
90,6,14,0,Inf,0.75,0,0.3,0,"fixed",7,0.2,0.3,0.1,"fixed_7",0.801,0.0126253316788115,0.801,0,1.10839540362235,-0.000938009245631935,-0.00938009245631935,0.0352675223959997,0.0352623623593384,0.953,0.136379994875706,1,1000,1000,62.9933,3.9552982952949,0,20260709,1000
120,6,14,0,Inf,0.75,0,0.3,0,"fixed",7,0.2,0.3,0.1,"fixed_7",0.916,0.00877177291087725,0.916,0,1.04250095845626,-0.000668960047719699,-0.00668960047719699,0.0297102203901058,0.0297028955823918,0.942,0.117489799865373,1,1000,1000,62.986525,3.95810840691747,0,20260709,1000
150,6,14,0,Inf,0.75,0,0.3,0,"fixed",7,0.2,0.3,0.1,"fixed_7",0.97,0.00539444158370447,0.97,0,1.0152772716085,-0.000273694345786835,-0.00273694345786835,0.0262214833139188,0.0262097983508049,0.961,0.105280928914979,1,1000,1000,62.9966066666667,3.95963021431907,0,20260709,1000
20,7,14,0,Inf,0.75,0,0.3,0,"fixed",7,0.2,0.3,0.1,"fixed_7",0.292,0.0143783170086071,0.292,0.00341296928327645,1.81495635281599,-0.00226555147209119,-0.0226555147209119,0.0781373721689046,0.0781311474637685,0.941,0.297953196811458,1,1000,1000,73.52415,4.23019047646882,0,20260709,1000
40,7,14,0,Inf,0.75,0,0.3,0,"fixed",7,0.2,0.3,0.1,"fixed_7",0.477,0.0157946509932952,0.477,0,1.38304603683532,-0.00183618603818854,-0.0183618603818854,0.0512665650309626,0.05127381406284,0.945,0.206325053782261,1,1000,1000,73.500725,4.24448347086163,0,20260709,1000
60,7,14,0,Inf,0.75,0,0.3,0,"fixed",7,0.2,0.3,0.1,"fixed_7",0.659,0.0149906304070242,0.659,0,1.23932112710945,0.000465424522381172,0.00465424522381172,0.0427384779153491,0.0427196387743658,0.945,0.164638890982926,1,1000,1000,73.5050333333333,4.25967534454267,0,20260709,1000
90,7,14,0,Inf,0.75,0,0.3,0,"fixed",7,0.2,0.3,0.1,"fixed_7",0.814,0.01230463327369,0.814,0,1.08606959180987,-0.00250783837811491,-0.0250783837811491,0.0341601713339322,0.0342350645039379,0.937,0.135164627685355,1,1000,1000,73.4866777777778,4.28758527881212,0,20260709,1000
120,7,14,0,Inf,0.75,0,0.3,0,"fixed",7,0.2,0.3,0.1,"fixed_7",0.929,0.00812151463706124,0.929,0,1.03086024626507,-0.00105396076976132,-0.0105396076976132,0.0295478555089297,0.0295518784972395,0.949,0.115992134366529,1,1000,1000,73.5085583333333,4.27172252290233,0,20260709,1000
150,7,14,0,Inf,0.75,0,0.3,0,"fixed",7,0.2,0.3,0.1,"fixed_7",0.963,0.00596917079668525,0.963,0,1.02245380662697,-3.67512305115697e-05,-0.000367512305115697,0.0261408096300953,0.0261277618031417,0.949,0.103830551798701,1,1000,1000,73.5114866666667,4.27029871793967,0,20260709,1000
20,4,28,0,Inf,0.75,0,0.3,0,"fixed",7,0.2,0.3,0.1,"fixed_7",0.297,0.0144496020706454,0.297,0,1.84398103315075,0.000543272747434903,0.00543272747434903,0.0786811904095375,0.0786437164674695,0.929,0.291429700859816,1,1000,1000,84.0493,4.5135808283526,0,20260709,1000
40,4,28,0,Inf,0.75,0,0.3,0,"fixed",7,0.2,0.3,0.1,"fixed_7",0.505,0.0158105977116616,0.505,0,1.40244606161875,0.000309701887430472,0.00309701887430472,0.0524078390057856,0.052382544066952,0.944,0.20288917322866,1,1000,1000,84.027675,4.55762141885001,0,20260709,1000
60,4,28,0,Inf,0.75,0,0.3,0,"fixed",7,0.2,0.3,0.1,"fixed_7",0.663,0.0149476085043729,0.663,0,1.22419850059785,-0.00044644267603354,-0.0044644267603354,0.0424047217774315,0.0423858653286132,0.952,0.164889918627305,1,1000,1000,83.99795,4.53020135687462,0,20260709,1000
90,4,28,0,Inf,0.75,0,0.3,0,"fixed",7,0.2,0.3,0.1,"fixed_7",0.822,0.0120961150788177,0.822,0,1.10867060012279,-0.000214898129879876,-0.00214898129879876,0.0353537618393098,0.0353367339877453,0.944,0.134075216104364,1,1000,1000,84.0175222222222,4.56485069122516,0,20260709,1000
120,4,28,0,Inf,0.75,0,0.3,0,"fixed",7,0.2,0.3,0.1,"fixed_7",0.915,0.00881901355027874,0.915,0,1.04804223638286,-0.000143817025817033,-0.00143817025817033,0.0299793070408223,0.0299646587688591,0.951,0.115319810119185,1,1000,1000,84.000875,4.57250984061923,0,20260709,1000
150,4,28,0,Inf,0.75,0,0.3,0,"fixed",7,0.2,0.3,0.1,"fixed_7",0.949,0.00695693898205238,0.949,0,1.01596353567795,-0.00135762189805903,-0.0135762189805903,0.026927621259294,0.0269483733667801,0.94,0.103490335528908,1,1000,1000,83.9979733333333,4.58014468567841,0,20260709,1000
20,6,28,0,Inf,0.75,0,0.3,0,"fixed",7,0.2,0.3,0.1,"fixed_7",0.288,0.0143197765345692,0.288,0.00346020761245675,1.7728180987576,-0.00226985769157612,-0.0226985769157612,0.0762673884731903,0.0762630322234567,0.932,0.290123145966527,1,1000,1000,126.01275,5.54128880327603,0,20260709,1000
40,6,28,0,Inf,0.75,0,0.3,0,"fixed",7,0.2,0.3,0.1,"fixed_7",0.514,0.0158051890213309,0.514,0,1.38646988085894,0.0012605216123846,0.012605216123846,0.0515224282789044,0.051512085668068,0.942,0.199970476201338,1,1000,1000,126.0042,5.56209996290433,0,20260709,1000
60,6,28,0,Inf,0.75,0,0.3,0,"fixed",7,0.2,0.3,0.1,"fixed_7",0.69,0.0146253205093085,0.69,0,1.20309259640888,2.71336778348563e-06,2.71336778348563e-05,0.0417050362949986,0.0416841786494246,0.948,0.1606525699505,1,1000,1000,126.010916666667,5.5975719150449,0,20260709,1000
90,6,28,0,Inf,0.75,0,0.3,0,"fixed",7,0.2,0.3,0.1,"fixed_7",0.842,0.0115341232870123,0.842,0,1.08561916054757,-0.000788128333595317,-0.00788128333595317,0.0337758733697753,0.0337681796746497,0.945,0.13127263541158,1,1000,1000,125.974688888889,5.58323416882068,0,20260709,1000
120,6,28,0,Inf,0.75,0,0.3,0,"fixed",7,0.2,0.3,0.1,"fixed_7",0.941,0.00745110730026082,0.941,0,1.03435602919487,4.31247696864034e-05,0.000431247696864034,0.0290298461795876,0.0290153596735775,0.946,0.112649912440349,1,1000,1000,126.011516666667,5.59875794331985,0,20260709,1000
150,6,28,0,Inf,0.75,0,0.3,0,"fixed",7,0.2,0.3,0.1,"fixed_7",0.966,0.00573096850453743,0.966,0,1.00998159472371,-0.00104753477962578,-0.0104753477962578,0.0259528871270853,0.0259610501905359,0.943,0.101059684084359,1,1000,1000,125.971773333333,5.60657823844772,0,20260709,1000
20,7,28,0,Inf,0.75,0,0.3,0,"fixed",7,0.2,0.3,0.1,"fixed_7",0.309,0.0146122893483533,0.309,0.00643086816720257,1.73967056169106,-0.00127982722207966,-0.0127982722207966,0.0736811980259549,0.0736554681019394,0.928,0.284208270913108,1,1000,1000,147.0169,6.0320592674309,0,20260709,1000
40,7,28,0,Inf,0.75,0,0.3,0,"fixed",7,0.2,0.3,0.1,"fixed_7",0.532,0.0157789733506334,0.532,0,1.39125359206611,0.00249027990005811,0.0249027990005811,0.0524595408795538,0.0524924082115206,0.941,0.199797759940151,1,1000,1000,146.934875,6.00701583731589,0,20260709,1000
60,7,28,0,Inf,0.75,0,0.3,0,"fixed",7,0.2,0.3,0.1,"fixed_7",0.685,0.0146892818068141,0.685,0,1.21833225894858,0.000742347689601922,0.00742347689601922,0.0419073813626809,0.0418930001808984,0.937,0.159782107823989,1,1000,1000,147.009033333333,6.02672780481991,0,20260709,1000
90,7,28,0,Inf,0.75,0,0.3,0,"fixed",7,0.2,0.3,0.1,"fixed_7",0.867,0.0107382959542006,0.867,0,1.10680683285313,0.00243533609832006,0.0243533609832006,0.0331090796574654,0.0331820102844962,0.945,0.130299451323793,1,1000,1000,147.022888888889,6.06286641540009,0,20260709,1000
120,7,28,0,Inf,0.75,0,0.3,0,"fixed",7,0.2,0.3,0.1,"fixed_7",0.935,0.0077958322198467,0.935,0,1.03674579755939,-8.32694455404348e-05,-0.000832694455404348,0.0278238086233847,0.0278100179033561,0.959,0.112808636547524,1,1000,1000,146.980466666667,6.05716783166097,0,20260709,1000
150,7,28,0,Inf,0.75,0,0.3,0,"fixed",7,0.2,0.3,0.1,"fixed_7",0.978,0.00463853425124791,0.978,0,1.02494930449,0.00112353768655311,0.0112353768655311,0.0247434545957123,0.0247565878852044,0.957,0.100192221268488,1,1000,1000,147.046533333333,6.05509866418028,0,20260709,1000
20,4,21,0,Inf,0.75,0,0.3,0,"fixed",7,0.2,0.3,0.1,"fixed_7",0.269,0.0140228028582021,0.269,0.00738007380073801,1.85656896028873,-0.000149139019603117,-0.00149139019603117,0.0778395940830643,0.0778008074961718,0.938,0.302211320953272,1,1000,1000,62.9876,3.92766081549242,0,20260709,1000
40,4,21,0,Inf,0.75,0,0.3,0,"fixed",7,0.2,0.3,0.1,"fixed_7",0.491,0.0158088266484265,0.491,0,1.41921770149257,0.00116117669009078,0.0116117669009078,0.053431236979751,0.0534171369450547,0.941,0.207388081194702,1,1000,1000,63.004075,3.94616638963757,0,20260709,1000
60,4,21,0,Inf,0.75,0,0.3,0,"fixed",7,0.2,0.3,0.1,"fixed_7",0.629,0.0152760924322943,0.629,0,1.20374619448599,-0.00251036014062428,-0.0251036014062428,0.0403161705625307,0.0403741269039205,0.967,0.16866022089403,1,1000,1000,62.9835,3.9523495696097,0,20260709,1000
90,4,21,0,Inf,0.75,0,0.3,0,"fixed",7,0.2,0.3,0.1,"fixed_7",0.799,0.0126727660753286,0.799,0,1.12120673300028,-0.000642658692128539,-0.00642658692128539,0.0358999413364082,0.0358877415333448,0.939,0.136789290199595,1,1000,1000,62.9906666666667,3.9571065676637,0,20260709,1000
120,4,21,0,Inf,0.75,0,0.3,0,"fixed",7,0.2,0.3,0.1,"fixed_7",0.912,0.00895857131466843,0.912,0,1.03356530906324,-0.00168632426290383,-0.0168632426290383,0.0293565254756851,0.0293902615152741,0.949,0.117636192891429,1,1000,1000,63.0172166666667,3.95676564127521,0,20260709,1000
150,4,21,0,Inf,0.75,0,0.3,0,"fixed",7,0.2,0.3,0.1,"fixed_7",0.954,0.00662449998113065,0.954,0,1.01347373032928,-0.00121788805472349,-0.0121788805472349,0.0259231574513479,0.0259387997692446,0.952,0.105652367881692,1,1000,1000,62.99368,3.96057619316713,0,20260709,1000
20,6,21,0,Inf,0.75,0,0.3,0,"fixed",7,0.2,0.3,0.1,"fixed_7",0.312,0.0146511433000978,0.312,0.00319488817891374,1.78825746264528,0.000573343978402127,0.00573343978402127,0.0757800580876862,0.07574432856582,0.93,0.291067898483952,1,1000,1000,94.43245,4.77431862501524,0,20260709,1000
40,6,21,0,Inf,0.75,0,0.3,0,"fixed",7,0.2,0.3,0.1,"fixed_7",0.501,0.0158113566780337,0.501,0.00199203187250996,1.40137575766334,-0.000297108022258352,-0.00297108022258352,0.0538137293211558,0.053787636303932,0.932,0.202687174814146,1,1000,1000,94.566975,4.80928368084494,0,20260709,1000
60,6,21,0,Inf,0.75,0,0.3,0,"fixed",7,0.2,0.3,0.1,"fixed_7",0.632,0.0152504426165276,0.632,0,1.21465717030936,-0.00218981295691822,-0.0218981295691822,0.0414083495871022,0.0414455310606394,0.951,0.164411628825717,1,1000,1000,94.5341166666667,4.86855499369275,0,20260709,1000
90,6,21,0,Inf,0.75,0,0.3,0,"fixed",7,0.2,0.3,0.1,"fixed_7",0.83,0.0118785521003193,0.83,0,1.09437094492937,-0.00068271883457624,-0.0068271883457624,0.0341110256215326,0.034100800751463,0.95,0.133169045090536,1,1000,1000,94.5038444444444,4.82583056442724,0,20260709,1000
120,6,21,0,Inf,0.75,0,0.3,0,"fixed",7,0.2,0.3,0.1,"fixed_7",0.921,0.00852988862764339,0.921,0,1.04136763490288,-0.000269516469179901,-0.00269516469179901,0.0291176893225483,0.0291043747704725,0.95,0.115039595963327,1,1000,1000,94.4963916666667,4.85042856415879,0,20260709,1000
150,6,21,0,Inf,0.75,0,0.3,0,"fixed",7,0.2,0.3,0.1,"fixed_7",0.965,0.00581162627841812,0.965,0,1.01825667567332,-0.000273014537986602,-0.00273014537986602,0.0267375503645381,0.0267255727690665,0.951,0.102299686495141,1,1000,1000,94.50202,4.86112753714607,0,20260709,1000
20,7,21,0,Inf,0.75,0,0.3,0,"fixed",7,0.2,0.3,0.1,"fixed_7",0.298,0.0144636095080032,0.298,0.00334448160535117,1.78472385964219,-0.0036877482172156,-0.036877482172156,0.0775857490949415,0.0776345825072446,0.933,0.290629638132312,1,1000,1000,110.2397,5.20136343834249,0,20260709,1000
40,7,21,0,Inf,0.75,0,0.3,0,"fixed",7,0.2,0.3,0.1,"fixed_7",0.532,0.0157789733506334,0.532,0,1.38587938796476,0.00301711129501694,0.0301711129501694,0.0505738624430563,0.0506385308575722,0.948,0.201813985616498,1,1000,1000,110.271375,5.18111192400639,0,20260709,1000
60,7,21,0,Inf,0.75,0,0.3,0,"fixed",7,0.2,0.3,0.1,"fixed_7",0.659,0.0149906304070242,0.659,0,1.22901607560357,0.000561455477351064,0.00561455477351064,0.0418316013676662,0.0418144499230038,0.949,0.163471035961196,1,1000,1000,110.25265,5.22089485157048,0,20260709,1000
90,7,21,0,Inf,0.75,0,0.3,0,"fixed",7,0.2,0.3,0.1,"fixed_7",0.874,0.010493998284734,0.874,0,1.09726730351583,0.00208107758276674,0.0208107758276674,0.0321528530575421,0.0322040841770985,0.95,0.131354940560609,1,1000,1000,110.238044444444,5.23671986173816,0,20260709,1000
120,7,21,0,Inf,0.75,0,0.3,0,"fixed",7,0.2,0.3,0.1,"fixed_7",0.935,0.0077958322198467,0.935,0,1.02949214220731,-0.000709366557736651,-0.00709366557736651,0.0286572490790834,0.0286516995616156,0.958,0.113599523885876,1,1000,1000,110.237783333333,5.21972081140951,0,20260709,1000
150,7,21,0,Inf,0.75,0,0.3,0,"fixed",7,0.2,0.3,0.1,"fixed_7",0.964,0.00589101010014412,0.964,0,1.0232089541236,0.000228661795950408,0.00228661795950408,0.0257971138080843,0.0257852259242256,0.954,0.101463941844837,1,1000,1000,110.244813333333,5.24084541868656,0,20260709,1000
20,1,1,0,Inf,0.75,0,0.3,0,"fixed",7,0.2,0.3,0.1,"fixed_7",NA,NA,0,NA,NA,NA,NA,NA,NA,NA,NA,0,0,1000,0.74665,0.428934705707433,1,20260709,1000
40,1,1,0,Inf,0.75,0,0.3,0,"fixed",7,0.2,0.3,0.1,"fixed_7",NA,NA,0,NA,NA,NA,NA,NA,NA,NA,NA,0,0,1000,0.75015,0.430714161978675,1,20260709,1000
60,1,1,0,Inf,0.75,0,0.3,0,"fixed",7,0.2,0.3,0.1,"fixed_7",NA,NA,0,NA,NA,NA,NA,NA,NA,NA,NA,0,0,1000,0.748883333333333,0.432186406513729,1,20260709,1000
90,1,1,0,Inf,0.75,0,0.3,0,"fixed",7,0.2,0.3,0.1,"fixed_7",NA,NA,0,NA,NA,NA,NA,NA,NA,NA,NA,0,0,1000,0.749833333333333,0.432112423062037,1,20260709,1000
120,1,1,0,Inf,0.75,0,0.3,0,"fixed",7,0.2,0.3,0.1,"fixed_7",NA,NA,0,NA,NA,NA,NA,NA,NA,NA,NA,0,0,1000,0.75125,0.43158957926795,1,20260709,1000
150,1,1,0,Inf,0.75,0,0.3,0,"fixed",7,0.2,0.3,0.1,"fixed_7",NA,NA,0,NA,NA,NA,NA,NA,NA,NA,NA,0,0,1000,0.750186666666667,0.432398080877259,1,20260709,1000
20,2,1,0,Inf,0.75,0,0.3,0,"fixed",7,0.2,0.3,0.1,"fixed_7",NA,NA,0,NA,NA,NA,NA,NA,NA,NA,NA,0,0,1000,1.5077,0.601433663420635,1,20260709,1000
40,2,1,0,Inf,0.75,0,0.3,0,"fixed",7,0.2,0.3,0.1,"fixed_7",NA,NA,0,NA,NA,NA,NA,NA,NA,NA,NA,0,0,1000,1.49985,0.613783591782837,1,20260709,1000
60,2,1,0,Inf,0.75,0,0.3,0,"fixed",7,0.2,0.3,0.1,"fixed_7",NA,NA,0,NA,NA,NA,NA,NA,NA,NA,NA,0,0,1000,1.49961666666667,0.613116469297634,1,20260709,1000
90,2,1,0,Inf,0.75,0,0.3,0,"fixed",7,0.2,0.3,0.1,"fixed_7",NA,NA,0,NA,NA,NA,NA,NA,NA,NA,NA,0,0,1000,1.50128888888889,0.609635824723982,1,20260709,1000
120,2,1,0,Inf,0.75,0,0.3,0,"fixed",7,0.2,0.3,0.1,"fixed_7",NA,NA,0,NA,NA,NA,NA,NA,NA,NA,NA,0,0,1000,1.50184166666667,0.610233774520995,1,20260709,1000
150,2,1,0,Inf,0.75,0,0.3,0,"fixed",7,0.2,0.3,0.1,"fixed_7",NA,NA,0,NA,NA,NA,NA,NA,NA,NA,NA,0,0,1000,1.49796666666667,0.611741651939563,1,20260709,1000
20,3,1,0,Inf,0.75,0,0.3,0,"fixed",7,0.2,0.3,0.1,"fixed_7",NA,NA,0,NA,NA,NA,NA,NA,NA,NA,NA,0,0,1000,2.2493,0.742648718391361,1,20260709,1000
40,3,1,0,Inf,0.75,0,0.3,0,"fixed",7,0.2,0.3,0.1,"fixed_7",NA,NA,0,NA,NA,NA,NA,NA,NA,NA,NA,0,0,1000,2.252275,0.748292390459939,1,20260709,1000
60,3,1,0,Inf,0.75,0,0.3,0,"fixed",7,0.2,0.3,0.1,"fixed_7",NA,NA,0,NA,NA,NA,NA,NA,NA,NA,NA,0,0,1000,2.24593333333333,0.750778069465379,1,20260709,1000
90,3,1,0,Inf,0.75,0,0.3,0,"fixed",7,0.2,0.3,0.1,"fixed_7",NA,NA,0,NA,NA,NA,NA,NA,NA,NA,NA,0,0,1000,2.2506,0.749377078576277,1,20260709,1000
120,3,1,0,Inf,0.75,0,0.3,0,"fixed",7,0.2,0.3,0.1,"fixed_7",NA,NA,0,NA,NA,NA,NA,NA,NA,NA,NA,0,0,1000,2.24806666666667,0.747988288815719,1,20260709,1000
150,3,1,0,Inf,0.75,0,0.3,0,"fixed",7,0.2,0.3,0.1,"fixed_7",NA,NA,0,NA,NA,NA,NA,NA,NA,NA,NA,0,0,1000,2.24748666666667,0.74948989903232,1,20260709,1000
20,4,1,0,Inf,0.75,0,0.3,0,"fixed",7,0.2,0.3,0.1,"fixed_7",0.0503597122302158,0.0185487131579295,0.007,0,5.75752106696805,-0.0137654579577511,-0.137654579577511,0.264686053778658,0.264091225568776,0.956834532374101,1.07178626480339,0.139,139,1000,3.0028,0.851563361610889,1,20260709,1000
40,4,1,0,Inf,0.75,0,0.3,0,"fixed",7,0.2,0.3,0.1,"fixed_7",0.0916030534351145,0.0252032855662093,0.012,0.0769230769230769,3.91910408476843,0.00506938339850424,0.0506938339850424,0.167579234642415,0.167015346639718,0.923664122137405,0.683111653608466,0.131,131,1000,2.9983,0.862657921285583,1,20260709,1000
60,4,1,0,Inf,0.75,0,0.3,0,"fixed",7,0.2,0.3,0.1,"fixed_7",0.0740740740740741,0.0225400229425994,0.01,0.166666666666667,3.06808051923414,-0.0119887856953447,-0.119887856953447,0.139632029731984,0.139629551739421,0.940740740740741,0.526566795457302,0.135,135,1000,2.99281666666667,0.867331637426256,1,20260709,1000
90,4,1,0,Inf,0.75,0,0.3,0,"fixed",7,0.2,0.3,0.1,"fixed_7",0.168067226890756,0.0342777378493285,0.02,0.0476190476190476,2.62175788341146,0.0064384105348461,0.064384105348461,0.107786148002999,0.107525242658826,0.966386554621849,0.413125269695519,0.119,119,1000,3.00491111111111,0.862507775362192,1,20260709,1000
120,4,1,0,Inf,0.75,0,0.3,0,"fixed",7,0.2,0.3,0.1,"fixed_7",0.263157894736842,0.0381829605321059,0.035,0,2.36305552391811,0.013588426597033,0.13588426597033,0.0976766387626341,0.0982529201459119,0.93984962406015,0.361193157339625,0.133,133,1000,2.99983333333333,0.866644465378467,1,20260709,1000
150,4,1,0,Inf,0.75,0,0.3,0,"fixed",7,0.2,0.3,0.1,"fixed_7",0.305785123966942,0.0418853790075623,0.037,0,2.02646136344862,0.0189146984672241,0.189146984672241,0.074558526589939,0.0766211313699822,0.950413223140496,0.318249741407301,0.121,121,1000,3.0029,0.862623420634024,1,20260709,1000
20,5,1,0,Inf,0.75,0,0.3,0,"fixed",7,0.2,0.3,0.1,"fixed_7",0.0884955752212389,0.0188923485457212,0.02,0.130434782608696,4.75787892675396,-0.00279974448315241,-0.0279974448315241,0.240229603805573,0.239713883556525,0.955752212389381,0.8680898267915,0.226,226,1000,3.7468,0.952579353624348,1,20260709,1000
40,5,1,0,Inf,0.75,0,0.3,0,"fixed",7,0.2,0.3,0.1,"fixed_7",0.117283950617284,0.0252797222139672,0.019,0,3.16843269639737,0.0077878745031494,0.077878745031494,0.144781264688803,0.14454367129494,0.938271604938272,0.57150583904828,0.162,162,1000,3.7585,0.961880263596478,1,20260709,1000
60,5,1,0,Inf,0.75,0,0.3,0,"fixed",7,0.2,0.3,0.1,"fixed_7",0.132911392405063,0.0270074947607739,0.021,0,2.9135848352625,0.013095857013143,0.13095857013143,0.104110494300805,0.104603514568777,0.949367088607595,0.46578229998254,0.158,158,1000,3.7471,0.962325779892433,1,20260709,1000
90,5,1,0,Inf,0.75,0,0.3,0,"fixed",7,0.2,0.3,0.1,"fixed_7",0.196319018404908,0.0311120931469469,0.032,0,2.32607245303866,0.00263306616017786,0.0263306616017786,0.0931453195055201,0.0928964815223237,0.94478527607362,0.364295114621132,0.163,163,1000,3.75515555555556,0.966898380467677,1,20260709,1000
120,5,1,0,Inf,0.75,0,0.3,0,"fixed",7,0.2,0.3,0.1,"fixed_7",0.195121951219512,0.0357326767821088,0.024,0,1.90421140933113,0.00101263340393382,0.0101263340393382,0.0677748366532496,0.0675063623873048,0.967479674796748,0.30722051895795,0.123,123,1000,3.75070833333333,0.967457558134611,1,20260709,1000
150,5,1,0,Inf,0.75,0,0.3,0,"fixed",7,0.2,0.3,0.1,"fixed_7",0.364779874213836,0.0381749957335979,0.058,0,1.72056945452879,0.00188357825049337,0.0188357825049337,0.0703756082424459,0.0701792339721165,0.943396226415094,0.269500709190288,0.159,159,1000,3.75096,0.964857671722171,1,20260709,1000
20,6,1,0,Inf,0.75,0,0.3,0,"fixed",7,0.2,0.3,0.1,"fixed_7",0.0893470790378007,0.0167213034178088,0.026,0,4.3108436151101,0.0233269577574474,0.233269577574474,0.193980677060421,0.195047026279151,0.965635738831615,0.767018232960054,0.291,291,1000,4.5074,1.05314748994162,1,20260709,1000
40,6,1,0,Inf,0.75,0,0.3,0,"fixed",7,0.2,0.3,0.1,"fixed_7",0.104803493449782,0.0202408770986517,0.024,0,3.07624111166483,0.00016297496482634,0.0016297496482634,0.120318809307284,0.120055927678563,0.973799126637555,0.505456604653334,0.229,229,1000,4.49945,1.05463880616604,1,20260709,1000
60,6,1,0,Inf,0.75,0,0.3,0,"fixed",7,0.2,0.3,0.1,"fixed_7",0.157635467980296,0.0255757858866323,0.032,0,2.40558994453234,-0.00027112383833644,-0.0027112383833644,0.0942447557656301,0.0940127301933003,0.970443349753695,0.399079106565577,0.203,203,1000,4.50526666666667,1.05304240590189,1,20260709,1000
90,6,1,0,Inf,0.75,0,0.3,0,"fixed",7,0.2,0.3,0.1,"fixed_7",0.220779220779221,0.0334232748490043,0.034,0.0285714285714286,1.90133074139173,-0.00791174339423728,-0.0791174339423728,0.0798317153703795,0.0799644588441294,0.948051948051948,0.318195945491035,0.154,154,1000,4.50568888888889,1.05892609719261,1,20260709,1000
120,6,1,0,Inf,0.75,0,0.3,0,"fixed",7,0.2,0.3,0.1,"fixed_7",0.308724832214765,0.0378458379604822,0.046,0,1.78761017881126,0.00467580050931489,0.0467580050931489,0.0657302275790624,0.0656759433373384,0.946308724832215,0.27121922116336,0.149,149,1000,4.49679166666667,1.05834890924979,1,20260709,1000
150,6,1,0,Inf,0.75,0,0.3,0,"fixed",7,0.2,0.3,0.1,"fixed_7",0.307228915662651,0.0358073248415691,0.051,0,1.57260730239664,-0.00348288022815563,-0.0348288022815563,0.054931863257445,0.0548767918790629,0.963855421686747,0.2421392031651,0.166,166,1000,4.49824,1.06246487420937,1,20260709,1000
20,7,1,0,Inf,0.75,0,0.3,0,"fixed",7,0.2,0.3,0.1,"fixed_7",0.107416879795396,0.0156592956084389,0.042,0.0232558139534884,3.67845913013251,0.016198718690739,0.16198718690739,0.170652765582192,0.171202462402184,0.964194373401535,0.688560740003474,0.391,391,1000,5.25045,1.13635640251367,1,20260709,1000
40,7,1,0,Inf,0.75,0,0.3,0,"fixed",7,0.2,0.3,0.1,"fixed_7",0.129793510324484,0.0182531489991144,0.044,0.0222222222222222,2.70242375896225,0.0034829414375418,0.034829414375418,0.108854385382617,0.108749503345879,0.952802359882006,0.44651636220606,0.339,339,1000,5.255825,1.13965867846833,1,20260709,1000
60,7,1,0,Inf,0.75,0,0.3,0,"fixed",7,0.2,0.3,0.1,"fixed_7",0.216828478964401,0.023442685714511,0.067,0.0289855072463768,2.17514831226752,0.00178394218139145,0.0178394218139145,0.0898111849008801,0.0896834860204257,0.954692556634304,0.360329244333675,0.309,309,1000,5.25438333333333,1.13879955747806,1,20260709,1000
90,7,1,0,Inf,0.75,0,0.3,0,"fixed",7,0.2,0.3,0.1,"fixed_7",0.259574468085106,0.0285981373893878,0.061,0,1.83192739315769,0.0021133671035551,0.021133671035551,0.0661081466524862,0.0660011848996252,0.965957446808511,0.290404654235348,0.235,235,1000,5.25455555555556,1.13848108513974,1,20260709,1000
120,7,1,0,Inf,0.75,0,0.3,0,"fixed",7,0.2,0.3,0.1,"fixed_7",0.422885572139304,0.0348453131116559,0.085,0,1.71064354526456,0.0150798703349738,0.150798703349738,0.061928162912591,0.0635878900787821,0.940298507462687,0.247757313773725,0.201,201,1000,5.25035833333333,1.14180650879225,1,20260709,1000
150,7,1,0,Inf,0.75,0,0.3,0,"fixed",7,0.2,0.3,0.1,"fixed_7",0.47979797979798,0.0355044369385293,0.095,0,1.52183941328012,0.00687862669319306,0.0687862669319306,0.0549717299925151,0.0552625056190895,0.964646464646465,0.221341377604439,0.198,198,1000,5.24790666666667,1.14200081011501,1,20260709,1000
20,8,1,0,Inf,0.75,0,0.3,0,"fixed",7,0.2,0.3,0.1,"fixed_7",0.102083333333333,0.0138189427951943,0.049,0.0392156862745098,3.51581857038948,0.00349976579689602,0.0349976579689602,0.15746215023833,0.157336970438397,0.95,0.617667467949984,0.48,480,1000,5.9994,1.19858555972719,1,20260709,1000
40,8,1,0,Inf,0.75,0,0.3,0,"fixed",7,0.2,0.3,0.1,"fixed_7",0.228360957642726,0.0180143298120368,0.124,0.0236220472440945,2.58301863469149,0.0106690703265769,0.106690703265769,0.112248455884285,0.112651413721488,0.933701657458563,0.40314354171715,0.543,543,1000,6.0059,1.21226636067899,1,20260709,1000
60,8,1,0,Inf,0.75,0,0.3,0,"fixed",7,0.2,0.3,0.1,"fixed_7",0.233208955223881,0.0182653808845269,0.125,0,2.14751710031338,0.0037201241031458,0.037201241031458,0.0853061576709833,0.0853076966351632,0.919776119402985,0.326020820508236,0.536,536,1000,6.00163333333333,1.21960932639428,1,20260709,1000
90,8,1,0,Inf,0.75,0,0.3,0,"fixed",7,0.2,0.3,0.1,"fixed_7",0.37855579868709,0.0226886116454288,0.173,0.00574712643678161,1.72967959044195,0.00791738666820609,0.0791738666820609,0.0684872415619083,0.0688688869325334,0.940919037199125,0.261548237736786,0.457,457,1000,6.00097777777778,1.22242018382705,1,20260709,1000
120,8,1,0,Inf,0.75,0,0.3,0,"fixed",7,0.2,0.3,0.1,"fixed_7",0.429885057471264,0.023736285566457,0.187,0,1.57184961664283,0.00485179136892382,0.0485179136892382,0.0591674244872052,0.0592981974460392,0.935632183908046,0.227063239876661,0.435,435,1000,5.9987,1.2256020958985,1,20260709,1000
150,8,1,0,Inf,0.75,0,0.3,0,"fixed",7,0.2,0.3,0.1,"fixed_7",0.562043795620438,0.0244725660707083,0.231,0,1.44250338627244,0.00660947756445897,0.0660947756445897,0.0542075018672458,0.054543459104203,0.929440389294404,0.20139940757904,0.411,411,1000,6.00333333333333,1.22116616044767,1,20260709,1000
20,1,2,0,Inf,0.75,0,0.3,0,"fixed",7,0.2,0.3,0.1,"fixed_7",NA,NA,0,NA,NA,NA,NA,NA,NA,NA,NA,0,0,1000,1.4929,0.613664057846734,1,20260709,1000
40,1,2,0,Inf,0.75,0,0.3,0,"fixed",7,0.2,0.3,0.1,"fixed_7",NA,NA,0,NA,NA,NA,NA,NA,NA,NA,NA,0,0,1000,1.498575,0.612740465317991,1,20260709,1000
60,1,2,0,Inf,0.75,0,0.3,0,"fixed",7,0.2,0.3,0.1,"fixed_7",NA,NA,0,NA,NA,NA,NA,NA,NA,NA,NA,0,0,1000,1.50145,0.608700858346814,1,20260709,1000
90,1,2,0,Inf,0.75,0,0.3,0,"fixed",7,0.2,0.3,0.1,"fixed_7",NA,NA,0,NA,NA,NA,NA,NA,NA,NA,NA,0,0,1000,1.5028,0.61013356331765,1,20260709,1000
120,1,2,0,Inf,0.75,0,0.3,0,"fixed",7,0.2,0.3,0.1,"fixed_7",NA,NA,0,NA,NA,NA,NA,NA,NA,NA,NA,0,0,1000,1.49983333333333,0.611564354577239,1,20260709,1000
150,1,2,0,Inf,0.75,0,0.3,0,"fixed",7,0.2,0.3,0.1,"fixed_7",NA,NA,0,NA,NA,NA,NA,NA,NA,NA,NA,0,0,1000,1.49983333333333,0.611303002856701,1,20260709,1000
20,2,2,0,Inf,0.75,0,0.3,0,"fixed",7,0.2,0.3,0.1,"fixed_7",0.078125,0.0237206207060373,0.01,0.230769230769231,6.14431749952306,-0.0207498890905567,-0.207498890905567,0.268671052739951,0.268422714996803,0.9140625,1.10636965014138,0.128,128,1000,2.99305,0.859985747411689,1,20260709,1000
40,2,2,0,Inf,0.75,0,0.3,0,"fixed",7,0.2,0.3,0.1,"fixed_7",0.1171875,0.0284295441953313,0.015,0.0625,4.19464636091969,0.0286972082657232,0.286972082657232,0.173611803216651,0.175297207510758,0.921875,0.671142065141833,0.128,128,1000,2.99815,0.864535081241495,1,20260709,1000
60,2,2,0,Inf,0.75,0,0.3,0,"fixed",7,0.2,0.3,0.1,"fixed_7",0.138461538461538,0.0302921595375643,0.018,0,2.96448114975956,0.00419281276893715,0.0419281276893715,0.13634534181566,0.135884625737933,0.915384615384615,0.516773352704968,0.13,130,1000,2.99786666666667,0.865959559945796,1,20260709,1000
90,2,2,0,Inf,0.75,0,0.3,0,"fixed",7,0.2,0.3,0.1,"fixed_7",0.180555555555556,0.0320541259817737,0.026,0,2.67555923517658,0.00447079379801393,0.0447079379801393,0.115476299020755,0.115161456330384,0.930555555555556,0.419334140882727,0.144,144,1000,3.00016666666667,0.862105010843138,1,20260709,1000
120,2,2,0,Inf,0.75,0,0.3,0,"fixed",7,0.2,0.3,0.1,"fixed_7",0.24812030075188,0.0374523875290901,0.033,0,2.27795792319868,-0.00199453608776759,-0.0199453608776759,0.101805805249128,0.101441964550173,0.909774436090226,0.359257310869922,0.133,133,1000,2.99915833333333,0.863386393808396,1,20260709,1000
150,2,2,0,Inf,0.75,0,0.3,0,"fixed",7,0.2,0.3,0.1,"fixed_7",0.268965517241379,0.036824192551623,0.039,0,1.98351306402004,0.006511440382443,0.06511440382443,0.0770721671575706,0.0770814599539338,0.951724137931034,0.31573315410933,0.145,145,1000,3.00096,0.86330616477215,1,20260709,1000
20,3,2,0,Inf,0.75,0,0.3,0,"fixed",7,0.2,0.3,0.1,"fixed_7",0.0814332247557003,0.0156094282314252,0.025,0,4.02937188014913,0.0195021451457588,0.195021451457588,0.18175844735696,0.182507143138422,0.970684039087948,0.754697719479997,0.307,307,1000,4.51945,1.03109209952636,1,20260709,1000
40,3,2,0,Inf,0.75,0,0.3,0,"fixed",7,0.2,0.3,0.1,"fixed_7",0.100436681222707,0.01986297539769,0.023,0,3.21354667650559,-0.0124415562475605,-0.124415562475605,0.129522233022054,0.129836603037532,0.951965065502183,0.502870604175059,0.229,229,1000,4.50965,1.05825780805819,1,20260709,1000
60,3,2,0,Inf,0.75,0,0.3,0,"fixed",7,0.2,0.3,0.1,"fixed_7",0.18,0.0271661554144123,0.036,0.027027027027027,2.53996106071474,0.00818503552997872,0.0818503552997872,0.103734820860709,0.103798378119966,0.95,0.403102283819898,0.2,200,1000,4.50145,1.05947043710832,1,20260709,1000
90,3,2,0,Inf,0.75,0,0.3,0,"fixed",7,0.2,0.3,0.1,"fixed_7",0.219251336898396,0.0302556123018119,0.041,0,2.13772532017323,0.0120824574841654,0.120824574841654,0.0777381328039237,0.0784658295099676,0.951871657754011,0.31934360235101,0.187,187,1000,4.49877777777778,1.05758701145435,1,20260709,1000
120,3,2,0,Inf,0.75,0,0.3,0,"fixed",7,0.2,0.3,0.1,"fixed_7",0.329032258064516,0.0377402011394782,0.051,0,1.90609027135872,0.0119128191861253,0.119128191861253,0.0695236156366582,0.0703154627904682,0.935483870967742,0.273461219291734,0.155,155,1000,4.50565833333333,1.0579843060236,1,20260709,1000
150,3,2,0,Inf,0.75,0,0.3,0,"fixed",7,0.2,0.3,0.1,"fixed_7",0.337748344370861,0.0384874969158174,0.051,0,1.62478027679358,-0.00614595067287727,-0.0614595067287727,0.0620842378820068,0.0621827880281022,0.960264900662252,0.241993309193256,0.151,151,1000,4.49546666666667,1.05878137123168,1,20260709,1000
20,4,2,0,Inf,0.75,0,0.3,0,"fixed",7,0.2,0.3,0.1,"fixed_7",0.0847107438016529,0.0126568533754733,0.041,0.108695652173913,3.47390924048782,-0.00838166373569746,-0.0838166373569746,0.158445839639033,0.158503837106323,0.93801652892562,0.619515902088912,0.484,484,1000,5.9888,1.20676591539265,1,20260709,1000
40,4,2,0,Inf,0.75,0,0.3,0,"fixed",7,0.2,0.3,0.1,"fixed_7",0.156190476190476,0.0158441824287035,0.082,0.0120481927710843,2.57446645817016,0.00671153380441065,0.0671153380441065,0.103210031431043,0.103329885118483,0.946666666666667,0.409461983836487,0.525,525,1000,6.007025,1.2106967508256,1,20260709,1000
60,4,2,0,Inf,0.75,0,0.3,0,"fixed",7,0.2,0.3,0.1,"fixed_7",0.267326732673267,0.0196938524192675,0.135,0,2.12081920753239,0.00761576445013289,0.0761576445013289,0.0880234214195971,0.0882653939509008,0.924752475247525,0.32344634630678,0.505,505,1000,5.99545,1.2223122110466,1,20260709,1000
90,4,2,0,Inf,0.75,0,0.3,0,"fixed",7,0.2,0.3,0.1,"fixed_7",0.354639175257732,0.0217231991829652,0.172,0,1.720284653163,0.00431738994574721,0.0431738994574721,0.0657120914111165,0.0657861349980666,0.952577319587629,0.261327114659658,0.485,485,1000,6.00245555555556,1.21484143442734,1,20260709,1000
120,4,2,0,Inf,0.75,0,0.3,0,"fixed",7,0.2,0.3,0.1,"fixed_7",0.428246013667426,0.0236166886982323,0.188,0,1.57299574852085,0.00294217273049169,0.0294217273049169,0.0615999364262549,0.0616000399455143,0.920273348519362,0.224885153410282,0.439,439,1000,6.003875,1.21991882126401,1,20260709,1000
150,4,2,0,Inf,0.75,0,0.3,0,"fixed",7,0.2,0.3,0.1,"fixed_7",0.50765306122449,0.0252508552418251,0.199,0,1.41592525007905,0.00251877264505401,0.0251877264505401,0.0510056123646003,0.0510027454535849,0.948979591836735,0.201473938884698,0.392,392,1000,6.00223333333333,1.22307774668132,1,20260709,1000
20,5,2,0,Inf,0.75,0,0.3,0,"fixed",7,0.2,0.3,0.1,"fixed_7",0.119444444444444,0.0120863484247381,0.086,0.0337078651685393,3.09906585357432,0.00340878563594099,0.0340878563594099,0.136192663920754,0.136140735273289,0.936111111111111,0.536399651402933,0.72,720,1000,7.5121,1.34805483980626,0.9436,20260709,1000
40,5,2,0,Inf,0.75,0,0.3,0,"fixed",7,0.2,0.3,0.1,"fixed_7",0.233766233766234,0.0145421904501939,0.198,0.0050251256281407,2.23231457717288,0.00565486192184282,0.0565486192184282,0.0934171590627048,0.0935330953384186,0.942148760330578,0.350668420791724,0.847,847,1000,7.496475,1.3597275021465,0.944775,20260709,1000
60,5,2,0,Inf,0.75,0,0.3,0,"fixed",7,0.2,0.3,0.1,"fixed_7",0.311816192560175,0.0153224586891815,0.285,0.00696864111498258,1.85316261416792,0.00360685209149318,0.0360685209149318,0.0744220849455572,0.0744687607061602,0.942013129102845,0.284933513830782,0.914,914,1000,7.50293333333333,1.36733948946062,0.941166666666667,20260709,1000
90,5,2,0,Inf,0.75,0,0.3,0,"fixed",7,0.2,0.3,0.1,"fixed_7",0.429022082018927,0.0160494155138938,0.408,0.00244498777506112,1.55167326197842,0.00253781376762005,0.0253781376762005,0.0594831584792107,0.0595060172430487,0.942166140904311,0.22915172756303,0.951,951,1000,7.50346666666667,1.36538072800931,0.942811111111111,20260709,1000
120,5,2,0,Inf,0.75,0,0.3,0,"fixed",7,0.2,0.3,0.1,"fixed_7",0.504123711340206,0.0160534864699224,0.489,0,1.36946713714563,-0.000210468978783906,-0.00210468978783906,0.0475973800968123,0.0475733046081674,0.961855670103093,0.197700252847568,0.97,970,1000,7.50085,1.36334943381041,0.944425,20260709,1000
150,5,2,0,Inf,0.75,0,0.3,0,"fixed",7,0.2,0.3,0.1,"fixed_7",0.603483606557377,0.0156580762423926,0.589,0,1.30582362397958,0.000581868128146035,0.00581868128146035,0.0469417082546577,0.0469212620822835,0.938524590163934,0.175443663633536,0.976,976,1000,7.49705333333333,1.36515385188467,0.944446666666667,20260709,1000
20,6,2,0,Inf,0.75,0,0.3,0,"fixed",7,0.2,0.3,0.1,"fixed_7",0.14093137254902,0.0121807124528255,0.115,0.0336134453781513,2.84995170905043,0.00472737515035009,0.0472737515035009,0.125394632332658,0.125406907760203,0.949754901960784,0.485826606794531,0.816,816,1000,9.0137,1.47564265131227,0.61005,20260709,1000
40,6,2,0,Inf,0.75,0,0.3,0,"fixed",7,0.2,0.3,0.1,"fixed_7",0.252897787144363,0.014110078171586,0.24,0.004149377593361,2.05406876749393,0.00181438360174793,0.0181438360174793,0.0848353464097909,0.0848100476240662,0.94204425711275,0.322173886020488,0.949,949,1000,9.007575,1.4924160472992,0.608625,20260709,1000
60,6,2,0,Inf,0.75,0,0.3,0,"fixed",7,0.2,0.3,0.1,"fixed_7",0.340468909276249,0.0151294054869945,0.334,0.00595238095238095,1.66733341832291,-0.00390601832519384,-0.0390601832519384,0.06892942345335,0.0690049209033712,0.933741080530071,0.257267149855941,0.981,981,1000,9.00168333333333,1.49605753247906,0.6081,20260709,1000
90,6,2,0,Inf,0.75,0,0.3,0,"fixed",7,0.2,0.3,0.1,"fixed_7",0.483935742971888,0.015834927196657,0.482,0.0020703933747412,1.46608475918457,0.00128729977697643,0.0128729977697643,0.0560138566344165,0.0560005278817149,0.941767068273092,0.209080963179176,0.996,996,1000,8.99926666666667,1.49942066244268,0.609244444444444,20260709,1000
120,6,2,0,Inf,0.75,0,0.3,0,"fixed",7,0.2,0.3,0.1,"fixed_7",0.581162324649299,0.0156173134057542,0.58,0,1.29027411579345,-0.000838605525208605,-0.00838605525208605,0.0457498225696542,0.0457345852023947,0.954909819639279,0.179947712918388,0.998,998,1000,8.998425,1.49438572362006,0.610908333333333,20260709,1000
150,6,2,0,Inf,0.75,0,0.3,0,"fixed",7,0.2,0.3,0.1,"fixed_7",0.668,0.0148921455808087,0.668,0,1.21666181900039,-0.00069153198455546,-0.0069153198455546,0.04094117103894,0.0409265381267383,0.956,0.161449471544479,1,1000,1000,8.99573333333333,1.49466505020065,0.610686666666667,20260709,1000
20,7,2,0,Inf,0.75,0,0.3,0,"fixed",7,0.2,0.3,0.1,"fixed_7",0.145029239766082,0.0120426027076951,0.124,0.0158730158730159,2.57334244564308,-0.00146462539574525,-0.0146462539574525,0.11503257439759,0.114974613284347,0.941520467836257,0.455421398065195,0.855,855,1000,10.4952,1.60082576663049,0.2598,20260709,1000
40,7,2,0,Inf,0.75,0,0.3,0,"fixed",7,0.2,0.3,0.1,"fixed_7",0.26809378185525,0.0141428386039569,0.263,0.00754716981132075,1.96838496651328,0.00199442511837987,0.0199442511837987,0.0812777933181264,0.081260835536147,0.940876656472987,0.301604161110724,0.981,981,1000,10.50725,1.60495705441105,0.255325,20260709,1000
60,7,2,0,Inf,0.75,0,0.3,0,"fixed",7,0.2,0.3,0.1,"fixed_7",0.355488418932528,0.0151898493607605,0.353,0,1.61306745787497,-0.00106253030376237,-0.0106253030376237,0.06123376040666,0.0612121424125553,0.950654582074522,0.243885153665341,0.993,993,1000,10.4936333333333,1.61444128746556,0.257366666666667,20260709,1000
90,7,2,0,Inf,0.75,0,0.3,0,"fixed",7,0.2,0.3,0.1,"fixed_7",0.514514514514514,0.0158126331847876,0.514,0,1.38392355606676,-0.00106582138297096,-0.0106582138297096,0.0522436325976701,0.0522283543005565,0.926926926926927,0.195492097281578,0.999,999,1000,10.4982555555556,1.61786482447744,0.258433333333333,20260709,1000
120,7,2,0,Inf,0.75,0,0.3,0,"fixed",7,0.2,0.3,0.1,"fixed_7",0.628,0.0152845019545944,0.628,0,1.23730611135226,-0.00177729765986424,-0.0177729765986424,0.0430407312024538,0.0430559034845537,0.956,0.169256747867615,1,1000,1000,10.49885,1.61575229585323,0.259241666666667,20260709,1000
150,7,2,0,Inf,0.75,0,0.3,0,"fixed",7,0.2,0.3,0.1,"fixed_7",0.711,0.0143345387090063,0.711,0,1.15046386452035,-0.00304662629875566,-0.0304662629875566,0.0380119489082587,0.0381148958197256,0.953,0.151666522127778,1,1000,1000,10.4972533333333,1.61984257385131,0.258486666666667,20260709,1000
20,8,2,0,Inf,0.75,0,0.3,0,"fixed",7,0.2,0.3,0.1,"fixed_7",0.162556053811659,0.0123536991419466,0.145,0.00684931506849315,2.51817873540081,0.00143632892898707,0.0143632892898707,0.107185206513664,0.107134736957571,0.951793721973094,0.427530539847577,0.892,892,1000,11.99335,1.71627010730818,0.08025,20260709,1000
40,8,2,0,Inf,0.75,0,0.3,0,"fixed",7,0.2,0.3,0.1,"fixed_7",0.297546012269939,0.0146189634685878,0.291,0.00342465753424658,1.83494313360676,0.000552112009885794,0.00552112009885794,0.0757579954011463,0.0757212672680817,0.933537832310838,0.284713810915123,0.978,978,1000,12.00445,1.71441708928522,0.079025,20260709,1000
60,8,2,0,Inf,0.75,0,0.3,0,"fixed",7,0.2,0.3,0.1,"fixed_7",0.408817635270541,0.0155618159800049,0.408,0.00244498777506112,1.53371499568728,-0.000472266161128457,-0.00472266161128457,0.0589802276573563,0.058952562720453,0.950901803607214,0.231530023382748,0.998,998,1000,11.9995666666667,1.73056965011701,0.0798,20260709,1000
90,8,2,0,Inf,0.75,0,0.3,0,"fixed",7,0.2,0.3,0.1,"fixed_7",0.549,0.015735278834517,0.549,0,1.35374602028247,0.000177655350444034,0.00177655350444034,0.049922912259393,0.0498982608185309,0.943,0.187314714279171,1,1000,1000,12.0002,1.73048740292683,0.0789888888888889,20260709,1000
120,8,2,0,Inf,0.75,0,0.3,0,"fixed",7,0.2,0.3,0.1,"fixed_7",0.68,0.0147512711316686,0.68,0,1.22428867877111,0.00109341304210489,0.0109341304210489,0.0411563718581833,0.0411503177346807,0.955,0.16125797504562,1,1000,1000,12.011525,1.72730083201531,0.0788666666666667,20260709,1000
150,8,2,0,Inf,0.75,0,0.3,0,"fixed",7,0.2,0.3,0.1,"fixed_7",0.787,0.0129472390879291,0.787,0,1.1235785372196,-0.000329697995938946,-0.00329697995938946,0.0348933412092917,0.0348774485342009,0.963,0.144425883209228,1,1000,1000,12.0001133333333,1.7290935098751,0.0804266666666667,20260709,1000
20,1,4,0,Inf,0.75,0,0.3,0,"fixed",7,0.2,0.3,0.1,"fixed_7",0.0437956204379562,0.0174835823026743,0.006,0.25,4.96307555467212,-0.015888866075691,-0.15888866075691,0.276170142841818,0.27561873832346,0.963503649635037,1.04944098047826,0.137,137,1000,2.99995,0.851526162438927,1,20260709,1000
40,1,4,0,Inf,0.75,0,0.3,0,"fixed",7,0.2,0.3,0.1,"fixed_7",0.0990990990990991,0.028360368816908,0.011,0.0833333333333333,3.94689225233456,-0.00316958488421987,-0.0316958488421987,0.168121798158572,0.167392790149919,0.945945945945946,0.694173270872704,0.111,111,1000,2.995275,0.865356686631136,1,20260709,1000
60,1,4,0,Inf,0.75,0,0.3,0,"fixed",7,0.2,0.3,0.1,"fixed_7",0.125,0.03125,0.014,0,3.218507587578,0.00975695147772349,0.0975695147772349,0.130863639597505,0.130642971018272,0.964285714285714,0.536953571078583,0.112,112,1000,3.00101666666667,0.86432566498189,1,20260709,1000
90,1,4,0,Inf,0.75,0,0.3,0,"fixed",7,0.2,0.3,0.1,"fixed_7",0.146153846153846,0.0309829853316901,0.019,0,2.60568816404536,-0.000736091052616503,-0.00736091052616503,0.111290266759467,0.110863844638042,0.915384615384615,0.41010807284426,0.13,130,1000,3.00308888888889,0.863520493107974,1,20260709,1000
120,1,4,0,Inf,0.75,0,0.3,0,"fixed",7,0.2,0.3,0.1,"fixed_7",0.128205128205128,0.0309077166957085,0.015,0,2.31148845755623,-0.0073458342482181,-0.073458342482181,0.083740544293976,0.0837048643960896,0.982905982905983,0.35633514241208,0.117,117,1000,3.00294166666667,0.863131492576934,1,20260709,1000
150,1,4,0,Inf,0.75,0,0.3,0,"fixed",7,0.2,0.3,0.1,"fixed_7",0.16260162601626,0.0332717728985705,0.02,0,2.15352402538554,-0.00761463448084712,-0.0761463448084712,0.076400184453115,0.0764690503030819,0.967479674796748,0.32370134900646,0.123,123,1000,2.99825333333333,0.864271331799742,1,20260709,1000
20,2,4,0,Inf,0.75,0,0.3,0,"fixed",7,0.2,0.3,0.1,"fixed_7",0.0984251968503937,0.0132166738429596,0.05,0.0384615384615385,3.29009832140134,0.00398674509612709,0.0398674509612709,0.14589158656923,0.145802437673284,0.96259842519685,0.623724649678029,0.508,508,1000,5.9943,1.20152164425842,1,20260709,1000
40,2,4,0,Inf,0.75,0,0.3,0,"fixed",7,0.2,0.3,0.1,"fixed_7",0.181818181818182,0.0169628294610306,0.094,0,2.42069352787998,-0.000499156980905996,-0.00499156980905996,0.102746211451176,0.102648009303211,0.955512572533849,0.404745428008304,0.517,517,1000,5.999625,1.21712011338988,1,20260709,1000
60,2,4,0,Inf,0.75,0,0.3,0,"fixed",7,0.2,0.3,0.1,"fixed_7",0.294117647058824,0.0201763041344128,0.15,0.00662251655629139,2.00868254065898,0.0105161396900657,0.105161396900657,0.0836272676843415,0.0842044910335022,0.949019607843137,0.320009846618576,0.51,510,1000,6.00123333333333,1.22226417621794,1,20260709,1000
90,2,4,0,Inf,0.75,0,0.3,0,"fixed",7,0.2,0.3,0.1,"fixed_7",0.318840579710145,0.0212049676023095,0.154,0,1.70217403736677,-0.00101661831847324,-0.0101661831847324,0.0649721337706437,0.0649128012500404,0.952380952380952,0.2621635459746,0.483,483,1000,5.99838888888889,1.22402500574608,1,20260709,1000
120,2,4,0,Inf,0.75,0,0.3,0,"fixed",7,0.2,0.3,0.1,"fixed_7",0.421412300683371,0.0235670890130064,0.185,0.00537634408602151,1.54015099813193,0.00471270385646495,0.0471270385646495,0.0555460743426119,0.0556825626484168,0.945330296127563,0.225242876613212,0.439,439,1000,5.99809166666667,1.22299844320355,1,20260709,1000
150,2,4,0,Inf,0.75,0,0.3,0,"fixed",7,0.2,0.3,0.1,"fixed_7",0.532710280373832,0.0241166381837256,0.228,0,1.38785426197356,0.00360227283950645,0.0360227283950645,0.0482349903812764,0.0483130898616437,0.964953271028037,0.201345514606548,0.428,428,1000,6.00176666666667,1.22084248957362,1,20260709,1000
20,3,4,0,Inf,0.75,0,0.3,0,"fixed",7,0.2,0.3,0.1,"fixed_7",0.137328339575531,0.012161484542331,0.11,0.0265486725663717,2.77568532680563,-0.00722218959362397,-0.0722218959362397,0.124366859621969,0.12449885958208,0.947565543071161,0.485923434327261,0.801,801,1000,9.00095,1.49199605711886,0.60555,20260709,1000
40,3,4,0,Inf,0.75,0,0.3,0,"fixed",7,0.2,0.3,0.1,"fixed_7",0.264331210191083,0.0143677888405881,0.249,0.004,2.06089493724312,0.00746997863784325,0.0746997863784325,0.0834786493909869,0.0837680591294668,0.945859872611465,0.322710673195361,0.942,942,1000,9.006025,1.493288972144,0.607825,20260709,1000
60,3,4,0,Inf,0.75,0,0.3,0,"fixed",7,0.2,0.3,0.1,"fixed_7",0.34040404040404,0.0150597842178273,0.337,0,1.73702644473855,0.00508419232849451,0.0508419232849451,0.0649598855800218,0.0651258269456875,0.93939393939394,0.258255743012476,0.99,990,1000,8.99813333333333,1.48966654534542,0.611,20260709,1000
90,3,4,0,Inf,0.75,0,0.3,0,"fixed",7,0.2,0.3,0.1,"fixed_7",0.472,0.0157865765763195,0.472,0,1.44179002081423,0.00033910054682669,0.0033910054682669,0.0537660462316891,0.0537402263564418,0.944,0.210699621414552,1,1000,1000,9.0014,1.50117416350541,0.6072,20260709,1000
120,3,4,0,Inf,0.75,0,0.3,0,"fixed",7,0.2,0.3,0.1,"fixed_7",0.591591591591592,0.0155516183461048,0.591,0,1.31069859271329,0.000919977449908654,0.00919977449908654,0.0466156936394105,0.0466014383243709,0.94994994994995,0.180612502463084,0.999,999,1000,8.9951,1.499132313413,0.609575,20260709,1000
150,3,4,0,Inf,0.75,0,0.3,0,"fixed",7,0.2,0.3,0.1,"fixed_7",0.648,0.0151028474136502,0.648,0,1.23494156022728,-8.16256077860733e-05,-0.000816256077860733,0.0416623870412984,0.0416416306383986,0.946,0.161996610302943,1,1000,1000,8.99836666666667,1.49992329597472,0.60978,20260709,1000
20,4,4,0,Inf,0.75,0,0.3,0,"fixed",7,0.2,0.3,0.1,"fixed_7",0.170865279299014,0.0124567306144233,0.156,0.0188679245283019,2.53979678013264,0.00140056383373204,0.0140056383373204,0.111478081959077,0.111425817327234,0.940854326396495,0.427904448664218,0.913,913,1000,11.99635,1.69351302046917,0.08035,20260709,1000
40,4,4,0,Inf,0.75,0,0.3,0,"fixed",7,0.2,0.3,0.1,"fixed_7",0.273461150353179,0.0141592552838215,0.271,0.00367647058823529,1.79773183319307,-0.00246459937425135,-0.0246459937425135,0.0718652159643285,0.07187121818081,0.946518668012109,0.283521646920666,0.991,991,1000,11.99415,1.72909025871322,0.080525,20260709,1000
60,4,4,0,Inf,0.75,0,0.3,0,"fixed",7,0.2,0.3,0.1,"fixed_7",0.397397397397397,0.0154826489451105,0.397,0,1.55007062714804,-0.000521973050048558,-0.00521973050048558,0.0589375622106988,0.0589103690520801,0.93993993993994,0.229245630160812,0.999,999,1000,11.9852,1.73316579782597,0.0833333333333333,20260709,1000
90,4,4,0,Inf,0.75,0,0.3,0,"fixed",7,0.2,0.3,0.1,"fixed_7",0.538,0.0157656588825206,0.538,0,1.32794018843684,-0.00219990387817659,-0.0219990387817659,0.0478845376821055,0.0479111218523755,0.955,0.186410835804066,1,1000,1000,12.0039444444444,1.73352476099858,0.0795888888888889,20260709,1000
120,4,4,0,Inf,0.75,0,0.3,0,"fixed",7,0.2,0.3,0.1,"fixed_7",0.676,0.014799459449588,0.676,0,1.21862023599093,0.000628933622258299,0.00628933622258299,0.0407471325451649,0.0407316098300054,0.95,0.160787139273416,1,1000,1000,11.998175,1.73000818921752,0.0798666666666667,20260709,1000
150,4,4,0,Inf,0.75,0,0.3,0,"fixed",7,0.2,0.3,0.1,"fixed_7",0.77,0.0133078923951165,0.77,0,1.16567533065592,0.001772076294432,0.01772076294432,0.0380140030949436,0.0380362934743169,0.955,0.144224980088687,1,1000,1000,12.0090733333333,1.73267502525389,0.07906,20260709,1000
20,5,4,0,Inf,0.75,0,0.3,0,"fixed",7,0.2,0.3,0.1,"fixed_7",0.194327731092437,0.0128241362520129,0.185,0.00537634408602151,2.29252048469167,-0.000924473744533874,-0.00924473744533874,0.102550333348267,0.102500627819563,0.941176470588235,0.392063254222474,0.952,952,1000,15.00035,1.90503059286898,0.00335,20260709,1000
40,5,4,0,Inf,0.75,0,0.3,0,"fixed",7,0.2,0.3,0.1,"fixed_7",0.311557788944724,0.0146822127059347,0.31,0.00321543408360129,1.77246560083176,-0.00131156834562898,-0.0131156834562898,0.0707710002009837,0.0707475863757099,0.932663316582915,0.268813292998596,0.995,995,1000,14.982025,1.92781241235138,0.004225,20260709,1000
60,5,4,0,Inf,0.75,0,0.3,0,"fixed",7,0.2,0.3,0.1,"fixed_7",0.465931863727455,0.015790441354416,0.465,0,1.47625752545976,0.00154620741025863,0.0154620741025863,0.0556432712022825,0.0556368763416804,0.947895791583166,0.214374781032042,0.998,998,1000,15.0096833333333,1.92213066487094,0.00358333333333333,20260709,1000
90,5,4,0,Inf,0.75,0,0.3,0,"fixed",7,0.2,0.3,0.1,"fixed_7",0.606,0.0154519901630826,0.606,0,1.26352877535345,-0.000813626631224959,-0.00813626631224959,0.043897816252949,0.0438834050843931,0.956,0.173949196561771,1,1000,1000,15.0009555555556,1.92850264338535,0.00408888888888889,20260709,1000
120,5,4,0,Inf,0.75,0,0.3,0,"fixed",7,0.2,0.3,0.1,"fixed_7",0.758,0.0135438546950268,0.758,0,1.16146321060302,0.00066088916329253,0.0066088916329253,0.0384856622518479,0.0384720915372495,0.941,0.151571929010362,1,1000,1000,14.9969416666667,1.9303855003164,0.00383333333333333,20260709,1000
150,5,4,0,Inf,0.75,0,0.3,0,"fixed",7,0.2,0.3,0.1,"fixed_7",0.813,0.0123300851578568,0.813,0,1.10321425579823,-0.00106326519961458,-0.0106326519961458,0.035345000714381,0.0353433209999966,0.94,0.134352761950019,1,1000,1000,15.0034333333333,1.9316357456683,0.00363333333333333,20260709,1000
20,6,4,0,Inf,0.75,0,0.3,0,"fixed",7,0.2,0.3,0.1,"fixed_7",0.226943005181347,0.0134834336112436,0.219,0.00904977375565611,2.2204015316396,0.00215781208393838,0.0215781208393838,0.0988212276841341,0.0987935795734269,0.934715025906736,0.366937237186924,0.965,965,1000,18.0077,2.10048366415239,4.99999999999993e-05,20260709,1000
40,6,4,0,Inf,0.75,0,0.3,0,"fixed",7,0.2,0.3,0.1,"fixed_7",0.336008024072217,0.0149592100636527,0.335,0,1.68137619886615,0.00158621000925017,0.0158621000925017,0.0640177165337985,0.0640052614443963,0.947843530591775,0.253076470254188,0.997,997,1000,18.015825,2.11355317634521,0.000174999999999999,20260709,1000
60,6,4,0,Inf,0.75,0,0.3,0,"fixed",7,0.2,0.3,0.1,"fixed_7",0.466,0.0157747900144503,0.466,0,1.42329409577208,-0.00233072862959445,-0.0233072862959445,0.0540378594218204,0.0540610992913235,0.946,0.205634492776853,1,1000,1000,18.0122666666667,2.10353494264827,8.3333333333333e-05,20260709,1000
90,6,4,0,Inf,0.75,0,0.3,0,"fixed",7,0.2,0.3,0.1,"fixed_7",0.647,0.0151126106282138,0.647,0,1.22849915483598,-0.00100847003499661,-0.0100847003499661,0.0421516529872011,0.0421426399210508,0.947,0.166045537863422,1,1000,1000,18.0072666666667,2.10584488950315,7.77777777777778e-05,20260709,1000
120,6,4,0,Inf,0.75,0,0.3,0,"fixed",7,0.2,0.3,0.1,"fixed_7",0.778,0.0131421459434904,0.778,0,1.13146602785201,-0.000362735599367156,-0.00362735599367156,0.0359441326290177,0.0359279872369301,0.952,0.143829378449745,1,1000,1000,17.9950166666667,2.11554061056651,0.000108333333333333,20260709,1000
150,6,4,0,Inf,0.75,0,0.3,0,"fixed",7,0.2,0.3,0.1,"fixed_7",0.857,0.0110702755159933,0.857,0,1.09005562479497,0.000639393918936734,0.00639393918936734,0.0327818676598108,0.0327717106816482,0.961,0.127894306796884,1,1000,1000,17.99662,2.11546746644159,0.000126666666666667,20260709,1000
20,7,4,0,Inf,0.75,0,0.3,0,"fixed",7,0.2,0.3,0.1,"fixed_7",0.209137055837563,0.0129582988994964,0.206,0.0143540669856459,2.09238019780328,-0.00475204859259737,-0.0475204859259737,0.0928655877740889,0.092940002210279,0.94010152284264,0.354693847032388,0.985,985,1000,21.0047,2.27792730427544,0,20260709,1000
40,7,4,0,Inf,0.75,0,0.3,0,"fixed",7,0.2,0.3,0.1,"fixed_7",0.366,0.0152329905140127,0.366,0.00813008130081301,1.65879394656759,0.00133300083495624,0.0133300083495624,0.067030407257992,0.0670101433583087,0.919,0.243687489768261,1,1000,1000,21.029775,2.27769781672614,0,20260709,1000
60,7,4,0,Inf,0.75,0,0.3,0,"fixed",7,0.2,0.3,0.1,"fixed_7",0.522,0.0157960754619621,0.522,0,1.34091264377081,-0.00110068022171289,-0.0110068022171289,0.0484319777439419,0.0484202675402766,0.953,0.194655087213768,1,1000,1000,20.9942833333333,2.28748506055096,0,20260709,1000
90,7,4,0,Inf,0.75,0,0.3,0,"fixed",7,0.2,0.3,0.1,"fixed_7",0.693,0.014585986425333,0.693,0,1.19892169918712,-0.000300373430874301,-0.00300373430874301,0.0410484865843027,0.041029056737985,0.94,0.159805359404164,1,1000,1000,20.9881777777778,2.29017578269285,1.11111111111112e-05,20260709,1000
120,7,4,0,Inf,0.75,0,0.3,0,"fixed",7,0.2,0.3,0.1,"fixed_7",0.815,0.0122790471943062,0.815,0,1.12961915415812,0.00139870931051801,0.0139870931051801,0.0358068737267061,0.0358162876581246,0.957,0.138029864629933,1,1000,1000,21.0035833333333,2.28562999220072,8.33333333333338e-06,20260709,1000
150,7,4,0,Inf,0.75,0,0.3,0,"fixed",7,0.2,0.3,0.1,"fixed_7",0.882,0.0102017645532525,0.882,0,1.05252861386334,-0.0014977606784555,-0.014977606784555,0.0306344657432529,0.030655754890935,0.951,0.123168635665895,1,1000,1000,21.00618,2.28842307811748,0,20260709,1000
20,8,4,0,Inf,0.75,0,0.3,0,"fixed",7,0.2,0.3,0.1,"fixed_7",0.226586102719033,0.0132845851342432,0.225,0.0217391304347826,2.15856098094335,-0.0001101858019215,-0.001101858019215,0.0940331444299074,0.0939858490842424,0.926485397784491,0.346345036901253,0.993,993,1000,24.02115,2.41851726518077,0,20260709,1000
40,8,4,0,Inf,0.75,0,0.3,0,"fixed",7,0.2,0.3,0.1,"fixed_7",0.427427427427427,0.0156517794486796,0.427,0,1.54508819809006,0.00358587300218242,0.0358587300218242,0.0595769053971055,0.059654951020566,0.947947947947948,0.237263570996882,0.999,999,1000,23.9953,2.42218877597586,0,20260709,1000
60,8,4,0,Inf,0.75,0,0.3,0,"fixed",7,0.2,0.3,0.1,"fixed_7",0.536,0.0157703519301251,0.536,0,1.3489494247914,0.00122859522093023,0.0122859522093023,0.0474141847281641,0.0474063946608464,0.953,0.191661241450655,1,1000,1000,23.9981833333333,2.44282726566147,0,20260709,1000
90,8,4,0,Inf,0.75,0,0.3,0,"fixed",7,0.2,0.3,0.1,"fixed_7",0.734,0.0139729739139526,0.734,0,1.21862338962048,0.00445868346994754,0.0445868346994754,0.0406008131122671,0.0408247162591125,0.943,0.155769823482324,1,1000,1000,24.0157555555556,2.43577243993059,0,20260709,1000
120,8,4,0,Inf,0.75,0,0.3,0,"fixed",7,0.2,0.3,0.1,"fixed_7",0.828,0.0119338174948337,0.828,0,1.10798942862309,0.000308687273901972,0.00308687273901972,0.0341086843638937,0.0340930232528557,0.953,0.134680350528719,1,1000,1000,24.0062083333333,2.45177814182932,0,20260709,1000
150,8,4,0,Inf,0.75,0,0.3,0,"fixed",7,0.2,0.3,0.1,"fixed_7",0.905,0.00927227048785787,0.905,0,1.05122610370539,-0.000392925608948894,-0.00392925608948894,0.0300948307078465,0.0300823457701153,0.946,0.120023680685991,1,1000,1000,23.99512,2.44751039791246,0,20260709,1000
20,1,5,0,Inf,0.75,0,0.3,0,"fixed",7,0.2,0.3,0.1,"fixed_7",0.080952380952381,0.0188223642271029,0.017,0.0555555555555556,4.8622983774265,0.0160191389125733,0.160191389125733,0.211889312158589,0.211990324771207,0.957142857142857,0.891409781032305,0.21,210,1000,3.755,0.956404633039313,1,20260709,1000
40,1,5,0,Inf,0.75,0,0.3,0,"fixed",7,0.2,0.3,0.1,"fixed_7",0.153409090909091,0.027164768891929,0.027,0.0357142857142857,3.32227004016484,0.0108258080747271,0.108258080747271,0.157924888149455,0.157847275352651,0.931818181818182,0.582492631249791,0.176,176,1000,3.751525,0.9604874962089,1,20260709,1000
60,1,5,0,Inf,0.75,0,0.3,0,"fixed",7,0.2,0.3,0.1,"fixed_7",0.10625,0.024361975687021,0.017,0,2.64458571448795,-0.00412594445075645,-0.0412594445075645,0.108356251421645,0.108095878307746,0.95625,0.46066758493528,0.16,160,1000,3.74211666666667,0.968990437149626,1,20260709,1000
90,1,5,0,Inf,0.75,0,0.3,0,"fixed",7,0.2,0.3,0.1,"fixed_7",0.169811320754717,0.0297764665949825,0.027,0,2.13332649752865,-0.00387390347320732,-0.0387390347320732,0.0861173984498616,0.0859335245225897,0.949685534591195,0.363261832896883,0.159,159,1000,3.7447,0.969731857997174,1,20260709,1000
120,1,5,0,Inf,0.75,0,0.3,0,"fixed",7,0.2,0.3,0.1,"fixed_7",0.198717948717949,0.0319483884244332,0.031,0,2.09553899341241,-0.00874813644604706,-0.0874813644604706,0.0796564783583767,0.0798812266314465,0.942307692307692,0.304483493219339,0.156,156,1000,3.75225833333333,0.964692431944935,1,20260709,1000
150,1,5,0,Inf,0.75,0,0.3,0,"fixed",7,0.2,0.3,0.1,"fixed_7",0.35036496350365,0.0407600559311321,0.048,0,1.76575388144387,0.009998153180146,0.09998153180146,0.0649395373512981,0.065470027562145,0.963503649635037,0.271561111424588,0.137,137,1000,3.74342666666667,0.969202002546916,1,20260709,1000
20,2,5,0,Inf,0.75,0,0.3,0,"fixed",7,0.2,0.3,0.1,"fixed_7",0.096045197740113,0.0110737459742758,0.068,0.0555555555555556,3.00547193958014,-0.00235679649083687,-0.0235679649083687,0.132791221416041,0.132718336673695,0.963276836158192,0.536735980467193,0.708,708,1000,7.50185,1.35208651070031,0.9418,20260709,1000
40,2,5,0,Inf,0.75,0,0.3,0,"fixed",7,0.2,0.3,0.1,"fixed_7",0.19674039580908,0.0135636992623199,0.169,0.023121387283237,2.24505898433077,-0.00529487250039282,-0.0529487250039282,0.0949273797543968,0.0950197492923597,0.941792782305006,0.357845246662669,0.859,859,1000,7.503025,1.36077826370569,0.943125,20260709,1000
60,2,5,0,Inf,0.75,0,0.3,0,"fixed",7,0.2,0.3,0.1,"fixed_7",0.323788546255507,0.0155284846823511,0.294,0,1.82687318550092,0.00229179172330995,0.0229179172330995,0.0739478436015321,0.0739426368469677,0.948237885462555,0.282793881789724,0.908,908,1000,7.50805,1.36111796590609,0.94515,20260709,1000
90,2,5,0,Inf,0.75,0,0.3,0,"fixed",7,0.2,0.3,0.1,"fixed_7",0.44385593220339,0.0161706944748843,0.419,0,1.52562868722129,0.00294193262707554,0.0294193262707554,0.0567788115305331,0.0568249357994067,0.957627118644068,0.229438399985304,0.944,944,1000,7.49317777777778,1.36449253209716,0.944555555555556,20260709,1000
120,2,5,0,Inf,0.75,0,0.3,0,"fixed",7,0.2,0.3,0.1,"fixed_7",0.534979423868313,0.0159982136318184,0.52,0,1.36857872632404,-0.000178573096129994,-0.00178573096129994,0.050779837151362,0.0507540232610618,0.952674897119342,0.19692522675452,0.972,972,1000,7.504925,1.36225036549915,0.943716666666667,20260709,1000
150,2,5,0,Inf,0.75,0,0.3,0,"fixed",7,0.2,0.3,0.1,"fixed_7",0.613821138211382,0.0155209257021183,0.604,0,1.28248350767699,0.000908902903471315,0.00908902903471315,0.0454220277655387,0.0454080389676546,0.949186991869919,0.17695937682713,0.984,984,1000,7.4948,1.36989567774718,0.944233333333333,20260709,1000
20,3,5,0,Inf,0.75,0,0.3,0,"fixed",7,0.2,0.3,0.1,"fixed_7",0.152698048220436,0.0121878406915839,0.133,0.0148148148148148,2.56048275863862,-0.00372125484242096,-0.0372125484242096,0.114591549566297,0.114586189998368,0.943742824339839,0.437078679050471,0.871,871,1000,11.25015,1.6632000644424,0.1514,20260709,1000
40,3,5,0,Inf,0.75,0,0.3,0,"fixed",7,0.2,0.3,0.1,"fixed_7",0.298674821610601,0.0146124997999711,0.293,0,1.83891178185029,0.00380441798476665,0.0380441798476665,0.0738086133053468,0.0738690176706922,0.936799184505607,0.29113934638286,0.981,981,1000,11.267425,1.66367220374142,0.14585,20260709,1000
60,3,5,0,Inf,0.75,0,0.3,0,"fixed",7,0.2,0.3,0.1,"fixed_7",0.404809619238477,0.0155377487004983,0.404,0,1.551039150783,-0.000889523827000485,-0.00889523827000485,0.0611284327780343,0.0611042745877593,0.944889779559118,0.235939671997491,0.998,998,1000,11.2478333333333,1.67125943852453,0.1488,20260709,1000
90,3,5,0,Inf,0.75,0,0.3,0,"fixed",7,0.2,0.3,0.1,"fixed_7",0.546,0.015744332313566,0.546,0,1.37098100936869,0.0017110263158928,0.017110263158928,0.050599857033155,0.0506034860192223,0.94,0.192377412704616,1,1000,1000,11.2507666666667,1.66871465866113,0.147522222222222,20260709,1000
120,3,5,0,Inf,0.75,0,0.3,0,"fixed",7,0.2,0.3,0.1,"fixed_7",0.686,0.0146766481186952,0.686,0,1.24128997838476,0.00210634249208122,0.0210634249208122,0.0427878447363966,0.04281828506868,0.944,0.165077066331427,1,1000,1000,11.241425,1.68114221228584,0.149866666666667,20260709,1000
150,3,5,0,Inf,0.75,0,0.3,0,"fixed",7,0.2,0.3,0.1,"fixed_7",0.76,0.0135055544129073,0.76,0,1.17745334007584,0.00228635383387404,0.0228635383387404,0.0375899974345018,0.0376407002202722,0.953,0.148330284744002,1,1000,1000,11.2444933333333,1.67070382589656,0.148646666666667,20260709,1000
20,4,5,0,Inf,0.75,0,0.3,0,"fixed",7,0.2,0.3,0.1,"fixed_7",0.191737288135593,0.0128127857749859,0.181,0.0054945054945055,2.34902755732154,0.00141628298355334,0.0141628298355334,0.10104132011619,0.100997718987267,0.9375,0.397965831412015,0.944,944,1000,14.97975,1.91368038387171,0.0041,20260709,1000
40,4,5,0,Inf,0.75,0,0.3,0,"fixed",7,0.2,0.3,0.1,"fixed_7",0.314889336016097,0.014732150543531,0.313,0,1.75154222350612,0.000485289518170895,0.00485289518170895,0.0685105836295129,0.0684778324927862,0.954728370221328,0.266493907973983,0.994,994,1000,15.01855,1.93727187006064,0.004375,20260709,1000
60,4,5,0,Inf,0.75,0,0.3,0,"fixed",7,0.2,0.3,0.1,"fixed_7",0.445445445445445,0.0157248552186977,0.445,0,1.48810378537721,-0.000565717782779487,-0.00565717782779487,0.0573219321785446,0.05729602824184,0.92992992992993,0.214969210997652,0.999,999,1000,14.9839166666667,1.92770542497442,0.00413333333333333,20260709,1000
90,4,5,0,Inf,0.75,0,0.3,0,"fixed",7,0.2,0.3,0.1,"fixed_7",0.622,0.0153334927527945,0.622,0,1.27202070049156,0.00158986948562148,0.0158986948562148,0.0433311045906477,0.0433386054852012,0.954,0.17577474989744,1,1000,1000,14.9991,1.9327434498827,0.00404444444444444,20260709,1000
120,4,5,0,Inf,0.75,0,0.3,0,"fixed",7,0.2,0.3,0.1,"fixed_7",0.736,0.0139392969693597,0.736,0,1.15511565509429,-0.00159436168530605,-0.0159436168530605,0.0384147504892715,0.0384286267160485,0.943,0.149626898211483,1,1000,1000,15.0050583333333,1.93834976704532,0.003825,20260709,1000
150,4,5,0,Inf,0.75,0,0.3,0,"fixed",7,0.2,0.3,0.1,"fixed_7",0.819,0.0121753439376471,0.819,0,1.12803780967417,0.00125400366856868,0.0125400366856868,0.0359547360146691,0.0359586265594703,0.951,0.134581346227906,1,1000,1000,14.9969466666667,1.93442585913611,0.00417333333333333,20260709,1000
20,5,5,0,Inf,0.75,0,0.3,0,"fixed",7,0.2,0.3,0.1,"fixed_7",0.212371134020619,0.0131317524782457,0.206,0.00483091787439614,2.14663025184272,-0.00119488913723624,-0.0119488913723624,0.0924236134628224,0.0923836878016777,0.937113402061856,0.36177837661782,0.97,970,1000,18.76625,2.12804154162299,0,20260709,1000
40,5,5,0,Inf,0.75,0,0.3,0,"fixed",7,0.2,0.3,0.1,"fixed_7",0.363,0.0152062815967613,0.363,0,1.68716817247045,0.00309240199898912,0.0309240199898912,0.0657273540510124,0.065767225390767,0.929,0.250706190712811,1,1000,1000,18.747,2.16027162371582,2.49999999999997e-05,20260709,1000
60,5,5,0,Inf,0.75,0,0.3,0,"fixed",7,0.2,0.3,0.1,"fixed_7",0.521,0.015797436500901,0.521,0,1.38257659383725,0.00240999281374472,0.0240999281374472,0.0495038442137617,0.0495377434559826,0.953,0.20093945866985,1,1000,1000,18.7451833333333,2.14929904537288,4.99999999999999e-05,20260709,1000
90,5,5,0,Inf,0.75,0,0.3,0,"fixed",7,0.2,0.3,0.1,"fixed_7",0.681,0.0147390298188178,0.681,0,1.21756108774284,0.000598046744058403,0.00598046744058403,0.0413932868702656,0.0413769072507148,0.95,0.164188844335425,1,1000,1000,18.7513555555556,2.16417973915599,5.55555555555558e-05,20260709,1000
120,5,5,0,Inf,0.75,0,0.3,0,"fixed",7,0.2,0.3,0.1,"fixed_7",0.792,0.0128349522788361,0.792,0,1.13220477690238,0.000448348521374001,0.00448348521374001,0.0362745456092856,0.0362591758441584,0.942,0.141945020804676,1,1000,1000,18.7412166666667,2.16366810070049,5.00000000000001e-05,20260709,1000
150,5,5,0,Inf,0.75,0,0.3,0,"fixed",7,0.2,0.3,0.1,"fixed_7",0.866,0.0107723720693262,0.866,0,1.07648137298411,-0.000170764212916882,-0.00170764212916882,0.0313600760254255,0.031344857223611,0.958,0.126124581480513,1,1000,1000,18.74996,2.16467603961101,5.33333333333332e-05,20260709,1000
20,6,5,0,Inf,0.75,0,0.3,0,"fixed",7,0.2,0.3,0.1,"fixed_7",0.225937183383992,0.0133113892070886,0.223,0,2.08799434024862,0.000347182470624693,0.00347182470624693,0.0906540806065556,0.0906088100610769,0.939209726443769,0.351082239416429,0.987,987,1000,22.4906,2.326208024633,0,20260709,1000
40,6,5,0,Inf,0.75,0,0.3,0,"fixed",7,0.2,0.3,0.1,"fixed_7",0.388,0.0154096073927923,0.388,0,1.57917354779427,-0.000517989284066031,-0.00517989284066031,0.0621396483534913,0.0621107307515897,0.942,0.240549388219934,1,1000,1000,22.53095,2.35444722746471,0,20260709,1000
60,6,5,0,Inf,0.75,0,0.3,0,"fixed",7,0.2,0.3,0.1,"fixed_7",0.534,0.0157747900144503,0.534,0,1.34240064728844,-0.00062109272235937,-0.0062109272235937,0.0490174948175351,0.0489969166331787,0.944,0.193831294037665,1,1000,1000,22.5037166666667,2.35833020120448,0,20260709,1000
90,6,5,0,Inf,0.75,0,0.3,0,"fixed",7,0.2,0.3,0.1,"fixed_7",0.7,0.0144913767461894,0.7,0,1.20349862545913,0.00031533201203679,0.0031533201203679,0.041098827707043,0.0410794834379903,0.951,0.158312742540163,1,1000,1000,22.5025777777778,2.37423762334992,0,20260709,1000
120,6,5,0,Inf,0.75,0,0.3,0,"fixed",7,0.2,0.3,0.1,"fixed_7",0.827,0.011961229033841,0.827,0,1.1210575442579,0.00122238780586653,0.0122238780586653,0.0358335636551207,0.0358364963673807,0.954,0.136110413663212,1,1000,1000,22.4983583333333,2.36571458821755,0,20260709,1000
150,6,5,0,Inf,0.75,0,0.3,0,"fixed",7,0.2,0.3,0.1,"fixed_7",0.913,0.00891240708226459,0.913,0,1.07411284531017,0.00228130001865492,0.0228130001865492,0.030187558594193,0.0302585811788834,0.959,0.121392642258322,1,1000,1000,22.5064933333333,2.37438103805322,0,20260709,1000
20,7,5,0,Inf,0.75,0,0.3,0,"fixed",7,0.2,0.3,0.1,"fixed_7",0.222557905337362,0.0132002122457381,0.221,0.0045045045045045,2.02747971985403,-0.00395211154953055,-0.0395211154953055,0.086603325502727,0.0866498826703986,0.937562940584089,0.336243461500624,0.993,993,1000,26.2389,2.55671047146108,0,20260709,1000
40,7,5,0,Inf,0.75,0,0.3,0,"fixed",7,0.2,0.3,0.1,"fixed_7",0.446,0.0157189058143371,0.446,0,1.5425670524691,0.00400130481484956,0.0400130481484956,0.060602720025234,0.0607044267331781,0.929,0.232548860152441,1,1000,1000,26.24835,2.55460812812288,0,20260709,1000
60,7,5,0,Inf,0.75,0,0.3,0,"fixed",7,0.2,0.3,0.1,"fixed_7",0.564,0.0156813264745046,0.564,0,1.32112359165616,0.000343524407516907,0.00343524407516907,0.0473732355247139,0.0473507891133241,0.947,0.188514907016834,1,1000,1000,26.2537666666667,2.55358913571836,0,20260709,1000
90,7,5,0,Inf,0.75,0,0.3,0,"fixed",7,0.2,0.3,0.1,"fixed_7",0.727,0.0140879735945238,0.727,0,1.14582399701483,-0.00208142351687604,-0.0208142351687604,0.0374998083317285,0.0375388027665782,0.956,0.153098240710199,1,1000,1000,26.2569666666667,2.55548107506228,0,20260709,1000
120,7,5,0,Inf,0.75,0,0.3,0,"fixed",7,0.2,0.3,0.1,"fixed_7",0.83,0.0118785521003193,0.83,0,1.09984600650249,-0.000117252008896201,-0.00117252008896201,0.0337799362168021,0.0337632456193713,0.957,0.13217427154018,1,1000,1000,26.2742666666667,2.55264110455518,0,20260709,1000
150,7,5,0,Inf,0.75,0,0.3,0,"fixed",7,0.2,0.3,0.1,"fixed_7",0.892,0.00981509042240569,0.892,0,1.05510574075871,-0.000780610715535868,-0.00780610715535868,0.0297031415524223,0.0296985470108281,0.956,0.118037206036724,1,1000,1000,26.2497933333333,2.55886972659314,0,20260709,1000
20,8,5,0,Inf,0.75,0,0.3,0,"fixed",7,0.2,0.3,0.1,"fixed_7",0.239719157472417,0.0135204397074496,0.239,0.012396694214876,2.03107406304576,-0.00354376416078594,-0.0354376416078594,0.0909659596667315,0.0909893640904464,0.9358074222668,0.332736680744284,0.997,997,1000,29.99445,2.70120364959757,0,20260709,1000
40,8,5,0,Inf,0.75,0,0.3,0,"fixed",7,0.2,0.3,0.1,"fixed_7",0.41,0.0155531347322654,0.41,0,1.49145675562164,-0.00242662249241446,-0.0242662249241446,0.0573969796116559,0.0574195728997786,0.945,0.227975011831866,1,1000,1000,30.00155,2.71438380476452,0,20260709,1000
60,8,5,0,Inf,0.75,0,0.3,0,"fixed",7,0.2,0.3,0.1,"fixed_7",0.568,0.0156644821171975,0.568,0.00175746924428822,1.33323589777323,0.00082720189007382,0.0082720189007382,0.0490191114928733,0.0490015783544381,0.936,0.18522090390313,1,1000,1000,29.9950666666667,2.71611324131473,0,20260709,1000
90,8,5,0,Inf,0.75,0,0.3,0,"fixed",7,0.2,0.3,0.1,"fixed_7",0.765,0.0134080199880519,0.765,0,1.17528775409487,0.00236646028587495,0.0236646028587495,0.039154252207846,0.039206154424711,0.934,0.149551336505081,1,1000,1000,29.9990888888889,2.7268327723191,0,20260709,1000
120,8,5,0,Inf,0.75,0,0.3,0,"fixed",7,0.2,0.3,0.1,"fixed_7",0.866,0.0107723720693262,0.866,0,1.08515076575542,0.000152836271273979,0.00152836271273979,0.0331465397970763,0.0331303149146588,0.944,0.128630572986541,1,1000,1000,30.00775,2.71937388496906,0,20260709,1000
150,8,5,0,Inf,0.75,0,0.3,0,"fixed",7,0.2,0.3,0.1,"fixed_7",0.921,0.00852988862764339,0.921,0,1.03943778184307,-0.000640442474410918,-0.00640442474410918,0.0296478801573566,0.0296399724627096,0.956,0.115441425901846,1,1000,1000,30.0023666666667,2.73387613084426,0,20260709,1000
20,1,6,0,Inf,0.75,0,0.3,0,"fixed",7,0.2,0.3,0.1,"fixed_7",0.0676156583629893,0.014978487670921,0.019,0,4.06705207811881,-0.0114067407693651,-0.114067407693651,0.200053433044615,0.200022661171262,0.95017793594306,0.759271960644162,0.281,281,1000,4.5124,1.04564876399671,1,20260709,1000
40,1,6,0,Inf,0.75,0,0.3,0,"fixed",7,0.2,0.3,0.1,"fixed_7",0.156,0.0229489869057438,0.039,0,2.95757339152803,0.00683458915513921,0.0683458915513921,0.128931882077709,0.128855143879301,0.932,0.497281851304986,0.25,250,1000,4.5017,1.05483593045605,1,20260709,1000
60,1,6,0,Inf,0.75,0,0.3,0,"fixed",7,0.2,0.3,0.1,"fixed_7",0.19047619047619,0.0285630289156329,0.036,0,2.5423786055841,0.00250995313748545,0.0250995313748545,0.103046012094836,0.102803686880961,0.947089947089947,0.398172434616713,0.189,189,1000,4.49681666666667,1.06036788985643,1,20260709,1000
90,1,6,0,Inf,0.75,0,0.3,0,"fixed",7,0.2,0.3,0.1,"fixed_7",0.25748502994012,0.0338353258773531,0.043,0,1.9734080784828,0.00658065997844168,0.0658065997844168,0.0742013739995071,0.0742709893834493,0.970059880239521,0.318267377427468,0.167,167,1000,4.49723333333333,1.05739473982867,1,20260709,1000
120,1,6,0,Inf,0.75,0,0.3,0,"fixed",7,0.2,0.3,0.1,"fixed_7",0.253246753246753,0.0350429083194484,0.039,0,1.7585887301304,-0.00664149764758677,-0.0664149764758677,0.0685512589881613,0.0686503446927304,0.948051948051948,0.275224185435039,0.154,154,1000,4.49783333333333,1.05655677218453,1,20260709,1000
150,1,6,0,Inf,0.75,0,0.3,0,"fixed",7,0.2,0.3,0.1,"fixed_7",0.403846153846154,0.0392848275884305,0.063,0,1.55911388070173,0.00350488076307705,0.0350488076307705,0.0547125547597191,0.0546494187339448,0.980769230769231,0.243328158529011,0.156,156,1000,4.50264666666667,1.05695855424424,1,20260709,1000
20,2,6,0,Inf,0.75,0,0.3,0,"fixed",7,0.2,0.3,0.1,"fixed_7",0.121359223300971,0.0113757087809027,0.1,0.029126213592233,2.66348911650419,-0.00780084601552014,-0.0780084601552014,0.119333535979588,0.119515956493189,0.949029126213592,0.4808270684341,0.824,824,1000,8.99945,1.49852450937973,0.60925,20260709,1000
40,2,6,0,Inf,0.75,0,0.3,0,"fixed",7,0.2,0.3,0.1,"fixed_7",0.255230125523013,0.0141009402246133,0.244,0.00408163265306122,1.99983548970838,0.00248833497414096,0.0248833497414096,0.0830417888524704,0.0830356380222744,0.952928870292887,0.321643931788872,0.956,956,1000,9.01155,1.48909313667577,0.605475,20260709,1000
60,2,6,0,Inf,0.75,0,0.3,0,"fixed",7,0.2,0.3,0.1,"fixed_7",0.357723577235772,0.01528048796753,0.352,0.0028328611898017,1.73473421402812,0.00161473883409559,0.0161473883409559,0.070434015552766,0.0704167331816819,0.936991869918699,0.260960188836429,0.984,984,1000,8.98946666666667,1.4977903311049,0.610133333333333,20260709,1000
90,2,6,0,Inf,0.75,0,0.3,0,"fixed",7,0.2,0.3,0.1,"fixed_7",0.462462462462462,0.0157746560358274,0.462,0,1.45034509199564,-0.000761491910055742,-0.00761491910055742,0.0543515152689056,0.0543296423483431,0.952952952952953,0.210057770319905,0.999,999,1000,9.00112222222222,1.49562473066532,0.608422222222222,20260709,1000
120,2,6,0,Inf,0.75,0,0.3,0,"fixed",7,0.2,0.3,0.1,"fixed_7",0.535535535535536,0.0157792969401722,0.535,0,1.30979446362612,-0.00295757971178116,-0.0295757971178116,0.0467793653048568,0.0468493948366352,0.94994994994995,0.181303075653277,0.999,999,1000,9.00286666666667,1.50098011725628,0.607125,20260709,1000
150,2,6,0,Inf,0.75,0,0.3,0,"fixed",7,0.2,0.3,0.1,"fixed_7",0.684,0.0147018366199601,0.684,0,1.20842097444771,-0.00138663289100051,-0.0138663289100051,0.042652417827589,0.0426536313643645,0.941,0.161309099621154,1,1000,1000,8.99358666666667,1.5002415060181,0.6115,20260709,1000
20,3,6,0,Inf,0.75,0,0.3,0,"fixed",7,0.2,0.3,0.1,"fixed_7",0.164680390032503,0.0122080537139821,0.152,0.0193548387096774,2.39127719452481,-0.00256252811838213,-0.0256252811838213,0.102792825816903,0.102769079690026,0.94907908992416,0.405872926509355,0.923,923,1000,13.4939,1.81515274266286,0.02105,20260709,1000
40,3,6,0,Inf,0.75,0,0.3,0,"fixed",7,0.2,0.3,0.1,"fixed_7",0.285714285714286,0.01432876525509,0.284,0,1.77262540473143,-0.00224177284664874,-0.0224177284664874,0.0704031134698857,0.0704033906446158,0.946680080482897,0.274487269154021,0.994,994,1000,13.510925,1.82956753856656,0.018975,20260709,1000
60,3,6,0,Inf,0.75,0,0.3,0,"fixed",7,0.2,0.3,0.1,"fixed_7",0.414414414414414,0.0155858277151243,0.414,0,1.49313262272615,-0.0031520111538175,-0.031520111538175,0.0580154054527646,0.0580719664531534,0.941941941941942,0.22169884553571,0.999,999,1000,13.4983833333333,1.84138050513439,0.0204166666666667,20260709,1000
90,3,6,0,Inf,0.75,0,0.3,0,"fixed",7,0.2,0.3,0.1,"fixed_7",0.594,0.0155294558822903,0.594,0,1.27367443848178,-0.00083396865785669,-0.0083396865785669,0.0446836927497471,0.04466913105354,0.956,0.180236393485841,1,1000,1000,13.5019555555556,1.83246316856721,0.0202666666666667,20260709,1000
120,3,6,0,Inf,0.75,0,0.3,0,"fixed",7,0.2,0.3,0.1,"fixed_7",0.713,0.0143049292203771,0.713,0,1.17427369713672,-0.000190933875940519,-0.00190933875940519,0.0382413924008354,0.0382227438105495,0.953,0.156368862937743,1,1000,1000,13.4988083333333,1.83257552714127,0.0190166666666667,20260709,1000
150,3,6,0,Inf,0.75,0,0.3,0,"fixed",7,0.2,0.3,0.1,"fixed_7",0.797,0.0127197091161709,0.797,0,1.1304750764937,0.000118621539760291,0.00118621539760291,0.0364047111248604,0.0363866975715322,0.946,0.138464168943287,1,1000,1000,13.50008,1.83414853020064,0.0193866666666667,20260709,1000
20,4,6,0,Inf,0.75,0,0.3,0,"fixed",7,0.2,0.3,0.1,"fixed_7",0.195876288659794,0.0127428479313983,0.19,0.00523560209424084,2.21387517626674,-0.00154176192578163,-0.0154176192578163,0.0968902029084072,0.0968525187925341,0.942268041237113,0.373654213486435,0.97,970,1000,18.0317,2.09225233166281,0.000299999999999999,20260709,1000
40,4,6,0,Inf,0.75,0,0.3,0,"fixed",7,0.2,0.3,0.1,"fixed_7",0.343,0.0150116954405557,0.343,0.00579710144927536,1.6436616609884,-0.00064862153738568,-0.0064862153738568,0.0648221222602551,0.06479294974523,0.955,0.254181153543138,1,1000,1000,18.0089,2.11021000215691,2.49999999999997e-05,20260709,1000
60,4,6,0,Inf,0.75,0,0.3,0,"fixed",7,0.2,0.3,0.1,"fixed_7",0.47,0.0157829021412413,0.47,0,1.42182833570661,-0.000924147456659502,-0.00924147456659502,0.0527744127378903,0.0527561138609642,0.939,0.20547462158187,1,1000,1000,17.9839666666667,2.12102872235736,8.33333333333333e-05,20260709,1000
90,4,6,0,Inf,0.75,0,0.3,0,"fixed",7,0.2,0.3,0.1,"fixed_7",0.662,0.0149584758581882,0.662,0,1.23327296959299,0.000418597101342913,0.00418597101342913,0.0429252402981274,0.0429058143138035,0.941,0.165807679198066,1,1000,1000,17.9966444444444,2.1100974632853,0.000155555555555555,20260709,1000
120,4,6,0,Inf,0.75,0,0.3,0,"fixed",7,0.2,0.3,0.1,"fixed_7",0.792,0.0128349522788361,0.792,0,1.12463616496887,9.42926167914471e-05,0.000942926167914471,0.0350217769099056,0.035004388641524,0.956,0.143308357954064,1,1000,1000,17.9997583333333,2.11574931504083,0.000125,20260709,1000
150,4,6,0,Inf,0.75,0,0.3,0,"fixed",7,0.2,0.3,0.1,"fixed_7",0.846,0.0114142016803629,0.846,0,1.09112867653081,-0.000246706629742965,-0.00246706629742965,0.0336302820414241,0.0336143680362536,0.938,0.127757312707674,1,1000,1000,17.9923533333333,2.1186088160912,5.99999999999998e-05,20260709,1000
20,5,6,0,Inf,0.75,0,0.3,0,"fixed",7,0.2,0.3,0.1,"fixed_7",0.24117053481332,0.0135893094724723,0.239,0.00416666666666667,2.05540218482339,-0.00284900088521235,-0.0284900088521235,0.0930381904116371,0.093034869612339,0.93037336024218,0.351073057134016,0.991,991,1000,22.482,2.34283265511693,0,20260709,1000
40,5,6,0,Inf,0.75,0,0.3,0,"fixed",7,0.2,0.3,0.1,"fixed_7",0.375,0.0153093108923949,0.375,0,1.60936201234477,0.00192069328960479,0.0192069328960479,0.0611169813101752,0.0611166031596698,0.945,0.24181988727794,1,1000,1000,22.503,2.36000716725422,0,20260709,1000
60,5,6,0,Inf,0.75,0,0.3,0,"fixed",7,0.2,0.3,0.1,"fixed_7",0.48,0.0157987341265052,0.48,0,1.3771758975739,-0.00335255583980604,-0.0335255583980604,0.051026255675674,0.0511108082519734,0.945,0.194843570056008,1,1000,1000,22.4932666666667,2.35514664689958,0,20260709,1000
90,5,6,0,Inf,0.75,0,0.3,0,"fixed",7,0.2,0.3,0.1,"fixed_7",0.706,0.0144070815920505,0.706,0,1.19188917906071,0.000109033812958778,0.00109033812958778,0.0398748961301527,0.0398551028404324,0.947,0.157961855954892,1,1000,1000,22.509,2.36030923477724,0,20260709,1000
120,5,6,0,Inf,0.75,0,0.3,0,"fixed",7,0.2,0.3,0.1,"fixed_7",0.831,0.0118506961820815,0.831,0,1.12087615327303,0.00155489744694422,0.0155489744694422,0.0356189609205946,0.0356350862599812,0.945,0.136616558296379,1,1000,1000,22.5074666666667,2.36399750119572,0,20260709,1000
150,5,6,0,Inf,0.75,0,0.3,0,"fixed",7,0.2,0.3,0.1,"fixed_7",0.894,0.00973468027209934,0.894,0,1.07367017290033,0.000988616234630799,0.00988616234630799,0.0318834544256375,0.031882839796746,0.942,0.121741518535627,1,1000,1000,22.49834,2.36592373479922,0,20260709,1000
20,6,6,0,Inf,0.75,0,0.3,0,"fixed",7,0.2,0.3,0.1,"fixed_7",0.236947791164659,0.0134732941051185,0.236,0.0125523012552301,2.04137836357714,9.13248380058768e-05,0.000913248380058768,0.0908329975448819,0.0907874331320007,0.928714859437751,0.340026964486777,0.996,996,1000,27.00755,2.56108105115764,0,20260709,1000
40,6,6,0,Inf,0.75,0,0.3,0,"fixed",7,0.2,0.3,0.1,"fixed_7",0.394,0.0154519901630826,0.394,0,1.53826439166915,-0.00278969440569121,-0.0278969440569121,0.0603467469710803,0.0603810445007268,0.938,0.230474323508532,1,1000,1000,27.009825,2.58689730317169,0,20260709,1000
60,6,6,0,Inf,0.75,0,0.3,0,"fixed",7,0.2,0.3,0.1,"fixed_7",0.571,0.0156511660907422,0.571,0,1.33376021899294,0.00277233933196804,0.0277233933196804,0.0463120977375137,0.0463718821250955,0.958,0.187874019180793,1,1000,1000,27.005,2.58828570648204,0,20260709,1000
90,6,6,0,Inf,0.75,0,0.3,0,"fixed",7,0.2,0.3,0.1,"fixed_7",0.736,0.0139392969693597,0.736,0,1.13797258063179,-0.0021036633651204,-0.021036633651204,0.0374107318339991,0.0374511507573904,0.957,0.152041410280751,1,1000,1000,26.9878444444444,2.59544849771763,0,20260709,1000
120,6,6,0,Inf,0.75,0,0.3,0,"fixed",7,0.2,0.3,0.1,"fixed_7",0.852,0.0112292475259921,0.852,0,1.10036677895584,0.000855677835896324,0.00855677835896324,0.0335543872476585,0.0335485199557463,0.951,0.130825260833151,1,1000,1000,26.9951916666667,2.58593789486626,0,20260709,1000
150,6,6,0,Inf,0.75,0,0.3,0,"fixed",7,0.2,0.3,0.1,"fixed_7",0.909,0.00909499862561837,0.909,0,1.06232229568022,0.00073262220033557,0.0073262220033557,0.029455015515853,0.0294493985743092,0.947,0.117562486556354,1,1000,1000,27.00818,2.59698348217603,0,20260709,1000
20,7,6,0,Inf,0.75,0,0.3,0,"fixed",7,0.2,0.3,0.1,"fixed_7",0.259779338014042,0.0138878598606681,0.259,0.00766283524904215,1.93575830341845,0.00136164198220207,0.0136164198220207,0.0830773859747578,0.08304687537389,0.939819458375125,0.324944719706881,0.997,997,1000,31.5242,2.7721629522917,0,20260709,1000
40,7,6,0,Inf,0.75,0,0.3,0,"fixed",7,0.2,0.3,0.1,"fixed_7",0.417,0.0155920171882922,0.417,0,1.53982335587537,0.000642279962139294,0.00642279962139294,0.0608653215031344,0.0608382716541816,0.934,0.225944764053082,1,1000,1000,31.5268,2.78138586947839,0,20260709,1000
60,7,6,0,Inf,0.75,0,0.3,0,"fixed",7,0.2,0.3,0.1,"fixed_7",0.586,0.0155757503832079,0.586,0,1.31825649217948,0.00128280787831077,0.0128280787831077,0.0479439917674425,0.0479371809382097,0.947,0.18202903828938,1,1000,1000,31.50235,2.78964307963113,0,20260709,1000
90,7,6,0,Inf,0.75,0,0.3,0,"fixed",7,0.2,0.3,0.1,"fixed_7",0.771,0.0132875505643441,0.771,0,1.18219203999481,0.00334810350056143,0.0334810350056143,0.0384183040733794,0.0385447781007653,0.946,0.149082951240836,1,1000,1000,31.5011333333333,2.80130881167172,0,20260709,1000
120,7,6,0,Inf,0.75,0,0.3,0,"fixed",7,0.2,0.3,0.1,"fixed_7",0.883,0.010164201887015,0.883,0,1.07830741723434,0.000868225290501234,0.00868225290501234,0.0319344763940115,0.0319303114130161,0.958,0.127636062928144,1,1000,1000,31.494525,2.79725597892624,0,20260709,1000
150,7,6,0,Inf,0.75,0,0.3,0,"fixed",7,0.2,0.3,0.1,"fixed_7",0.92,0.00857904423581089,0.92,0,1.04155799061389,-0.000549288990265517,-0.00549288990265517,0.0295723742109537,0.0295626877930786,0.95,0.11435425819751,1,1000,1000,31.4928133333333,2.80058082384003,0,20260709,1000
20,8,6,0,Inf,0.75,0,0.3,0,"fixed",7,0.2,0.3,0.1,"fixed_7",0.252252252252252,0.0137408101416644,0.252,0,1.93478162512129,-0.0014276815374774,-0.014276815374774,0.0839483430051162,0.0839184615517058,0.932932932932933,0.319756645476868,0.999,999,1000,35.97465,2.97982433592913,0,20260709,1000
40,8,6,0,Inf,0.75,0,0.3,0,"fixed",7,0.2,0.3,0.1,"fixed_7",0.447,0.0157223089907303,0.447,0,1.48150953000019,0.000520501215276414,0.00520501215276414,0.0563043135919166,0.0562785614141205,0.947,0.218684834764901,1,1000,1000,36.0072,2.96986165060146,0,20260709,1000
60,8,6,0,Inf,0.75,0,0.3,0,"fixed",7,0.2,0.3,0.1,"fixed_7",0.569,0.0156601085564564,0.569,0,1.2966484875358,-0.000368552474123943,-0.00368552474123943,0.0449294328285455,0.0449084748269931,0.956,0.179204891667407,1,1000,1000,36.0174,2.9960015900259,0,20260709,1000
90,8,6,0,Inf,0.75,0,0.3,0,"fixed",7,0.2,0.3,0.1,"fixed_7",0.756,0.0135817524642441,0.756,0,1.14816398062281,0.000364255778474293,0.00364255778474293,0.0361603025911992,0.0361440534289633,0.956,0.144804193828249,1,1000,1000,36.0197111111111,2.99375740976394,0,20260709,1000
120,8,6,0,Inf,0.75,0,0.3,0,"fixed",7,0.2,0.3,0.1,"fixed_7",0.872,0.0105648473723003,0.872,0,1.06984167374568,-0.000289691917751203,-0.00289691917751203,0.0317568446911627,0.0317422842429637,0.947,0.125256719955012,1,1000,1000,35.9940833333333,3.01020920178292,0,20260709,1000
150,8,6,0,Inf,0.75,0,0.3,0,"fixed",7,0.2,0.3,0.1,"fixed_7",0.95,0.00689202437604511,0.95,0,1.04810954064363,0.0016784310655511,0.016784310655511,0.0291797927893573,0.029213455423219,0.949,0.111972497057722,1,1000,1000,35.9965666666667,2.99859505026971,0,20260709,1000
20,1,10,0,Inf,0.75,0,0.3,0,"fixed",7,0.2,0.3,0.1,"fixed_7",0.126074498567335,0.012563860904537,0.088,0.0222222222222222,2.99725329260982,0.00662183434901929,0.0662183434901929,0.13292456148149,0.132994263293342,0.954154727793696,0.532417185494787,0.698,698,1000,7.51315,1.35073080958505,0.94205,20260709,1000
40,1,10,0,Inf,0.75,0,0.3,0,"fixed",7,0.2,0.3,0.1,"fixed_7",0.211874272409779,0.0139424881031308,0.182,0,2.15855023408705,0.000133067084132202,0.00133067084132202,0.0879166681038539,0.087865580116415,0.946449359720605,0.353482254293429,0.859,859,1000,7.5013,1.35640120232782,0.945175,20260709,1000
60,1,10,0,Inf,0.75,0,0.3,0,"fixed",7,0.2,0.3,0.1,"fixed_7",0.312568306010929,0.0153241607188107,0.286,0.00348432055749129,1.87774177761548,0.00317725259038219,0.0317725259038219,0.0767353877373722,0.0767592296933556,0.933333333333333,0.285414714802798,0.915,915,1000,7.49713333333333,1.3652675207823,0.94465,20260709,1000
90,1,10,0,Inf,0.75,0,0.3,0,"fixed",7,0.2,0.3,0.1,"fixed_7",0.428422152560084,0.0159962316538027,0.41,0,1.53729732928341,0.00222950898210396,0.0222950898210396,0.0590995576580412,0.0591107327910507,0.942528735632184,0.230276214538049,0.957,957,1000,7.5055,1.36782100126281,0.9429,20260709,1000
120,1,10,0,Inf,0.75,0,0.3,0,"fixed",7,0.2,0.3,0.1,"fixed_7",0.531282051282051,0.0159814454359788,0.518,0,1.38794976380099,0.000862269513086156,0.00862269513086156,0.0518517567809144,0.0518323320594151,0.941538461538462,0.198145181051344,0.975,975,1000,7.49928333333333,1.36437186757843,0.943816666666667,20260709,1000
150,1,10,0,Inf,0.75,0,0.3,0,"fixed",7,0.2,0.3,0.1,"fixed_7",0.624106230847804,0.0154799829053689,0.611,0,1.28846370460567,0.00131790361092725,0.0131790361092725,0.0458543216969572,0.0458498415183447,0.949948927477017,0.175931742076498,0.979,979,1000,7.49658,1.36728555701937,0.94428,20260709,1000
20,2,10,0,Inf,0.75,0,0.3,0,"fixed",7,0.2,0.3,0.1,"fixed_7",0.191377497371188,0.0127563988137402,0.182,0.00546448087431694,2.30498130179583,0.00173211897845942,0.0173211897845942,0.100003520452007,0.0999659359555084,0.936908517350158,0.387160132889528,0.951,951,1000,15.01625,1.90285844027635,0.0033,20260709,1000
40,2,10,0,Inf,0.75,0,0.3,0,"fixed",7,0.2,0.3,0.1,"fixed_7",0.308853118712274,0.0146543979078715,0.307,0,1.69231772916292,-0.00384363911063905,-0.0384363911063905,0.0695565530159223,0.0696277265971993,0.930583501006036,0.266219218896634,0.994,994,1000,14.996,1.92368644554916,0.00425,20260709,1000
60,2,10,0,Inf,0.75,0,0.3,0,"fixed",7,0.2,0.3,0.1,"fixed_7",0.444,0.0157119063133663,0.444,0,1.47063408989392,-0.00189286007784692,-0.0189286007784692,0.0570406942662677,0.0570435805402304,0.937,0.21461464382707,1,1000,1000,14.9974833333333,1.93021720878597,0.00381666666666667,20260709,1000
90,2,10,0,Inf,0.75,0,0.3,0,"fixed",7,0.2,0.3,0.1,"fixed_7",0.597,0.0155109960995418,0.597,0,1.25729187551219,-0.00221401657518808,-0.0221401657518808,0.0450581262053329,0.0450899808360325,0.938,0.173626457322626,1,1000,1000,15.0035111111111,1.93539569733705,0.00414444444444444,20260709,1000
120,2,10,0,Inf,0.75,0,0.3,0,"fixed",7,0.2,0.3,0.1,"fixed_7",0.733,0.0139896747639107,0.733,0,1.16700729256314,-0.000369634617208806,-0.00369634617208806,0.0383030887260667,0.0382857167766416,0.944,0.151206321091241,1,1000,1000,14.99525,1.93711135698573,0.004225,20260709,1000
150,2,10,0,Inf,0.75,0,0.3,0,"fixed",7,0.2,0.3,0.1,"fixed_7",0.8,0.0126491106406735,0.8,0,1.09604609993749,-0.00193037457509286,-0.0193037457509286,0.0342868414015351,0.0343240185846717,0.957,0.13492624939236,1,1000,1000,14.99882,1.93415406658999,0.00396666666666667,20260709,1000
20,3,10,0,Inf,0.75,0,0.3,0,"fixed",7,0.2,0.3,0.1,"fixed_7",0.211967545638945,0.0130157224800716,0.209,0,2.03654137219027,-0.00111581200025224,-0.0111581200025224,0.0852780760397163,0.085242123863027,0.949290060851927,0.351360722265873,0.986,986,1000,22.5118,2.32651700097578,0,20260709,1000
40,3,10,0,Inf,0.75,0,0.3,0,"fixed",7,0.2,0.3,0.1,"fixed_7",0.375,0.0153093108923949,0.375,0,1.60005132587858,-0.000126414020681823,-0.00126414020681823,0.0618390623573921,0.0618082643674195,0.938,0.239696436367516,1,1000,1000,22.4676,2.34918810145124,0,20260709,1000
60,3,10,0,Inf,0.75,0,0.3,0,"fixed",7,0.2,0.3,0.1,"fixed_7",0.522,0.0157960754619621,0.522,0,1.35929751361783,-0.000451016668171447,-0.00451016668171447,0.0488113688506435,0.0487890417550854,0.954,0.193197597183047,1,1000,1000,22.511,2.35838786499674,0,20260709,1000
90,3,10,0,Inf,0.75,0,0.3,0,"fixed",7,0.2,0.3,0.1,"fixed_7",0.712,0.0143197765345692,0.712,0,1.19150358903168,0.000627327380347778,0.00627327380347778,0.0401103275058703,0.0400951751947498,0.946,0.158087289571548,1,1000,1000,22.4970222222222,2.36507170235153,0,20260709,1000
120,3,10,0,Inf,0.75,0,0.3,0,"fixed",7,0.2,0.3,0.1,"fixed_7",0.811,0.012380589646701,0.811,0,1.11031072458425,-0.000847993425782956,-0.00847993425782956,0.0367083524655573,0.0366997919673262,0.934,0.136446745587022,1,1000,1000,22.5110333333333,2.36426549020875,0,20260709,1000
150,3,10,0,Inf,0.75,0,0.3,0,"fixed",7,0.2,0.3,0.1,"fixed_7",0.894,0.00973468027209934,0.894,0,1.06476136184481,0.000225966365846597,0.00225966365846597,0.0312755101958579,0.0312606852335597,0.952,0.121172001951254,1,1000,1000,22.49398,2.36424904302065,0,20260709,1000
20,4,10,0,Inf,0.75,0,0.3,0,"fixed",7,0.2,0.3,0.1,"fixed_7",0.255276381909548,0.0138226509448962,0.254,0.0078125,1.96426492658716,0.000224088901563849,0.00224088901563849,0.0865766930382065,0.0865334663788616,0.946733668341709,0.333441951532188,0.995,995,1000,29.9914,2.70267161436689,0,20260709,1000
40,4,10,0,Inf,0.75,0,0.3,0,"fixed",7,0.2,0.3,0.1,"fixed_7",0.388,0.0154096073927923,0.388,0,1.51248371669236,-0.0029486440087839,-0.029486440087839,0.0584991710787053,0.0585442171812834,0.945,0.228307129659561,1,1000,1000,29.9982,2.72481205226094,0,20260709,1000
60,4,10,0,Inf,0.75,0,0.3,0,"fixed",7,0.2,0.3,0.1,"fixed_7",0.567,0.0156687906361659,0.567,0,1.29797036022215,-0.00127737607513821,-0.0127737607513821,0.0465570952078523,0.0465513398380344,0.95,0.183423831273196,1,1000,1000,29.9986333333333,2.71838976962508,0,20260709,1000
90,4,10,0,Inf,0.75,0,0.3,0,"fixed",7,0.2,0.3,0.1,"fixed_7",0.757,0.0135628536820243,0.757,0,1.16304193998227,0.00128339602332392,0.0128339602332392,0.0376450015733884,0.0376480557621457,0.949,0.149335125656282,1,1000,1000,29.9883111111111,2.7309723105628,0,20260709,1000
120,4,10,0,Inf,0.75,0,0.3,0,"fixed",7,0.2,0.3,0.1,"fixed_7",0.859,0.0110054077616415,0.859,0,1.08846211259155,0.000552604725200079,0.00552604725200079,0.0321805787532762,0.0321692311258636,0.952,0.128602236911381,1,1000,1000,30.000675,2.73405380498191,0,20260709,1000
150,4,10,0,Inf,0.75,0,0.3,0,"fixed",7,0.2,0.3,0.1,"fixed_7",0.923,0.00843036179532053,0.923,0,1.0533450966838,0.000708029498962023,0.00708029498962023,0.0290529830510802,0.0290470834011539,0.958,0.115091376257051,1,1000,1000,30.00796,2.7363940267438,0,20260709,1000
20,5,10,0,Inf,0.75,0,0.3,0,"fixed",7,0.2,0.3,0.1,"fixed_7",0.273,0.0140879735945238,0.273,0.0108695652173913,1.9548657466535,0.00458512952773513,0.0458512952773513,0.0843599705593051,0.0844423557281544,0.944,0.322347064582194,1,1000,1000,37.4803,3.01207019319555,0,20260709,1000
40,5,10,0,Inf,0.75,0,0.3,0,"fixed",7,0.2,0.3,0.1,"fixed_7",0.449,0.0157289224042844,0.449,0,1.50026262746552,0.00157388338385707,0.0157388338385707,0.0575306196347573,0.0575233824828612,0.931,0.217146926124476,1,1000,1000,37.492425,3.03583042682106,0,20260709,1000
60,5,10,0,Inf,0.75,0,0.3,0,"fixed",7,0.2,0.3,0.1,"fixed_7",0.584,0.0155866609637857,0.584,0,1.28315784761913,-0.00104365159740978,-0.0104365159740978,0.045239409185541,0.0452288265155103,0.95,0.178962336799967,1,1000,1000,37.5005333333333,3.04905771526883,0,20260709,1000
90,5,10,0,Inf,0.75,0,0.3,0,"fixed",7,0.2,0.3,0.1,"fixed_7",0.751,0.0136747577675073,0.751,0,1.14620058096679,-0.00066068111116846,-0.0066068111116846,0.037522192609642,0.037509245831228,0.945,0.144421786243063,1,1000,1000,37.5049,3.04408877415271,0,20260709,1000
120,5,10,0,Inf,0.75,0,0.3,0,"fixed",7,0.2,0.3,0.1,"fixed_7",0.871,0.0105999528300837,0.871,0,1.05836715990362,-0.00134604452641089,-0.0134604452641089,0.0309857817302615,0.0309995223613696,0.956,0.124090075770267,1,1000,1000,37.5130666666667,3.04631255990078,0,20260709,1000
150,5,10,0,Inf,0.75,0,0.3,0,"fixed",7,0.2,0.3,0.1,"fixed_7",0.946,0.00714730718522718,0.946,0,1.03939582160788,0.000643981473536628,0.00643981473536628,0.0282665573673706,0.0282597590095122,0.946,0.111539591492594,1,1000,1000,37.5038,3.05402043839632,0,20260709,1000
20,6,10,0,Inf,0.75,0,0.3,0,"fixed",7,0.2,0.3,0.1,"fixed_7",0.27,0.0140392307481571,0.27,0.00735294117647059,1.95292994706345,0.00159905609692533,0.0159905609692533,0.081682641421673,0.0816574481361811,0.924,0.314627676425234,1,1000,1000,44.9939,3.30737230408897,0,20260709,1000
40,6,10,0,Inf,0.75,0,0.3,0,"fixed",7,0.2,0.3,0.1,"fixed_7",0.448,0.0157256478403912,0.448,0,1.48724917044601,0.000815444932238535,0.00815444932238535,0.057164657068227,0.0571418863019744,0.934,0.215497808164322,1,1000,1000,45.0069,3.31879680669014,0,20260709,1000
60,6,10,0,Inf,0.75,0,0.3,0,"fixed",7,0.2,0.3,0.1,"fixed_7",0.61,0.0154240072614091,0.61,0,1.24355846541942,-0.00260073879141302,-0.0260073879141302,0.0451746308177578,0.0452268765725907,0.936,0.173000045699224,1,1000,1000,45.0079333333333,3.33846569830711,0,20260709,1000
90,6,10,0,Inf,0.75,0,0.3,0,"fixed",7,0.2,0.3,0.1,"fixed_7",0.79,0.0128802173894698,0.79,0,1.14240307747048,0.000938650990537443,0.00938650990537443,0.0364347941272246,0.0364286672080133,0.941,0.140711239893082,1,1000,1000,45.0193222222222,3.34499555991967,0,20260709,1000
120,6,10,0,Inf,0.75,0,0.3,0,"fixed",7,0.2,0.3,0.1,"fixed_7",0.894,0.00973468027209934,0.894,0,1.07125748080425,0.000954656623965822,0.00954656623965822,0.0310194549572604,0.0310186355039893,0.954,0.121640655600165,1,1000,1000,45.0071333333333,3.34658421343072,0,20260709,1000
150,6,10,0,Inf,0.75,0,0.3,0,"fixed",7,0.2,0.3,0.1,"fixed_7",0.941,0.00745110730026082,0.941,0,1.03720438051447,0.000310965177832925,0.00310965177832925,0.0282674439953255,0.0282550179787707,0.951,0.108962619101098,1,1000,1000,44.9975533333333,3.34331579893938,0,20260709,1000
20,7,10,0,Inf,0.75,0,0.3,0,"fixed",7,0.2,0.3,0.1,"fixed_7",0.258,0.0138360398958662,0.258,0.00386100386100386,1.89328750242173,0.00048806934166902,0.0048806934166902,0.0795413767316717,0.0795030942381467,0.947,0.307341922081253,1,1000,1000,52.51325,3.58931050911418,0,20260709,1000
40,7,10,0,Inf,0.75,0,0.3,0,"fixed",7,0.2,0.3,0.1,"fixed_7",0.476,0.0157931630777371,0.476,0,1.43979304728908,0.00137551995578515,0.0137551995578515,0.0536750449735565,0.0536658317517688,0.947,0.210072903584717,1,1000,1000,52.485125,3.56007121039899,0,20260709,1000
60,7,10,0,Inf,0.75,0,0.3,0,"fixed",7,0.2,0.3,0.1,"fixed_7",0.636,0.0152152555022911,0.636,0,1.24316953451198,-0.00032821667743016,-0.0032821667743016,0.0439337784576595,0.043913032676695,0.944,0.171113807231917,1,1000,1000,52.49865,3.60974197191285,0,20260709,1000
90,7,10,0,Inf,0.75,0,0.3,0,"fixed",7,0.2,0.3,0.1,"fixed_7",0.817,0.0122274690758145,0.817,0,1.12226310544778,0.000500606449710825,0.00500606449710825,0.0359230887875495,0.0359086124286029,0.947,0.139216631098174,1,1000,1000,52.4994333333333,3.62093317702923,0,20260709,1000
120,7,10,0,Inf,0.75,0,0.3,0,"fixed",7,0.2,0.3,0.1,"fixed_7",0.888,0.00997276290703835,0.888,0,1.05131685333164,-0.00119623453773515,-0.0119623453773515,0.0310698437469286,0.0310773363134193,0.937,0.120047275393885,1,1000,1000,52.5151333333333,3.61423829284146,0,20260709,1000
150,7,10,0,Inf,0.75,0,0.3,0,"fixed",7,0.2,0.3,0.1,"fixed_7",0.958,0.00634318531969546,0.958,0,1.01795186923249,-0.000530910559659453,-0.00530910559659453,0.0268040817436081,0.0267959363587515,0.958,0.106652682247748,1,1000,1000,52.5032466666667,3.6167390429792,0,20260709,1000
20,8,10,0,Inf,0.75,0,0.3,0,"fixed",7,0.2,0.3,0.1,"fixed_7",0.294,0.0144070815920505,0.294,0.00338983050847458,1.84499319208921,0.003339582706524,0.03339582706524,0.0793941409702757,0.0794246750288681,0.932,0.302239048447033,1,1000,1000,60.01705,3.80594274504672,0,20260709,1000
40,8,10,0,Inf,0.75,0,0.3,0,"fixed",7,0.2,0.3,0.1,"fixed_7",0.491,0.0158088266484265,0.491,0,1.43418749427059,0.00184598957576715,0.0184598957576715,0.0538293334757737,0.0538340712079019,0.941,0.208509373553002,1,1000,1000,59.98155,3.84155630452769,0,20260709,1000
60,8,10,0,Inf,0.75,0,0.3,0,"fixed",7,0.2,0.3,0.1,"fixed_7",0.639,0.0151881203577006,0.639,0,1.23635318652401,-0.000649498609060772,-0.00649498609060772,0.0437694117716906,0.0437523427244318,0.94,0.168690865962844,1,1000,1000,60.0013333333333,3.86626517697683,0,20260709,1000
90,8,10,0,Inf,0.75,0,0.3,0,"fixed",7,0.2,0.3,0.1,"fixed_7",0.801,0.0126253316788115,0.801,0,1.10542157846426,-0.00124494392545778,-0.0124494392545778,0.0353736244613527,0.0353778447563275,0.942,0.137229696600499,1,1000,1000,60.0008444444444,3.85788585051395,0,20260709,1000
120,8,10,0,Inf,0.75,0,0.3,0,"fixed",7,0.2,0.3,0.1,"fixed_7",0.921,0.00852988862764339,0.921,0,1.04728463720945,0.000234487879569825,0.00234487879569825,0.0293347110093349,0.0293209776320105,0.953,0.118583490574093,1,1000,1000,60.0013333333333,3.8618161381369,0,20260709,1000
150,8,10,0,Inf,0.75,0,0.3,0,"fixed",7,0.2,0.3,0.1,"fixed_7",0.953,0.00669260786241059,0.953,0,1.02938027823193,0.000181032846790746,0.00181032846790746,0.0273167189045459,0.0273036572911008,0.947,0.105851553788974,1,1000,1000,59.9988933333333,3.85801132264354,0,20260709,1000
20,1,17,0,Inf,0.75,0,0.3,0,"fixed",7,0.2,0.3,0.1,"fixed_7",0.181025081788441,0.0127151067019774,0.166,0.00598802395209581,2.48953249475313,0.0083442903500096,0.083442903500096,0.108806088379127,0.109066409715614,0.940021810250818,0.416133844960331,0.917,917,1000,12.752,1.77260466866888,0.04045,20260709,1000
40,1,17,0,Inf,0.75,0,0.3,0,"fixed",7,0.2,0.3,0.1,"fixed_7",0.313131313131313,0.0147394918524574,0.31,0,1.78842720616652,0.000679598952970761,0.00679598952970761,0.0717675113477452,0.0717344752408739,0.946464646464646,0.277900572756446,0.99,990,1000,12.75015,1.77791717870953,0.04015,20260709,1000
60,1,17,0,Inf,0.75,0,0.3,0,"fixed",7,0.2,0.3,0.1,"fixed_7",0.447,0.0157223089907303,0.447,0.00223214285714286,1.56284574511039,0.00451842032642222,0.0451842032642222,0.0600020536434405,0.0601420179012569,0.932,0.22635298612667,1,1000,1000,12.7467333333333,1.78850559550809,0.0412333333333333,20260709,1000
90,1,17,0,Inf,0.75,0,0.3,0,"fixed",7,0.2,0.3,0.1,"fixed_7",0.572,0.0156465970741245,0.572,0,1.30093861919951,-0.00063664491303321,-0.0063664491303321,0.0464697281437874,0.0464508505290166,0.949,0.18378952458645,1,1000,1000,12.7479111111111,1.78087745590074,0.0406333333333333,20260709,1000
120,1,17,0,Inf,0.75,0,0.3,0,"fixed",7,0.2,0.3,0.1,"fixed_7",0.686,0.0146766481186952,0.686,0,1.19609928510434,-0.00126938941980032,-0.0126938941980032,0.0407007992575442,0.0407002439137877,0.946,0.157739345491443,1,1000,1000,12.7547166666667,1.77800677695278,0.0397,20260709,1000
150,1,17,0,Inf,0.75,0,0.3,0,"fixed",7,0.2,0.3,0.1,"fixed_7",0.794,0.0127892142057282,0.794,0,1.13754860736976,0.000900530575873693,0.00900530575873693,0.0362960198068648,0.0362890425346907,0.953,0.140824549988125,1,1000,1000,12.7543666666667,1.77874832859593,0.0397266666666667,20260709,1000
20,2,17,0,Inf,0.75,0,0.3,0,"fixed",7,0.2,0.3,0.1,"fixed_7",0.236180904522613,0.0134649921996329,0.235,0.0126050420168067,2.10978151971659,0.00264466570893059,0.0264466570893059,0.0895339024359361,0.0895279695928642,0.931658291457286,0.34084243642302,0.995,995,1000,25.49685,2.46698662211141,0,20260709,1000
40,2,17,0,Inf,0.75,0,0.3,0,"fixed",7,0.2,0.3,0.1,"fixed_7",0.405405405405405,0.0155336137401866,0.405,0,1.54197092819859,0.00087933507102346,0.0087933507102346,0.0594267222936166,0.0594034803890883,0.934934934934935,0.234430325227615,0.999,999,1000,25.5008,2.49142565504921,0,20260709,1000
60,2,17,0,Inf,0.75,0,0.3,0,"fixed",7,0.2,0.3,0.1,"fixed_7",0.547,0.0157413785927409,0.547,0,1.31641177465988,-0.00155477911599626,-0.0155477911599626,0.0479154940406625,0.0479167612917561,0.948,0.18919639073106,1,1000,1000,25.5091,2.50664277720923,0,20260709,1000
90,2,17,0,Inf,0.75,0,0.3,0,"fixed",7,0.2,0.3,0.1,"fixed_7",0.728,0.0140718158032288,0.728,0,1.18355709707407,5.70205429545195e-05,0.000570205429545195,0.0407782621141254,0.0407579077692855,0.94,0.15391684168785,1,1000,1000,25.4960555555556,2.5211849256881,0,20260709,1000
120,2,17,0,Inf,0.75,0,0.3,0,"fixed",7,0.2,0.3,0.1,"fixed_7",0.825,0.0120156148406979,0.825,0,1.10074201614234,-0.000811527642056983,-0.00811527642056983,0.0349588084345387,0.0349507474310555,0.946,0.133290293775827,1,1000,1000,25.5058666666667,2.51306073821513,0,20260709,1000
150,2,17,0,Inf,0.75,0,0.3,0,"fixed",7,0.2,0.3,0.1,"fixed_7",0.909,0.00909499862561837,0.909,0,1.05665396212004,0.000167620233835916,0.00167620233835916,0.0310336699522101,0.0310186021376657,0.932,0.118446089781737,1,1000,1000,25.5011533333333,2.51830927693608,0,20260709,1000
20,3,17,0,Inf,0.75,0,0.3,0,"fixed",7,0.2,0.3,0.1,"fixed_7",0.24974924774323,0.013709061825059,0.249,0.004,1.8995132180791,2.13080423722561e-05,0.000213080423722561,0.0808648163461953,0.0808242549104484,0.948846539618857,0.32516575454122,0.997,997,1000,38.24835,3.08063155406954,0,20260709,1000
40,3,17,0,Inf,0.75,0,0.3,0,"fixed",7,0.2,0.3,0.1,"fixed_7",0.448,0.0157256478403912,0.448,0,1.47670457439433,-0.000352049176871261,-0.00352049176871261,0.0581102865205175,0.0580822910422797,0.934,0.218468471218731,1,1000,1000,38.2585,3.07367007913634,0,20260709,1000
60,3,17,0,Inf,0.75,0,0.3,0,"fixed",7,0.2,0.3,0.1,"fixed_7",0.621,0.0153414145371279,0.621,0,1.28575151511295,0.00128365884387323,0.0128365884387323,0.0458140763022168,0.0458091523373373,0.944,0.176341790427474,1,1000,1000,38.25245,3.07476537232367,0,20260709,1000
90,3,17,0,Inf,0.75,0,0.3,0,"fixed",7,0.2,0.3,0.1,"fixed_7",0.778,0.0131421459434904,0.778,0,1.1285442565254,-0.000560973191154321,-0.00560973191154321,0.0358516272839509,0.0358380877091624,0.948,0.144506278241641,1,1000,1000,38.2453,3.09394733259007,0,20260709,1000
120,3,17,0,Inf,0.75,0,0.3,0,"fixed",7,0.2,0.3,0.1,"fixed_7",0.886,0.0100500746265886,0.886,0,1.06719153161508,0.00036116899790116,0.0036116899790116,0.0309228579646082,0.030909502820325,0.955,0.12437276138206,1,1000,1000,38.2459666666667,3.0905936891568,0,20260709,1000
150,3,17,0,Inf,0.75,0,0.3,0,"fixed",7,0.2,0.3,0.1,"fixed_7",0.946,0.00714730718522718,0.946,0,1.03324573590232,0.00015160504824728,0.0015160504824728,0.0285198423698871,0.0285059820298312,0.954,0.111207635151018,1,1000,1000,38.2436,3.0859243264138,0,20260709,1000
20,4,17,0,Inf,0.75,0,0.3,0,"fixed",7,0.2,0.3,0.1,"fixed_7",0.291583166332665,0.0143866735625882,0.291,0.0068259385665529,1.91659482152142,0.0025127911274521,0.025127911274521,0.0814915254626592,0.0814894389746613,0.932865731462926,0.304482411091155,0.998,998,1000,51.0307,3.52345190093912,0,20260709,1000
40,4,17,0,Inf,0.75,0,0.3,0,"fixed",7,0.2,0.3,0.1,"fixed_7",0.502,0.0158112618092295,0.502,0,1.43765509674955,0.00419719561365843,0.0419719561365843,0.0535468982045147,0.0536844436316207,0.938,0.211949670247644,1,1000,1000,51.008025,3.53490146457913,0,20260709,1000
60,4,17,0,Inf,0.75,0,0.3,0,"fixed",7,0.2,0.3,0.1,"fixed_7",0.664,0.0149366662947259,0.664,0,1.26469991086431,0.00362882607875277,0.0362882607875277,0.0432306081599612,0.0433610997912652,0.95,0.170795512684921,1,1000,1000,50.99715,3.55358888091748,0,20260709,1000
90,4,17,0,Inf,0.75,0,0.3,0,"fixed",7,0.2,0.3,0.1,"fixed_7",0.804,0.0125532465920175,0.804,0,1.11798505684349,7.59262525454607e-05,0.000759262525454607,0.0353102449585275,0.0352926670914513,0.953,0.139416606932017,1,1000,1000,51.0015666666667,3.5659155488809,0,20260709,1000
120,4,17,0,Inf,0.75,0,0.3,0,"fixed",7,0.2,0.3,0.1,"fixed_7",0.89,0.00989444288477123,0.89,0,1.05237609269536,-0.00140137878184564,-0.0140137878184564,0.031561301879825,0.0315766293809726,0.951,0.120451278392218,1,1000,1000,50.9920416666667,3.57095867867962,0,20260709,1000
150,4,17,0,Inf,0.75,0,0.3,0,"fixed",7,0.2,0.3,0.1,"fixed_7",0.955,0.00655553201502365,0.955,0,1.00811905673434,-0.00174703662705106,-0.0174703662705106,0.0273020529535175,0.0273442650359715,0.952,0.106817405634314,1,1000,1000,50.9979933333333,3.55573142126178,0,20260709,1000
20,5,17,0,Inf,0.75,0,0.3,0,"fixed",7,0.2,0.3,0.1,"fixed_7",0.285,0.0142749781085647,0.285,0.0034965034965035,1.82866658964432,0.00246472650626441,0.0246472650626441,0.0781220421247244,0.0781218617867123,0.941,0.305242471780171,1,1000,1000,63.71755,3.93657640266899,0,20260709,1000
40,5,17,0,Inf,0.75,0,0.3,0,"fixed",7,0.2,0.3,0.1,"fixed_7",0.5,0.0158113883008419,0.5,0,1.41551520541616,0.000863587582638284,0.00863587582638284,0.0549322381543874,0.054911556355421,0.936,0.207408046976277,1,1000,1000,63.7513,3.96319880556127,0,20260709,1000
60,5,17,0,Inf,0.75,0,0.3,0,"fixed",7,0.2,0.3,0.1,"fixed_7",0.653,0.0150529399121899,0.653,0,1.23736471538061,0.000108705328564315,0.00108705328564315,0.0434524189485902,0.043430823347247,0.939,0.167224733206434,1,1000,1000,63.7441333333333,3.97028496789477,0,20260709,1000
90,5,17,0,Inf,0.75,0,0.3,0,"fixed",7,0.2,0.3,0.1,"fixed_7",0.825,0.0120156148406979,0.825,0,1.10834057337844,0.000484366716639456,0.00484366716639456,0.0342131981365424,0.0341995174661831,0.955,0.136185240125467,1,1000,1000,63.7446222222222,3.97309690652341,0,20260709,1000
120,5,17,0,Inf,0.75,0,0.3,0,"fixed",7,0.2,0.3,0.1,"fixed_7",0.905,0.00927227048785787,0.905,0,1.03666652691484,-0.00174513276989044,-0.0174513276989044,0.029669094186828,0.0297055614843678,0.946,0.117790197180369,1,1000,1000,63.7642583333333,3.98839696011723,0,20260709,1000
150,5,17,0,Inf,0.75,0,0.3,0,"fixed",7,0.2,0.3,0.1,"fixed_7",0.959,0.00627048642451286,0.959,0,1.02561447004452,0.000214571197765648,0.00214571197765648,0.026279017422243,0.0262667510499639,0.946,0.105071160121754,1,1000,1000,63.7418466666667,3.98543978872477,0,20260709,1000
20,6,17,0,Inf,0.75,0,0.3,0,"fixed",7,0.2,0.3,0.1,"fixed_7",0.301,0.0145051370210695,0.301,0.0033112582781457,1.79814263608447,-7.47954959067626e-05,-0.000747954959067626,0.0776462197534956,0.0776074229757202,0.929,0.291823389557061,1,1000,1000,76.5297,4.3121350657834,0,20260709,1000
40,6,17,0,Inf,0.75,0,0.3,0,"fixed",7,0.2,0.3,0.1,"fixed_7",0.494,0.0158102498398982,0.494,0,1.39260726232945,1.79605735094179e-06,1.79605735094179e-05,0.0516527150522253,0.0516268822661211,0.948,0.203106686595961,1,1000,1000,76.49115,4.34301847971276,0,20260709,1000
60,6,17,0,Inf,0.75,0,0.3,0,"fixed",7,0.2,0.3,0.1,"fixed_7",0.66,0.0149799866488592,0.66,0,1.24126572533633,0.00103232638673861,0.0103232638673861,0.0431899071837238,0.0431806485850421,0.944,0.165652096487527,1,1000,1000,76.5005166666667,4.33619957497276,0,20260709,1000
90,6,17,0,Inf,0.75,0,0.3,0,"fixed",7,0.2,0.3,0.1,"fixed_7",0.829,0.0119062588582644,0.829,0,1.09845354918185,-0.000323976149392349,-0.00323976149392349,0.0339971988252314,0.0339817403759685,0.942,0.13502659827594,1,1000,1000,76.4930111111111,4.33393640888157,0,20260709,1000
120,6,17,0,Inf,0.75,0,0.3,0,"fixed",7,0.2,0.3,0.1,"fixed_7",0.925,0.00832916562447884,0.925,0,1.04844922403677,0.000373858223000914,0.00373858223000914,0.0287406864486533,0.0287287451945463,0.952,0.116123936016316,1,1000,1000,76.5001083333333,4.35227802414732,0,20260709,1000
150,6,17,0,Inf,0.75,0,0.3,0,"fixed",7,0.2,0.3,0.1,"fixed_7",0.957,0.00641490451994416,0.957,0,1.02069356955171,-0.000480684455143682,-0.00480684455143682,0.0278635391453463,0.0278537518915488,0.938,0.103733327645427,1,1000,1000,76.4969266666667,4.36074340468153,0,20260709,1000
20,7,17,0,Inf,0.75,0,0.3,0,"fixed",7,0.2,0.3,0.1,"fixed_7",0.32,0.0147512711316686,0.32,0,1.77651646117839,0.00195672980259763,0.0195672980259763,0.0757397379143009,0.0757271429736263,0.948,0.296950175850447,1,1000,1000,89.29075,4.70495082593089,0,20260709,1000
40,7,17,0,Inf,0.75,0,0.3,0,"fixed",7,0.2,0.3,0.1,"fixed_7",0.492,0.0158093643135959,0.492,0,1.36428280772569,-0.000751750405425314,-0.00751750405425314,0.0491928050189619,0.0491739490201878,0.959,0.201878021967053,1,1000,1000,89.2796,4.72176859059932,0,20260709,1000
60,7,17,0,Inf,0.75,0,0.3,0,"fixed",7,0.2,0.3,0.1,"fixed_7",0.691,0.0146122893483533,0.691,0,1.22102767554389,0.00130020590772065,0.0130020590772065,0.0418347345511973,0.0418340221035061,0.951,0.163541887953804,1,1000,1000,89.28345,4.6910562348934,0,20260709,1000
90,7,17,0,Inf,0.75,0,0.3,0,"fixed",7,0.2,0.3,0.1,"fixed_7",0.842,0.0115341232870123,0.842,0,1.11440211281293,0.00190903914206175,0.0190903914206175,0.0337233316934013,0.0337604838213049,0.949,0.133308699997897,1,1000,1000,89.2575666666667,4.70417774305895,0,20260709,1000
120,7,17,0,Inf,0.75,0,0.3,0,"fixed",7,0.2,0.3,0.1,"fixed_7",0.924,0.00837997613361756,0.924,0,1.05644329718885,0.00113079348319518,0.0113079348319518,0.0304634742874691,0.0304692293354995,0.944,0.11530955486224,1,1000,1000,89.2357333333333,4.722317289619,0,20260709,1000
150,7,17,0,Inf,0.75,0,0.3,0,"fixed",7,0.2,0.3,0.1,"fixed_7",0.972,0.0052168956286282,0.972,0,1.00917520444522,-0.00067330563776713,-0.0067330563776713,0.02638928765785,0.026384682091462,0.951,0.102503135230642,1,1000,1000,89.2270866666667,4.72135931226887,0,20260709,1000
20,8,17,0,Inf,0.75,0,0.3,0,"fixed",7,0.2,0.3,0.1,"fixed_7",0.298,0.0144636095080032,0.298,0,1.79936655719833,-0.00097424789089777,-0.0097424789089777,0.077879170207035,0.077846317484754,0.931,0.293684604021245,1,1000,1000,102.0711,4.945106069298,0,20260709,1000
40,8,17,0,Inf,0.75,0,0.3,0,"fixed",7,0.2,0.3,0.1,"fixed_7",0.491,0.0158088266484265,0.491,0,1.38478392992175,-0.000672362506166813,-0.00672362506166813,0.0512209171432013,0.0511997152528938,0.949,0.20137296302178,1,1000,1000,101.987425,5.01131406132793,0,20260709,1000
60,8,17,0,Inf,0.75,0,0.3,0,"fixed",7,0.2,0.3,0.1,"fixed_7",0.697,0.0145324120503102,0.697,0,1.23072720072103,0.00323877770494953,0.0323877770494953,0.0417253100983884,0.0418300153278235,0.956,0.162467464364686,1,1000,1000,101.994333333333,5.04122599878741,0,20260709,1000
90,8,17,0,Inf,0.75,0,0.3,0,"fixed",7,0.2,0.3,0.1,"fixed_7",0.82,0.01214907403879,0.82,0,1.09908859497568,-0.000795677224962335,-0.00795677224962335,0.0338965875017776,0.033888977085001,0.95,0.132301330655971,1,1000,1000,102.017833333333,5.01571817469608,0,20260709,1000
120,8,17,0,Inf,0.75,0,0.3,0,"fixed",7,0.2,0.3,0.1,"fixed_7",0.927,0.00822623850857729,0.927,0,1.03825087252779,-0.000361917042887544,-0.00361917042887544,0.028981670199342,0.0289694365544417,0.954,0.114237043657822,1,1000,1000,102.004675,5.06616930077859,0,20260709,1000
150,8,17,0,Inf,0.75,0,0.3,0,"fixed",7,0.2,0.3,0.1,"fixed_7",0.979,0.00453420334788814,0.979,0,1.02727190542088,0.00153903784255742,0.0153903784255742,0.0251793756789193,0.0252137977326184,0.962,0.101605228566631,1,1000,1000,102.002286666667,5.03824164046876,0,20260709,1000
20,1,24,0,Inf,0.75,0,0.3,0,"fixed",7,0.2,0.3,0.1,"fixed_7",0.206185567010309,0.0129898088113573,0.2,0.0147783251231527,2.23573268516629,0.0016891021740108,0.016891021740108,0.0969189579035464,0.0968837120929621,0.936082474226804,0.373495741361924,0.97,970,1000,17.9937,2.09471016147189,0,20260709,1000
40,1,24,0,Inf,0.75,0,0.3,0,"fixed",7,0.2,0.3,0.1,"fixed_7",0.349047141424273,0.01509625533911,0.348,0,1.67245397725456,0.000500413462028004,0.00500413462028004,0.0657699252734643,0.0657388377212593,0.939819458375125,0.251901008431833,0.997,997,1000,18.010125,2.1098359350691,0.000175,20260709,1000
60,1,24,0,Inf,0.75,0,0.3,0,"fixed",7,0.2,0.3,0.1,"fixed_7",0.507,0.0158098387088547,0.507,0,1.38462852063229,-0.000704345150981431,-0.00704345150981431,0.051545746890439,0.0515247820040262,0.949,0.203513981118381,1,1000,1000,17.9875333333333,2.12083258470743,1e-04,20260709,1000
90,1,24,0,Inf,0.75,0,0.3,0,"fixed",7,0.2,0.3,0.1,"fixed_7",0.659,0.0149906304070242,0.659,0,1.23200024807619,-4.41215683861379e-05,-0.000441215683861379,0.0417957952406302,0.0417749154159489,0.952,0.166240536735723,1,1000,1000,18.0039,2.12780086346038,0.000177777777777778,20260709,1000
120,1,24,0,Inf,0.75,0,0.3,0,"fixed",7,0.2,0.3,0.1,"fixed_7",0.788,0.0129250145067617,0.788,0,1.13489490550637,0.00049109410763927,0.0049109410763927,0.0355847156006852,0.0355703090486972,0.949,0.142947582302589,1,1000,1000,17.9956166666667,2.11428307913601,9.99999999999998e-05,20260709,1000
150,1,24,0,Inf,0.75,0,0.3,0,"fixed",7,0.2,0.3,0.1,"fixed_7",0.859,0.0110054077616415,0.859,0,1.07023475680608,-0.00125117179674399,-0.0125117179674399,0.0318184347093341,0.0318271237379341,0.956,0.127942871155593,1,1000,1000,17.9922133333333,2.11565292675889,8.66666666666667e-05,20260709,1000
20,2,24,0,Inf,0.75,0,0.3,0,"fixed",7,0.2,0.3,0.1,"fixed_7",0.256256256256256,0.0138123049181857,0.256,0.00775193798449612,1.93679265368605,0.000112220216223147,0.00112220216223147,0.0822301247751951,0.0821890348643818,0.935935935935936,0.320154946165858,0.999,999,1000,35.96735,2.97545610243456,0,20260709,1000
40,2,24,0,Inf,0.75,0,0.3,0,"fixed",7,0.2,0.3,0.1,"fixed_7",0.441,0.0157009235397157,0.441,0,1.46544171242364,-0.00143421700560763,-0.0143421700560763,0.0565275580433526,0.0565174878417772,0.935,0.220221114182004,1,1000,1000,35.98115,3.00245993283346,0,20260709,1000
60,2,24,0,Inf,0.75,0,0.3,0,"fixed",7,0.2,0.3,0.1,"fixed_7",0.596,0.0155172162451904,0.596,0,1.28414845171931,-0.000777005206679018,-0.00777005206679018,0.0467700970629804,0.0467531632554689,0.941,0.179572030286179,1,1000,1000,36.0052,2.99173176762138,0,20260709,1000
90,2,24,0,Inf,0.75,0,0.3,0,"fixed",7,0.2,0.3,0.1,"fixed_7",0.734,0.0139729739139526,0.734,0,1.12159248792535,-0.00400417063709098,-0.0400417063709098,0.0380359790789796,0.0382272461901589,0.937,0.144916771617042,1,1000,1000,36.0099777777778,2.9963411153065,0,20260709,1000
120,2,24,0,Inf,0.75,0,0.3,0,"fixed",7,0.2,0.3,0.1,"fixed_7",0.873,0.0105295299040366,0.873,0,1.07049382844683,-0.000636980403011786,-0.00636980403011786,0.0327192117173657,0.0327090509282096,0.94,0.125511700706223,1,1000,1000,36.013725,2.99062109148854,0,20260709,1000
150,2,24,0,Inf,0.75,0,0.3,0,"fixed",7,0.2,0.3,0.1,"fixed_7",0.952,0.00675988165576884,0.952,0,1.04238181089873,0.00150996778191918,0.0150996778191918,0.0270798696689208,0.0271084124331707,0.958,0.112283055527858,1,1000,1000,35.9869066666667,2.99341076756009,0,20260709,1000
20,3,24,0,Inf,0.75,0,0.3,0,"fixed",7,0.2,0.3,0.1,"fixed_7",0.256,0.0138008695378226,0.256,0.0115830115830116,1.89166119370828,-0.00198900823452622,-0.0198900823452622,0.0818682824729955,0.0818515083132872,0.936,0.309046253396943,1,1000,1000,53.9725,3.62316265591358,0,20260709,1000
40,3,24,0,Inf,0.75,0,0.3,0,"fixed",7,0.2,0.3,0.1,"fixed_7",0.448,0.0157256478403912,0.448,0,1.40948035573786,-0.00123353236059162,-0.0123353236059162,0.0522079442385476,0.0521964115074812,0.952,0.212567760423798,1,1000,1000,53.989875,3.66501830425672,0,20260709,1000
60,3,24,0,Inf,0.75,0,0.3,0,"fixed",7,0.2,0.3,0.1,"fixed_7",0.647,0.0151126106282138,0.647,0,1.25547396716451,0.00118798387864197,0.0118798387864197,0.043909196302177,0.0439033120399717,0.94,0.170959912922311,1,1000,1000,54.0103,3.65700692960923,0,20260709,1000
90,3,24,0,Inf,0.75,0,0.3,0,"fixed",7,0.2,0.3,0.1,"fixed_7",0.786,0.0129693484801666,0.786,0,1.13571849903326,0.000121174403490409,0.00121174403490409,0.0372663885524694,0.0372479477993612,0.935,0.138811218445474,1,1000,1000,54.0202444444444,3.68596406501238,0,20260709,1000
120,3,24,0,Inf,0.75,0,0.3,0,"fixed",7,0.2,0.3,0.1,"fixed_7",0.895,0.00969407035254026,0.895,0,1.05835477704598,-0.000340156411897705,-0.00340156411897705,0.030823958488998,0.0308104204271719,0.95,0.119886678753826,1,1000,1000,54.0062333333333,3.67646309843353,0,20260709,1000
150,3,24,0,Inf,0.75,0,0.3,0,"fixed",7,0.2,0.3,0.1,"fixed_7",0.954,0.00662449998113065,0.954,0,1.03702658455347,0.000939782605605274,0.00939782605605274,0.0273302870458083,0.0273327795286552,0.953,0.106581698390518,1,1000,1000,53.99786,3.65803413839851,0,20260709,1000
20,4,24,0,Inf,0.75,0,0.3,0,"fixed",7,0.2,0.3,0.1,"fixed_7",0.296,0.0144355117678591,0.296,0.00671140939597315,1.84708369749718,0.0022158569062794,0.022158569062794,0.0795824029814433,0.0795734599427826,0.934,0.300323883152174,1,1000,1000,72.0106,4.20126617948424,0,20260709,1000
40,4,24,0,Inf,0.75,0,0.3,0,"fixed",7,0.2,0.3,0.1,"fixed_7",0.5,0.0158113883008419,0.5,0,1.41866352305736,0.000503261406559222,0.00503261406559222,0.0545696144544475,0.0545446445668928,0.94,0.20697660443055,1,1000,1000,71.9874,4.22456104883229,0,20260709,1000
60,4,24,0,Inf,0.75,0,0.3,0,"fixed",7,0.2,0.3,0.1,"fixed_7",0.68,0.0147512711316686,0.68,0,1.24616657523872,0.0028428842257176,0.028428842257176,0.0431486590429137,0.0432206774720764,0.937,0.166211366828062,1,1000,1000,71.9878666666667,4.20786590644469,0,20260709,1000
90,4,24,0,Inf,0.75,0,0.3,0,"fixed",7,0.2,0.3,0.1,"fixed_7",0.806,0.0125045591685593,0.806,0,1.11058809345245,-0.000518457928463209,-0.00518457928463209,0.0346727982771338,0.0346593354819453,0.961,0.134418625969382,1,1000,1000,72.0039666666667,4.23502570141508,0,20260709,1000
120,4,24,0,Inf,0.75,0,0.3,0,"fixed",7,0.2,0.3,0.1,"fixed_7",0.914,0.00886588969026797,0.914,0,1.03538559709218,-0.00143945766745822,-0.0143945766745822,0.0296246419906981,0.0296447943497734,0.95,0.116654213940768,1,1000,1000,72.0117333333333,4.24152022351533,0,20260709,1000
150,4,24,0,Inf,0.75,0,0.3,0,"fixed",7,0.2,0.3,0.1,"fixed_7",0.953,0.00669260786241059,0.953,0,1.02790419038166,-0.000101540353402638,-0.00101540353402638,0.027207290885583,0.027193873411097,0.938,0.104400206699537,1,1000,1000,72.0239333333333,4.22324036083918,0,20260709,1000
20,5,24,0,Inf,0.75,0,0.3,0,"fixed",7,0.2,0.3,0.1,"fixed_7",0.275275275275275,0.0141314718481123,0.275,0.0072202166064982,1.82406278090301,-0.00450094322501916,-0.0450094322501916,0.0793850449990283,0.0794728605610082,0.930930930930931,0.295891867272561,0.999,999,1000,89.9453,4.69408279866823,0,20260709,1000
40,5,24,0,Inf,0.75,0,0.3,0,"fixed",7,0.2,0.3,0.1,"fixed_7",0.512,0.0158068339650924,0.512,0,1.38112629872327,-0.000407415485851992,-0.00407415485851992,0.0518906028836618,0.0518662512655423,0.947,0.201936776578701,1,1000,1000,90.0036,4.72811316708818,0,20260709,1000
60,5,24,0,Inf,0.75,0,0.3,0,"fixed",7,0.2,0.3,0.1,"fixed_7",0.668,0.0148921455808087,0.668,0,1.23395318760034,0.00188437142571708,0.0188437142571708,0.041774685612628,0.0417962927703634,0.943,0.163937953899993,1,1000,1000,90.0171666666667,4.71541166287623,0,20260709,1000
90,5,24,0,Inf,0.75,0,0.3,0,"fixed",7,0.2,0.3,0.1,"fixed_7",0.838,0.0116514376795312,0.838,0,1.10281678832672,0.000532982698174825,0.00532982698174825,0.0338953793660643,0.0338826196771088,0.957,0.132725239318354,1,1000,1000,89.9912555555556,4.74801466772412,0,20260709,1000
120,5,24,0,Inf,0.75,0,0.3,0,"fixed",7,0.2,0.3,0.1,"fixed_7",0.925,0.00832916562447884,0.925,0,1.05559580949215,0.00115043283410099,0.0115043283410099,0.0291170712445997,0.0291252387068503,0.955,0.1152191598021,1,1000,1000,89.9817416666667,4.75561226037885,0,20260709,1000
150,5,24,0,Inf,0.75,0,0.3,0,"fixed",7,0.2,0.3,0.1,"fixed_7",0.968,0.00556560868189635,0.968,0,1.0152080806133,-0.000302342539871547,-0.00302342539871547,0.025056348095622,0.025045641743036,0.963,0.102812752419612,1,1000,1000,90.00568,4.74867623911873,0,20260709,1000
20,6,24,0,Inf,0.75,0,0.3,0,"fixed",7,0.2,0.3,0.1,"fixed_7",0.301,0.0145051370210695,0.301,0.0033112582781457,1.76860305869536,-0.0010591308287875,-0.010591308287875,0.0761897368318409,0.0761589973714148,0.93,0.290609270037374,1,1000,1000,107.9439,5.12645485656946,0,20260709,1000
40,6,24,0,Inf,0.75,0,0.3,0,"fixed",7,0.2,0.3,0.1,"fixed_7",0.489,0.0158075614817719,0.489,0,1.42039976146556,0.00122820196982765,0.0122820196982765,0.0516972857178999,0.0516860253968737,0.947,0.200453245166527,1,1000,1000,108.01595,5.16067483610584,0,20260709,1000
60,6,24,0,Inf,0.75,0,0.3,0,"fixed",7,0.2,0.3,0.1,"fixed_7",0.669,0.0148808265899445,0.669,0,1.20928370259681,-0.000832832683051024,-0.00832832683051024,0.0425389036834313,0.0425257848668265,0.929,0.162675389945225,1,1000,1000,108.002866666667,5.16196626371257,0,20260709,1000
90,6,24,0,Inf,0.75,0,0.3,0,"fixed",7,0.2,0.3,0.1,"fixed_7",0.843,0.0115043904662524,0.843,0,1.08928210744246,-0.000484586667635095,-0.00484586667635095,0.0337675230039968,0.0337541136523251,0.958,0.132632153190001,1,1000,1000,107.980588888889,5.14616764569969,0,20260709,1000
120,6,24,0,Inf,0.75,0,0.3,0,"fixed",7,0.2,0.3,0.1,"fixed_7",0.933,0.00790638982089803,0.933,0,1.04563150525222,0.000703405502886625,0.00703405502886625,0.0286895774175448,0.028683855038094,0.958,0.114137998497115,1,1000,1000,108.009083333333,5.19303530342084,0,20260709,1000
150,6,24,0,Inf,0.75,0,0.3,0,"fixed",7,0.2,0.3,0.1,"fixed_7",0.963,0.00596917079668525,0.963,0,1.0081716348589,-0.00133396333223386,-0.0133396333223386,0.0257209005844542,0.0257426226387337,0.949,0.101740241891042,1,1000,1000,107.998213333333,5.19055803979433,0,20260709,1000
20,7,24,0,Inf,0.75,0,0.3,0,"fixed",7,0.2,0.3,0.1,"fixed_7",0.288,0.0143197765345692,0.288,0,1.80371605643011,-0.00158907807888725,-0.0158907807888725,0.0754360409502359,0.0754150571644166,0.935,0.28890477079319,1,1000,1000,125.9931,5.52508455171441,0,20260709,1000
40,7,24,0,Inf,0.75,0,0.3,0,"fixed",7,0.2,0.3,0.1,"fixed_7",0.541,0.0157581407532742,0.541,0,1.41919662481347,0.00497704120893276,0.0497704120893276,0.0537164814232386,0.0539198094888331,0.93,0.200311396613696,1,1000,1000,125.9547,5.59235451816113,0,20260709,1000
60,7,24,0,Inf,0.75,0,0.3,0,"fixed",7,0.2,0.3,0.1,"fixed_7",0.666,0.0149145566477854,0.666,0,1.22130240847047,0.000252379061551455,0.00252379061551455,0.0415741316918919,0.0415541058464689,0.945,0.161802193298529,1,1000,1000,126.022366666667,5.57753771612436,0,20260709,1000
90,7,24,0,Inf,0.75,0,0.3,0,"fixed",7,0.2,0.3,0.1,"fixed_7",0.835,0.0117377595817941,0.835,0,1.09903365174072,-6.46683709844553e-05,-0.000646683709844553,0.0338634264503617,0.0338465522809385,0.952,0.131492174866505,1,1000,1000,125.992377777778,5.60349797368714,0,20260709,1000
120,7,24,0,Inf,0.75,0,0.3,0,"fixed",7,0.2,0.3,0.1,"fixed_7",0.938,0.00762600813007697,0.938,0,1.04141502912943,0.000459767623368051,0.00459767623368051,0.0287906130994183,0.0287798868918078,0.948,0.113568338278355,1,1000,1000,126.007966666667,5.58594823524472,0,20260709,1000
150,7,24,0,Inf,0.75,0,0.3,0,"fixed",7,0.2,0.3,0.1,"fixed_7",0.968,0.00556560868189635,0.968,0,1.01172785463537,-0.000690612891460426,-0.00690612891460426,0.0256072343117518,0.0256037431797329,0.954,0.101256919514888,1,1000,1000,126.001726666667,5.60864987161117,0,20260709,1000
20,8,24,0,Inf,0.75,0,0.3,0,"fixed",7,0.2,0.3,0.1,"fixed_7",0.271,0.014055568291606,0.271,0.00367647058823529,1.74806632424065,-0.00488015926542809,-0.0488015926542809,0.073117127688537,0.0732433218902335,0.937,0.285521114597044,1,1000,1000,144.0887,5.91406976121336,0,20260709,1000
40,8,24,0,Inf,0.75,0,0.3,0,"fixed",7,0.2,0.3,0.1,"fixed_7",0.525,0.0157916116973538,0.525,0,1.37097705251008,0.00102545743680035,0.0102545743680035,0.0494396402021592,0.0494255531911412,0.944,0.197537285597563,1,1000,1000,143.978325,5.96432093539181,0,20260709,1000
60,8,24,0,Inf,0.75,0,0.3,0,"fixed",7,0.2,0.3,0.1,"fixed_7",0.696,0.0145459272650457,0.696,0,1.21324248162692,0.0012512918604691,0.012512918604691,0.0414303628257594,0.0414285435446416,0.942,0.160820224326329,1,1000,1000,143.984233333333,5.96763993571147,0,20260709,1000
90,8,24,0,Inf,0.75,0,0.3,0,"fixed",7,0.2,0.3,0.1,"fixed_7",0.849,0.0113224997240009,0.849,0,1.09294145821501,-4.540754356816e-05,-0.0004540754356816,0.0342314047381405,0.0342143148860393,0.937,0.130360140293172,1,1000,1000,143.986144444444,5.99241545925035,0,20260709,1000
120,8,24,0,Inf,0.75,0,0.3,0,"fixed",7,0.2,0.3,0.1,"fixed_7",0.926,0.00827792244467173,0.926,0,1.04129304410699,-0.000217951170439504,-0.00217951170439504,0.0294277600109694,0.0294138499506039,0.932,0.111963845450958,1,1000,1000,144.0192,5.9973890935462,0,20260709,1000
150,8,24,0,Inf,0.75,0,0.3,0,"fixed",7,0.2,0.3,0.1,"fixed_7",0.98,0.00442718872423573,0.98,0,1.02230290300909,0.00104078690666891,0.0104078690666891,0.0242659789012648,0.0242761638586018,0.963,0.100014959967898,1,1000,1000,144.01668,5.99807441820568,0,20260709,1000
